customerID,tenure,Contract,MonthlyCharges,TotalCharges,Final_Churn_Probability,Final_Risk_Level,Expected_Remaining_Months,Estimated_LTV,LTV_Value_Segment,Customer_Segment
4376-KFVRS,72,Two year,114.05,8468.2,4.21,Low,22.9896,2621.96,High Value,High Value - Low/Medium Risk
2754-SDJRD,8,Month-to-month,100.15,908.55,76.86,High,5.553600000000001,556.19,Low Value,Low/Medium Value - High Risk
9917-KWRBE,41,One year,78.35,3211.2,4.69,Low,22.874399999999998,1792.21,High Value,High Value - Low/Medium Risk
0365-GXEZS,18,Month-to-month,78.2,1468.75,33.19,Medium,16.0344,1253.89,Medium Value,Low/Medium Value - Low/Medium Risk
9385-NXKDA,72,Two year,82.65,5919.35,2.07,Low,23.5032,1942.54,High Value,High Value - Low/Medium Risk
4686-UXDML,21,Month-to-month,99.85,1992.55,52.14,Medium,11.4864,1146.92,Medium Value,Low/Medium Value - Low/Medium Risk
2227-JRSJX,21,Month-to-month,99.15,1956.4,36.18,Medium,15.3168,1518.66,High Value,High Value - Low/Medium Risk
4830-FAXFM,19,Month-to-month,24.1,439.2,10.91,Low,21.3816,515.3,Low Value,Low/Medium Value - Low/Medium Risk
1830-IPXVJ,61,Two year,19.75,1311.6,0.51,Low,23.8776,471.58,Low Value,Low/Medium Value - Low/Medium Risk
4690-LLKUA,17,Month-to-month,45.05,770.6,33.25,Medium,16.02,721.7,Medium Value,Low/Medium Value - Low/Medium Risk
5804-HYIEZ,70,Month-to-month,106.05,7554.05,29.26,Low,16.977600000000002,1800.47,High Value,High Value - Low/Medium Risk
2388-LAESQ,72,Two year,114.85,8317.95,5.82,Low,22.6032,2595.98,High Value,High Value - Low/Medium Risk
5533-RJFTJ,49,Month-to-month,30.2,1453.1,19.25,Low,19.38,585.28,Low Value,Low/Medium Value - Low/Medium Risk
4706-AXVKM,11,Month-to-month,84.8,906.85,71.56,High,6.8256,578.81,Low Value,Low/Medium Value - High Risk
0997-YTLNY,19,Month-to-month,48.8,953.65,10.21,Low,21.5496,1051.62,Medium Value,Low/Medium Value - Low/Medium Risk
7971-HLVXI,72,Two year,84.5,6130.85,5.72,Low,22.6272,1912.0,High Value,High Value - Low/Medium Risk
7337-CINUD,8,Two year,19.5,159.35,3.14,Low,23.2464,453.3,Low Value,Low/Medium Value - Low/Medium Risk
1379-FRVEB,15,Month-to-month,91.0,1430.05,56.48,Medium,10.4448,950.48,Medium Value,Low/Medium Value - Low/Medium Risk
4753-PADAS,67,One year,105.7,6816.95,21.26,Low,18.8976,1997.48,High Value,High Value - Low/Medium Risk
5701-GUXDC,26,One year,35.4,978.6,8.89,Low,21.8664,774.07,Medium Value,Low/Medium Value - Low/Medium Risk
7235-NXZCP,2,Month-to-month,74.85,156.4,75.77,High,5.815200000000002,435.27,Low Value,Low/Medium Value - High Risk
0668-OGMHD,21,Month-to-month,28.5,629.35,19.93,Low,19.2168,547.68,Low Value,Low/Medium Value - Low/Medium Risk
2812-REYAT,49,One year,20.05,923.1,3.13,Low,23.2488,466.14,Low Value,Low/Medium Value - Low/Medium Risk
8779-YIQQA,21,One year,19.8,350.1,2.82,Low,23.3232,461.8,Low Value,Low/Medium Value - Low/Medium Risk
9701-CDXHR,51,Month-to-month,69.15,3649.6,23.99,Low,18.2424,1261.46,Medium Value,Low/Medium Value - Low/Medium Risk
7130-CTCUS,16,Month-to-month,54.55,825.1,17.4,Low,19.824,1081.4,Medium Value,Low/Medium Value - Low/Medium Risk
1894-IGFSG,22,Month-to-month,89.25,1907.85,47.74,Medium,12.542399999999999,1119.41,Medium Value,Low/Medium Value - Low/Medium Risk
0871-URUWO,13,Month-to-month,102.25,1359.0,70.0,High,7.200000000000001,736.2,Medium Value,Low/Medium Value - High Risk
0057-QBUQH,43,Two year,25.1,1070.15,1.77,Low,23.5752,591.74,Low Value,Low/Medium Value - Low/Medium Risk
9611-CTWIH,3,Month-to-month,89.45,240.45,79.81,High,4.845599999999999,433.44,Low Value,Low/Medium Value - High Risk
8058-DMYRU,54,Month-to-month,90.05,4931.8,48.05,Medium,12.468000000000002,1122.74,Medium Value,Low/Medium Value - Low/Medium Risk
5351-QESIO,1,Month-to-month,24.2,24.2,41.74,Medium,13.9824,338.37,Low Value,Low/Medium Value - Low/Medium Risk
4302-ZYFEL,69,One year,20.55,1403.1,1.09,Low,23.7384,487.82,Low Value,Low/Medium Value - Low/Medium Risk
6134-KWTBV,62,Two year,23.4,1429.65,0.86,Low,23.793599999999998,556.77,Low Value,Low/Medium Value - Low/Medium Risk
2034-GDRCN,2,Month-to-month,90.4,168.2,80.15,High,4.763999999999998,430.67,Low Value,Low/Medium Value - High Risk
9544-PYPSJ,62,Month-to-month,96.1,6019.35,27.13,Low,17.4888,1680.67,High Value,High Value - Low/Medium Risk
4208-UFFGW,2,Month-to-month,44.95,85.15,39.98,Medium,14.404800000000002,647.5,Medium Value,Low/Medium Value - Low/Medium Risk
9537-JALFH,69,Two year,19.9,1356.7,0.37,Low,23.9112,475.83,Low Value,Low/Medium Value - Low/Medium Risk
4415-IJZTP,1,Month-to-month,74.5,74.5,79.02,High,5.0352,375.12,Low Value,Low/Medium Value - High Risk
4701-MLJPN,31,Month-to-month,55.25,1715.65,17.34,Low,19.8384,1096.07,Medium Value,Low/Medium Value - Low/Medium Risk
7515-LODFU,69,Two year,20.3,1356.3,0.5,Low,23.88,484.76,Low Value,Low/Medium Value - Low/Medium Risk
4927-WWOOZ,2,Month-to-month,91.45,171.45,81.83,High,4.360799999999999,398.8,Low Value,Low/Medium Value - High Risk
4067-HLYQI,33,Month-to-month,70.4,2406.1,31.61,Medium,16.4136,1155.52,Medium Value,Low/Medium Value - Low/Medium Risk
6184-DYUOB,3,Month-to-month,19.6,55.25,24.97,Low,18.007199999999997,352.94,Low Value,Low/Medium Value - Low/Medium Risk
9209-NWPGU,44,One year,65.4,2774.55,3.38,Low,23.1888,1516.55,High Value,High Value - Low/Medium Risk
9851-KIELU,10,Month-to-month,110.1,1043.3,60.45,High,9.491999999999999,1045.07,Medium Value,Low/Medium Value - High Risk
3199-XGZCY,8,Month-to-month,75.25,576.7,73.7,High,6.312,474.98,Low Value,Low/Medium Value - High Risk
4226-KKDON,8,Month-to-month,66.65,520.95,38.71,Medium,14.7096,980.39,Medium Value,Low/Medium Value - Low/Medium Risk
1085-LDWAM,69,One year,20.35,1442.65,1.08,Low,23.7408,483.13,Low Value,Low/Medium Value - Low/Medium Risk
6825-UYPFK,23,Month-to-month,75.6,1758.6,34.09,Medium,15.8184,1195.87,Medium Value,Low/Medium Value - Low/Medium Risk
1767-CJKBA,66,Two year,25.1,1697.7,0.74,Low,23.822400000000002,597.94,Medium Value,Low/Medium Value - Low/Medium Risk
7181-BQYBV,1,Month-to-month,102.45,102.45,81.68,High,4.396799999999998,450.45,Low Value,Low/Medium Value - High Risk
0178-CIIKR,3,Month-to-month,19.95,58.0,17.98,Low,19.684800000000003,392.71,Low Value,Low/Medium Value - Low/Medium Risk
4256-ZWTZI,5,Month-to-month,51.0,286.8,28.65,Low,17.124000000000002,873.32,Medium Value,Low/Medium Value - Low/Medium Risk
9537-VHDTA,1,Month-to-month,51.2,51.2,23.49,Low,18.3624,940.15,Medium Value,Low/Medium Value - Low/Medium Risk
2754-XBHTB,9,Month-to-month,77.65,714.15,64.15,High,8.604,668.1,Medium Value,Low/Medium Value - High Risk
5975-BAICR,36,One year,63.7,2188.5,5.48,Low,22.684800000000003,1445.02,High Value,High Value - Low/Medium Risk
3301-VKTGC,68,One year,85.5,5696.6,6.13,Low,22.5288,1926.21,High Value,High Value - Low/Medium Risk
2877-VDUER,35,One year,40.9,1383.6,7.29,Low,22.2504,910.04,Medium Value,Low/Medium Value - Low/Medium Risk
7717-BICXI,60,Two year,20.55,1205.05,0.57,Low,23.8632,490.39,Low Value,Low/Medium Value - Low/Medium Risk
0562-FGDCR,72,Two year,74.55,5430.65,0.67,Low,23.839199999999998,1777.21,High Value,High Value - Low/Medium Risk
3705-PSNGL,45,One year,20.4,930.45,2.99,Low,23.2824,474.96,Low Value,Low/Medium Value - Low/Medium Risk
0048-LUMLS,37,One year,91.2,3247.55,14.79,Low,20.4504,1865.08,High Value,High Value - Low/Medium Risk
6497-TILVL,7,Month-to-month,50.7,350.35,20.07,Low,19.1832,972.59,Medium Value,Low/Medium Value - Low/Medium Risk
2108-YKQTY,4,Month-to-month,50.7,151.3,28.33,Low,17.2008,872.08,Medium Value,Low/Medium Value - Low/Medium Risk
3658-KIBGF,1,Month-to-month,54.9,54.9,39.18,Medium,14.596800000000002,801.36,Medium Value,Low/Medium Value - Low/Medium Risk
5482-NUPNA,4,Month-to-month,60.4,272.15,22.47,Low,18.6072,1123.87,Medium Value,Low/Medium Value - Low/Medium Risk
7410-KTVFV,18,Month-to-month,49.55,878.35,23.54,Low,18.3504,909.26,Medium Value,Low/Medium Value - Low/Medium Risk
9033-EOXWV,12,One year,74.05,872.65,21.17,Low,18.9192,1400.97,High Value,High Value - Low/Medium Risk
8821-XNHVZ,1,Month-to-month,80.05,80.05,67.53,High,7.7928,623.81,Medium Value,Low/Medium Value - High Risk
8224-KDLKN,72,Two year,25.0,1738.9,0.46,Low,23.889599999999998,597.24,Medium Value,Low/Medium Value - Low/Medium Risk
4825-FUREZ,42,Two year,20.25,835.5,1.18,Low,23.7168,480.27,Low Value,Low/Medium Value - Low/Medium Risk
7534-BFESC,24,Month-to-month,76.1,1712.7,54.8,Medium,10.848000000000003,825.53,Medium Value,Low/Medium Value - Low/Medium Risk
9138-EFSMO,26,One year,78.95,2034.25,18.28,Low,19.6128,1548.43,High Value,High Value - Low/Medium Risk
4227-OJHAL,68,One year,73.0,5163.0,3.15,Low,23.244,1696.81,High Value,High Value - Low/Medium Risk
7279-NMVJC,17,One year,19.9,323.15,3.69,Low,23.1144,459.98,Low Value,Low/Medium Value - Low/Medium Risk
8591-TKMZH,59,Two year,111.1,6555.2,6.9,Low,22.344,2482.42,High Value,High Value - Low/Medium Risk
9283-LZQOH,13,Month-to-month,74.4,896.75,48.92,Medium,12.259199999999998,912.08,Medium Value,Low/Medium Value - Low/Medium Risk
3594-IVHJZ,2,Month-to-month,20.45,42.45,24.78,Low,18.052799999999998,369.18,Low Value,Low/Medium Value - Low/Medium Risk
1945-XISKS,67,Two year,19.65,1335.2,0.52,Low,23.8752,469.15,Low Value,Low/Medium Value - Low/Medium Risk
4359-INNWN,17,One year,20.05,337.9,3.61,Low,23.1336,463.83,Low Value,Low/Medium Value - Low/Medium Risk
7649-SIJJF,71,Two year,80.1,5585.4,1.24,Low,23.7024,1898.56,High Value,High Value - Low/Medium Risk
9254-RBFON,17,One year,98.6,1704.95,17.86,Low,19.7136,1943.76,High Value,High Value - Low/Medium Risk
0970-ETWGE,1,Month-to-month,89.55,89.55,81.3,High,4.488000000000001,401.9,Low Value,Low/Medium Value - High Risk
7762-ONLJY,6,One year,19.7,94.45,7.21,Low,22.269599999999997,438.71,Low Value,Low/Medium Value - Low/Medium Risk
6710-HSJRD,61,Month-to-month,114.1,7132.15,41.8,Medium,13.968000000000002,1593.75,High Value,High Value - Low/Medium Risk
8873-GLDMH,6,Month-to-month,73.85,401.3,69.54,High,7.3104,539.87,Low Value,Low/Medium Value - High Risk
9907-SWKKF,1,Month-to-month,25.05,25.05,49.89,Medium,12.026399999999999,301.26,Low Value,Low/Medium Value - Low/Medium Risk
4658-HCOHW,21,Month-to-month,102.8,2110.15,47.91,Medium,12.5016,1285.16,High Value,High Value - Low/Medium Risk
9330-VOFSZ,60,Two year,110.8,6640.7,10.63,Low,21.4488,2376.53,High Value,High Value - Low/Medium Risk
2860-RANUS,20,Month-to-month,85.8,1727.5,55.04,Medium,10.7904,925.82,Medium Value,Low/Medium Value - Low/Medium Risk
6234-PFPXL,22,Month-to-month,95.9,2234.95,24.94,Low,18.0144,1727.58,High Value,High Value - Low/Medium Risk
7205-BAIAD,40,Two year,20.6,827.3,1.23,Low,23.7048,488.32,Low Value,Low/Medium Value - Low/Medium Risk
3858-VOBET,23,Month-to-month,74.95,1710.45,52.64,Medium,11.3664,851.91,Medium Value,Low/Medium Value - Low/Medium Risk
5103-MHMHY,1,Month-to-month,45.95,45.95,31.77,Medium,16.3752,752.44,Medium Value,Low/Medium Value - Low/Medium Risk
6119-SPUDB,46,Two year,38.25,1755.35,1.52,Low,23.6352,904.05,Medium Value,Low/Medium Value - Low/Medium Risk
9389-ACWBI,5,Month-to-month,69.95,320.4,48.46,Medium,12.369599999999998,865.25,Medium Value,Low/Medium Value - Low/Medium Risk
3454-JFUBC,68,Two year,20.0,1396.0,0.76,Low,23.8176,476.35,Low Value,Low/Medium Value - Low/Medium Risk
1768-ZAIFU,1,Month-to-month,25.2,25.2,66.32,High,8.083200000000001,203.7,Low Value,Low/Medium Value - High Risk
7017-VFULY,2,Month-to-month,20.1,43.15,18.34,Low,19.598399999999998,393.93,Low Value,Low/Medium Value - Low/Medium Risk
9221-OTIVJ,14,Month-to-month,104.85,1531.4,76.19,High,5.7143999999999995,599.15,Medium Value,Low/Medium Value - High Risk
2482-CZGBB,10,Month-to-month,70.0,740.0,66.54,High,8.030399999999997,562.13,Low Value,Low/Medium Value - High Risk
7018-WBJNK,13,Month-to-month,78.3,1033.95,46.23,Medium,12.904800000000002,1010.45,Medium Value,Low/Medium Value - Low/Medium Risk
3331-HQDTW,34,Month-to-month,109.8,3587.25,44.1,Medium,13.415999999999999,1473.08,High Value,High Value - Low/Medium Risk
4695-VADHF,18,Month-to-month,57.45,990.85,23.56,Low,18.345599999999997,1053.95,Medium Value,Low/Medium Value - Low/Medium Risk
4086-WITJG,71,Two year,19.7,1301.1,0.33,Low,23.9208,471.24,Low Value,Low/Medium Value - Low/Medium Risk
6297-NOOPG,70,Two year,110.5,7752.05,10.73,Low,21.4248,2367.44,High Value,High Value - Low/Medium Risk
8777-PVYGU,52,One year,64.3,3410.6,6.48,Low,22.4448,1443.2,High Value,High Value - Low/Medium Risk
4378-MYPGO,68,Two year,105.25,7173.15,4.77,Low,22.8552,2405.51,High Value,High Value - Low/Medium Risk
9313-CDOGY,38,Month-to-month,19.6,717.3,4.86,Low,22.8336,447.54,Low Value,Low/Medium Value - Low/Medium Risk
4121-AGSIN,58,One year,24.5,1497.9,2.44,Low,23.4144,573.65,Low Value,Low/Medium Value - Low/Medium Risk
0432-CAJZV,3,Month-to-month,90.7,237.65,66.41,High,8.061600000000002,731.19,Medium Value,Low/Medium Value - High Risk
9097-ZUBYC,14,Month-to-month,48.8,664.4,14.7,Low,20.472,999.03,Medium Value,Low/Medium Value - Low/Medium Risk
9638-JIQYA,2,Month-to-month,24.9,49.7,53.03,Medium,11.2728,280.69,Low Value,Low/Medium Value - Low/Medium Risk
1024-GUALD,1,Month-to-month,24.8,24.8,63.85,High,8.675999999999998,215.16,Low Value,Low/Medium Value - High Risk
8024-XNAFQ,72,Two year,107.4,7748.75,4.19,Low,22.9944,2469.6,High Value,High Value - Low/Medium Risk
7587-RZNME,3,Month-to-month,43.3,123.65,52.88,Medium,11.308799999999998,489.67,Low Value,Low/Medium Value - Low/Medium Risk
1346-UFHAX,13,Month-to-month,80.0,1029.35,42.46,Medium,13.809599999999998,1104.77,Medium Value,Low/Medium Value - Low/Medium Risk
6374-NTQLP,72,Two year,104.1,7447.7,4.0,Low,23.04,2398.46,High Value,High Value - Low/Medium Risk
6625-FLENO,58,Two year,20.75,1185.95,0.76,Low,23.8176,494.22,Low Value,Low/Medium Value - Low/Medium Risk
7375-WMVMT,71,Two year,95.5,6707.15,3.66,Low,23.1216,2208.11,High Value,High Value - Low/Medium Risk
6910-HADCM,1,Month-to-month,76.35,76.35,63.73,High,8.7048,664.61,Medium Value,Low/Medium Value - High Risk
7401-JIXNM,54,Two year,91.3,4965.0,1.59,Low,23.6184,2156.36,High Value,High Value - Low/Medium Risk
7338-ERIVA,39,One year,45.05,1790.6,4.05,Low,23.028,1037.41,Medium Value,Low/Medium Value - Low/Medium Risk
5376-DEQCP,1,Month-to-month,70.6,70.6,72.66,High,6.561600000000002,463.25,Low Value,Low/Medium Value - High Risk
0909-SELIE,61,Two year,80.8,4860.85,1.73,Low,23.5848,1905.65,High Value,High Value - Low/Medium Risk
5419-KLXBN,25,Month-to-month,89.15,2257.75,36.54,Medium,15.230400000000001,1357.79,High Value,High Value - Low/Medium Risk
0365-TRTPY,37,Month-to-month,91.2,3382.3,17.19,Low,19.874399999999998,1812.55,High Value,High Value - Low/Medium Risk
6712-OAWRH,26,Month-to-month,91.25,2351.8,61.96,High,9.1296,833.08,Medium Value,Low/Medium Value - High Risk
2428-ZMCTB,10,Month-to-month,19.75,208.25,13.35,Low,20.796,410.72,Low Value,Low/Medium Value - Low/Medium Risk
1963-VAUKV,1,Month-to-month,20.4,20.4,19.15,Low,19.404,395.84,Low Value,Low/Medium Value - Low/Medium Risk
9381-NDKME,24,Month-to-month,40.65,933.3,35.84,Medium,15.398399999999999,625.94,Medium Value,Low/Medium Value - Low/Medium Risk
3729-OWRVL,65,Two year,110.35,7246.15,11.69,Low,21.1944,2338.8,High Value,High Value - Low/Medium Risk
0895-LMRSF,23,One year,64.9,1509.8,15.18,Low,20.3568,1321.16,High Value,High Value - Low/Medium Risk
2676-SSLTO,49,Two year,66.15,3199.0,4.78,Low,22.852800000000002,1511.71,High Value,High Value - Low/Medium Risk
8495-PRWFH,42,Month-to-month,55.65,2421.75,17.24,Low,19.8624,1105.34,Medium Value,Low/Medium Value - Low/Medium Risk
9030-QGZNL,8,Two year,20.85,161.65,3.81,Low,23.0856,481.33,Low Value,Low/Medium Value - Low/Medium Risk
9972-NKTFD,28,Month-to-month,54.65,1517.5,8.81,Low,21.885599999999997,1196.05,Medium Value,Low/Medium Value - Low/Medium Risk
7998-WNZEM,71,Two year,80.6,5708.2,0.78,Low,23.8128,1919.31,High Value,High Value - Low/Medium Risk
0979-PHULV,69,Month-to-month,99.45,7007.6,28.11,Low,17.2536,1715.87,High Value,High Value - Low/Medium Risk
6445-TNRXS,68,Two year,114.7,7849.85,4.85,Low,22.836,2619.29,High Value,High Value - Low/Medium Risk
9586-JGQKH,64,Two year,105.4,6794.75,9.58,Low,21.7008,2287.26,High Value,High Value - Low/Medium Risk
3966-HRMZA,3,Month-to-month,75.05,202.9,58.68,Medium,9.9168,744.26,Medium Value,Low/Medium Value - Low/Medium Risk
5498-IBWPI,66,One year,49.4,3251.85,2.35,Low,23.436,1157.74,Medium Value,Low/Medium Value - Low/Medium Risk
6823-SIDFQ,28,One year,18.25,534.7,3.03,Low,23.2728,424.73,Low Value,Low/Medium Value - Low/Medium Risk
2323-ARSVR,67,Two year,111.05,7321.05,6.05,Low,22.548000000000002,2503.96,High Value,High Value - Low/Medium Risk
5468-BPMMO,46,Month-to-month,19.6,851.2,4.27,Low,22.9752,450.31,Low Value,Low/Medium Value - Low/Medium Risk
0486-HECZI,55,Month-to-month,96.75,5238.9,33.94,Medium,15.854400000000002,1533.91,High Value,High Value - Low/Medium Risk
2178-PMGCJ,22,Month-to-month,69.7,1490.4,38.82,Medium,14.6832,1023.42,Medium Value,Low/Medium Value - Low/Medium Risk
4660-IRIBM,18,Month-to-month,87.9,1500.5,33.96,Medium,15.849599999999999,1393.18,High Value,High Value - Low/Medium Risk
9674-EHPPG,46,Two year,40.4,1842.7,1.42,Low,23.6592,955.83,Medium Value,Low/Medium Value - Low/Medium Risk
5606-AMZBO,10,Month-to-month,78.15,765.15,55.89,Medium,10.586400000000001,827.33,Medium Value,Low/Medium Value - Low/Medium Risk
0665-XHDJU,72,Two year,99.4,7285.7,10.96,Low,21.3696,2124.14,High Value,High Value - Low/Medium Risk
5402-HTOTQ,16,Month-to-month,55.3,875.35,26.27,Low,17.6952,978.54,Medium Value,Low/Medium Value - Low/Medium Risk
8258-GSTJK,3,Month-to-month,77.0,237.75,79.72,High,4.8671999999999995,374.77,Low Value,Low/Medium Value - High Risk
3787-TRIAL,21,Month-to-month,26.05,565.75,29.93,Low,16.8168,438.08,Low Value,Low/Medium Value - Low/Medium Risk
6175-IRFIT,5,Month-to-month,78.75,426.35,60.25,High,9.54,751.28,Medium Value,Low/Medium Value - High Risk
6317-YPKDH,1,Month-to-month,29.95,29.95,40.43,Medium,14.296800000000001,428.19,Low Value,Low/Medium Value - Low/Medium Risk
5692-FPTAH,1,Month-to-month,45.4,45.4,45.76,Medium,13.0176,591.0,Low Value,Low/Medium Value - Low/Medium Risk
5373-SFODM,36,Month-to-month,85.25,3132.75,47.04,Medium,12.710400000000002,1083.56,Medium Value,Low/Medium Value - Low/Medium Risk
0868-VJRDR,64,Two year,104.05,6605.55,4.88,Low,22.8288,2375.34,High Value,High Value - Low/Medium Risk
4079-VTGLK,30,Two year,74.85,2181.75,11.43,Low,21.256800000000002,1591.07,High Value,High Value - Low/Medium Risk
1166-PQLGG,72,Two year,19.55,1463.45,0.32,Low,23.9232,467.7,Low Value,Low/Medium Value - Low/Medium Risk
5296-BFCYD,46,Two year,20.1,936.85,0.87,Low,23.7912,478.2,Low Value,Low/Medium Value - Low/Medium Risk
6568-POCUI,45,Two year,95.2,4285.8,7.2,Low,22.272,2120.29,High Value,High Value - Low/Medium Risk
2839-RFSQE,2,Month-to-month,20.65,38.7,18.41,Low,19.581599999999998,404.36,Low Value,Low/Medium Value - Low/Medium Risk
2188-SXWVT,34,One year,55.0,1885.15,3.46,Low,23.169600000000003,1274.33,Medium Value,Low/Medium Value - Low/Medium Risk
8849-GYOKR,54,One year,106.55,5763.3,17.19,Low,19.874399999999998,2117.62,High Value,High Value - Low/Medium Risk
3623-FQBOX,21,Month-to-month,19.95,416.4,9.52,Low,21.715200000000003,433.22,Low Value,Low/Medium Value - Low/Medium Risk
2649-HWLYB,65,Two year,76.15,4929.55,1.2,Low,23.712,1805.67,High Value,High Value - Low/Medium Risk
0599-XNYDO,20,Month-to-month,69.8,1540.35,40.17,Medium,14.359200000000001,1002.27,Medium Value,Low/Medium Value - Low/Medium Risk
2514-GINMM,1,Month-to-month,79.5,79.5,77.62,High,5.3712,427.01,Low Value,Low/Medium Value - High Risk
8401-EMUWF,42,Month-to-month,69.4,3058.3,10.48,Low,21.4848,1491.05,High Value,High Value - Low/Medium Risk
5766-ZJYBB,1,Month-to-month,19.4,19.4,19.72,Low,19.2672,373.78,Low Value,Low/Medium Value - Low/Medium Risk
2604-IJPDU,20,Month-to-month,96.55,1901.65,30.76,Medium,16.617599999999996,1604.43,High Value,High Value - Low/Medium Risk
2501-XWWTZ,11,Month-to-month,70.2,760.05,55.62,Medium,10.6512,747.71,Medium Value,Low/Medium Value - Low/Medium Risk
6370-ZVHDV,61,Two year,25.3,1554.9,0.89,Low,23.7864,601.8,Medium Value,Low/Medium Value - Low/Medium Risk
3027-YNWZU,64,Two year,25.0,1584.8,0.77,Low,23.815199999999997,595.38,Medium Value,Low/Medium Value - Low/Medium Risk
4526-ZJJTM,25,Month-to-month,88.4,2191.15,36.52,Medium,15.2352,1346.79,High Value,High Value - Low/Medium Risk
0440-QEXBZ,44,Month-to-month,50.15,2139.1,15.08,Low,20.3808,1022.1,Medium Value,Low/Medium Value - Low/Medium Risk
0330-IVZHA,5,Month-to-month,69.95,330.15,62.98,High,8.884800000000002,621.49,Medium Value,Low/Medium Value - High Risk
9758-MFWGD,48,One year,29.9,1388.75,3.72,Low,23.1072,690.91,Medium Value,Low/Medium Value - Low/Medium Risk
4229-CZMLL,6,Month-to-month,74.9,469.8,75.71,High,5.829600000000003,436.64,Low Value,Low/Medium Value - High Risk
0742-MOABM,4,Month-to-month,50.05,179.35,27.57,Low,17.3832,870.03,Medium Value,Low/Medium Value - Low/Medium Risk
4277-BWBML,72,Two year,19.95,1322.85,0.32,Low,23.9232,477.27,Low Value,Low/Medium Value - Low/Medium Risk
5136-GFPMB,54,Month-to-month,89.4,4869.5,30.46,Medium,16.6896,1492.05,High Value,High Value - Low/Medium Risk
7520-HQWJU,66,Month-to-month,67.45,4508.65,5.27,Low,22.7352,1533.49,High Value,High Value - Low/Medium Risk
6304-IJFSQ,3,Month-to-month,49.9,130.1,39.99,Medium,14.4024,718.68,Medium Value,Low/Medium Value - Low/Medium Risk
0297-RBCSG,19,One year,65.35,1231.85,8.85,Low,21.875999999999998,1429.6,High Value,High Value - Low/Medium Risk
6013-BHCAW,61,Two year,81.0,4976.15,3.14,Low,23.2464,1882.96,High Value,High Value - Low/Medium Risk
4402-FTBXC,54,Month-to-month,89.8,4667.0,18.08,Low,19.660800000000002,1765.54,High Value,High Value - Low/Medium Risk
1471-GIQKQ,1,Month-to-month,49.95,49.95,40.04,Medium,14.3904,718.8,Medium Value,Low/Medium Value - Low/Medium Risk
4283-FUTGF,19,Month-to-month,79.85,1471.75,59.86,Medium,9.6336,769.24,Medium Value,Low/Medium Value - Low/Medium Risk
9548-LERKT,24,Two year,19.75,483.15,1.49,Low,23.6424,466.94,Low Value,Low/Medium Value - Low/Medium Risk
8059-UDZFY,33,Month-to-month,105.35,3465.05,52.31,Medium,11.445599999999999,1205.79,Medium Value,Low/Medium Value - Low/Medium Risk
0410-IPFTY,31,Month-to-month,83.85,2674.15,36.5,Medium,15.24,1277.87,Medium Value,Low/Medium Value - Low/Medium Risk
2478-EEWWM,59,Month-to-month,44.3,2666.75,33.14,Medium,16.0464,710.86,Medium Value,Low/Medium Value - Low/Medium Risk
4619-EVPHY,20,One year,91.0,1859.5,35.97,Medium,15.367200000000002,1398.42,High Value,High Value - Low/Medium Risk
2277-DJJDL,60,Month-to-month,99.0,6017.9,45.63,Medium,13.0488,1291.83,High Value,High Value - Low/Medium Risk
2911-WDXMV,18,Month-to-month,80.55,1406.65,42.07,Medium,13.903199999999998,1119.9,Medium Value,Low/Medium Value - Low/Medium Risk
3639-XJHKQ,19,Month-to-month,60.6,1297.8,14.65,Low,20.484,1241.33,Medium Value,Low/Medium Value - Low/Medium Risk
8173-RXAYP,24,Two year,19.7,452.55,1.19,Low,23.714399999999998,467.17,Low Value,Low/Medium Value - Low/Medium Risk
4537-CIBHB,9,One year,20.25,172.35,6.33,Low,22.4808,455.24,Low Value,Low/Medium Value - Low/Medium Risk
5442-BXVND,33,Month-to-month,24.25,838.5,5.77,Low,22.6152,548.42,Low Value,Low/Medium Value - Low/Medium Risk
2308-STERM,2,Month-to-month,19.4,61.05,18.8,Low,19.488,378.07,Low Value,Low/Medium Value - Low/Medium Risk
7159-NOKYQ,67,Two year,93.15,6368.2,10.4,Low,21.504,2003.1,High Value,High Value - Low/Medium Risk
6075-QMNRR,52,Month-to-month,49.75,2535.55,9.28,Low,21.7728,1083.2,Medium Value,Low/Medium Value - Low/Medium Risk
3694-GLTJM,5,Month-to-month,19.65,92.05,21.47,Low,18.8472,370.35,Low Value,Low/Medium Value - Low/Medium Risk
9629-NHXFW,1,Month-to-month,19.4,19.4,22.81,Low,18.5256,359.4,Low Value,Low/Medium Value - Low/Medium Risk
7167-PCEYD,67,Two year,19.8,1311.3,0.73,Low,23.8248,471.73,Low Value,Low/Medium Value - Low/Medium Risk
2748-MYRVK,63,One year,99.9,6137.0,13.88,Low,20.668799999999997,2064.81,High Value,High Value - Low/Medium Risk
4223-WOZCM,2,Month-to-month,49.95,107.1,39.41,Medium,14.541600000000003,726.35,Medium Value,Low/Medium Value - Low/Medium Risk
6946-LMSQS,25,One year,89.05,2177.45,39.39,Medium,14.546399999999998,1295.36,High Value,High Value - Low/Medium Risk
5469-NUJUR,19,Two year,19.95,373.5,2.55,Low,23.388,466.59,Low Value,Low/Medium Value - Low/Medium Risk
6388-TABGU,62,One year,56.15,3487.95,1.51,Low,23.6376,1327.25,High Value,High Value - Low/Medium Risk
1261-FWTTE,23,Month-to-month,34.65,768.45,32.93,Medium,16.0968,557.75,Low Value,Low/Medium Value - Low/Medium Risk
8590-YFFQO,70,Two year,64.95,4523.25,0.47,Low,23.8872,1551.47,High Value,High Value - Low/Medium Risk
0082-OQIQY,29,Month-to-month,94.2,2607.6,47.9,Medium,12.504000000000001,1177.88,Medium Value,Low/Medium Value - Low/Medium Risk
9465-RWMXL,32,Month-to-month,78.9,2447.95,50.59,Medium,11.8584,935.63,Medium Value,Low/Medium Value - Low/Medium Risk
2930-UOTMB,31,Month-to-month,65.25,1994.3,8.28,Low,22.0128,1436.34,High Value,High Value - Low/Medium Risk
9128-CPXKI,59,Two year,95.8,5655.45,9.6,Low,21.696,2078.48,High Value,High Value - Low/Medium Risk
0484-FFVBJ,32,One year,64.85,2010.95,13.62,Low,20.7312,1344.42,High Value,High Value - Low/Medium Risk
1100-DDVRV,17,Month-to-month,49.8,836.35,43.71,Medium,13.509599999999999,672.78,Medium Value,Low/Medium Value - Low/Medium Risk
9313-QOLTZ,26,Month-to-month,20.9,518.3,6.79,Low,22.3704,467.54,Low Value,Low/Medium Value - Low/Medium Risk
3338-CVVEH,12,Month-to-month,94.55,1173.55,73.06,High,6.465599999999999,611.32,Medium Value,Low/Medium Value - High Risk
1131-SUEKT,61,One year,98.45,6145.2,10.22,Low,21.547199999999997,2121.32,High Value,High Value - Low/Medium Risk
7602-DBTOU,71,Two year,19.6,1416.5,0.44,Low,23.8944,468.33,Low Value,Low/Medium Value - Low/Medium Risk
1385-TQOZW,9,Month-to-month,20.45,147.55,18.45,Low,19.572,400.25,Low Value,Low/Medium Value - Low/Medium Risk
6892-XPFPU,24,Month-to-month,104.25,2433.9,69.82,High,7.243200000000002,755.1,Medium Value,Low/Medium Value - High Risk
4115-NZRKS,7,Month-to-month,89.15,574.35,79.83,High,4.8408,431.56,Low Value,Low/Medium Value - High Risk
5514-YQENT,41,Two year,111.15,4507.15,7.14,Low,22.2864,2477.13,High Value,High Value - Low/Medium Risk
6319-IEJWJ,20,Month-to-month,90.2,1776.55,54.76,Medium,10.857600000000001,979.36,Medium Value,Low/Medium Value - Low/Medium Risk
8849-AYPTR,33,Month-to-month,91.25,2964.05,43.53,Medium,13.5528,1236.69,Medium Value,Low/Medium Value - Low/Medium Risk
5893-PYOLZ,56,Two year,81.8,4534.45,2.65,Low,23.364,1911.18,High Value,High Value - Low/Medium Risk
7180-PISOG,1,Month-to-month,74.5,74.5,76.33,High,5.6808000000000005,423.22,Low Value,Low/Medium Value - High Risk
8443-ZRDBZ,4,Month-to-month,76.05,318.9,76.75,High,5.580000000000001,424.36,Low Value,Low/Medium Value - High Risk
9079-YEXQJ,54,Month-to-month,111.1,6014.85,38.82,Medium,14.6832,1631.3,High Value,High Value - Low/Medium Risk
3780-YVMFA,8,Month-to-month,68.55,564.35,45.51,Medium,13.077599999999999,896.47,Medium Value,Low/Medium Value - Low/Medium Risk
6968-MHOMU,58,One year,45.0,2689.35,14.28,Low,20.5728,925.78,Medium Value,Low/Medium Value - Low/Medium Risk
0899-LIIBW,34,Month-to-month,100.85,3527.3,57.94,Medium,10.0944,1018.02,Medium Value,Low/Medium Value - Low/Medium Risk
3677-IYRBF,2,Month-to-month,30.4,78.65,64.74,High,8.4624,257.26,Low Value,Low/Medium Value - High Risk
8393-DLHGA,25,Month-to-month,95.9,2448.75,50.49,Medium,11.8824,1139.52,Medium Value,Low/Medium Value - Low/Medium Risk
7691-XVTZH,68,Two year,89.95,5974.3,7.89,Low,22.1064,1988.47,High Value,High Value - Low/Medium Risk
5360-LJCNJ,71,Two year,105.15,7555.0,10.22,Low,21.547199999999997,2265.69,High Value,High Value - Low/Medium Risk
3891-PUQOD,1,Month-to-month,59.2,59.2,44.58,Medium,13.3008,787.41,Medium Value,Low/Medium Value - Low/Medium Risk
0952-KMEEH,13,Month-to-month,98.15,1230.25,47.8,Medium,12.528,1229.62,Medium Value,Low/Medium Value - Low/Medium Risk
4919-IKATY,5,Month-to-month,84.5,453.75,64.08,High,8.6208,728.46,Medium Value,Low/Medium Value - High Risk
9746-UGFAC,22,One year,20.85,450.65,2.95,Low,23.292,485.64,Low Value,Low/Medium Value - Low/Medium Risk
9108-EQPNQ,10,Two year,26.1,225.55,3.78,Low,23.092799999999997,602.72,Medium Value,Low/Medium Value - Low/Medium Risk
0531-ZZJWQ,55,Month-to-month,74.0,4052.4,45.96,Medium,12.9696,959.75,Medium Value,Low/Medium Value - Low/Medium Risk
8763-KIAFH,27,One year,20.55,583.3,3.89,Low,23.066399999999998,474.01,Low Value,Low/Medium Value - Low/Medium Risk
5863-OOKCL,10,Month-to-month,18.85,163.2,14.19,Low,20.5944,388.2,Low Value,Low/Medium Value - Low/Medium Risk
2958-NHPPS,23,Month-to-month,20.85,473.9,8.18,Low,22.0368,459.47,Low Value,Low/Medium Value - Low/Medium Risk
9530-GRMJG,70,Two year,84.1,5979.7,2.8,Low,23.328,1961.88,High Value,High Value - Low/Medium Risk
1809-DMJHQ,5,Month-to-month,46.0,221.7,28.25,Low,17.22,792.12,Medium Value,Low/Medium Value - Low/Medium Risk
0164-XAIRP,24,Two year,19.55,470.2,1.94,Low,23.5344,460.1,Low Value,Low/Medium Value - Low/Medium Risk
2926-JEJJC,8,One year,20.2,140.95,10.37,Low,21.5112,434.53,Low Value,Low/Medium Value - Low/Medium Risk
1169-WCVAK,19,Month-to-month,88.8,1672.35,27.06,Low,17.5056,1554.5,High Value,High Value - Low/Medium Risk
1217-VASWC,43,One year,100.55,4304.0,24.83,Low,18.0408,1814.0,High Value,High Value - Low/Medium Risk
2452-KDRRH,67,Month-to-month,101.4,6841.05,42.82,Medium,13.723199999999999,1391.53,High Value,High Value - Low/Medium Risk
6402-EJMWF,4,Month-to-month,55.3,238.5,48.85,Medium,12.276000000000002,678.86,Medium Value,Low/Medium Value - Low/Medium Risk
7663-CUXZB,59,Two year,113.75,6561.25,8.06,Low,22.0656,2509.96,High Value,High Value - Low/Medium Risk
4312-KFRXN,72,Two year,25.4,1710.9,0.59,Low,23.8584,606.0,Medium Value,Low/Medium Value - Low/Medium Risk
3011-WQKSZ,19,Month-to-month,20.0,377.55,11.25,Low,21.299999999999997,426.0,Low Value,Low/Medium Value - Low/Medium Risk
9747-DDZOS,1,Month-to-month,73.5,73.5,56.37,Medium,10.4712,769.63,Medium Value,Low/Medium Value - Low/Medium Risk
2091-MJTFX,30,Month-to-month,51.2,1561.5,19.39,Low,19.346400000000003,990.54,Medium Value,Low/Medium Value - Low/Medium Risk
0388-EOPEX,2,Month-to-month,74.4,139.4,64.25,High,8.580000000000002,638.35,Medium Value,Low/Medium Value - High Risk
3161-ONRWK,60,One year,65.85,3928.3,1.74,Low,23.5824,1552.9,High Value,High Value - Low/Medium Risk
2587-EKXTS,44,Month-to-month,111.5,4915.15,42.34,Medium,13.8384,1542.98,High Value,High Value - Low/Medium Risk
9752-ZNQUT,1,Month-to-month,48.6,48.6,49.92,Medium,12.019199999999998,584.13,Low Value,Low/Medium Value - Low/Medium Risk
9572-WUKSB,3,Month-to-month,29.9,92.25,53.54,Medium,11.150400000000001,333.4,Low Value,Low/Medium Value - Low/Medium Risk
3836-FZSDJ,71,Two year,24.85,1901.0,0.7,Low,23.832,592.23,Low Value,Low/Medium Value - Low/Medium Risk
8805-JNRAZ,2,Month-to-month,49.2,103.7,32.28,Medium,16.2528,799.64,Medium Value,Low/Medium Value - Low/Medium Risk
3069-SSVSN,1,One year,25.85,25.85,28.64,Low,17.1264,442.72,Low Value,Low/Medium Value - Low/Medium Risk
8015-IHCGW,72,Two year,115.5,8425.15,5.79,Low,22.610400000000002,2611.5,High Value,High Value - Low/Medium Risk
8132-YPVBX,6,Month-to-month,85.95,514.6,62.51,High,8.9976,773.34,Medium Value,Low/Medium Value - High Risk
0235-KGSLC,1,Month-to-month,85.55,85.55,68.95,High,7.452,637.52,Medium Value,Low/Medium Value - High Risk
1302-UHBDD,20,Month-to-month,89.95,1648.45,53.5,Medium,11.16,1003.84,Medium Value,Low/Medium Value - Low/Medium Risk
3722-WPXTK,1,Month-to-month,88.35,88.35,81.65,High,4.404,389.09,Low Value,Low/Medium Value - High Risk
7531-GQHME,12,Month-to-month,20.05,265.45,12.34,Low,21.038400000000003,421.82,Low Value,Low/Medium Value - Low/Medium Risk
1335-NTIUC,9,Month-to-month,24.95,190.25,55.03,Medium,10.7928,269.28,Low Value,Low/Medium Value - Low/Medium Risk
9367-TCUYN,12,Month-to-month,20.1,223.6,12.9,Low,20.904,420.17,Low Value,Low/Medium Value - Low/Medium Risk
1536-HBSWP,1,Month-to-month,49.9,49.9,44.84,Medium,13.238399999999999,660.6,Medium Value,Low/Medium Value - Low/Medium Risk
8573-JGCZW,17,One year,19.65,351.55,5.39,Low,22.706400000000002,446.18,Low Value,Low/Medium Value - Low/Medium Risk
2694-CIUMO,12,Month-to-month,79.55,958.25,53.7,Medium,11.111999999999998,883.96,Medium Value,Low/Medium Value - Low/Medium Risk
2027-FECZV,12,Month-to-month,106.7,1253.9,80.42,High,4.699199999999999,501.4,Low Value,Low/Medium Value - High Risk
9103-TCIHJ,15,Month-to-month,55.7,899.8,23.49,Low,18.3624,1022.79,Medium Value,Low/Medium Value - Low/Medium Risk
1545-JFUML,71,Two year,99.0,6994.6,6.17,Low,22.5192,2229.4,High Value,High Value - Low/Medium Risk
0524-IAVZO,30,Month-to-month,85.0,2624.25,58.29,Medium,10.0104,850.88,Medium Value,Low/Medium Value - Low/Medium Risk
5519-TEEUH,33,One year,20.15,682.15,2.99,Low,23.2824,469.14,Low Value,Low/Medium Value - Low/Medium Risk
6654-QGBZZ,1,Month-to-month,19.9,19.9,19.3,Low,19.368,385.42,Low Value,Low/Medium Value - Low/Medium Risk
2294-DMMUS,62,Month-to-month,70.45,4300.45,15.76,Low,20.2176,1424.33,High Value,High Value - Low/Medium Risk
0017-IUDMW,72,Two year,116.8,8456.75,3.93,Low,23.0568,2693.03,High Value,High Value - Low/Medium Risk
5018-LXQQG,30,Month-to-month,66.3,1923.5,6.83,Low,22.360799999999998,1482.52,High Value,High Value - Low/Medium Risk
5808-TOTXO,3,One year,20.55,57.4,10.19,Low,21.5544,442.94,Low Value,Low/Medium Value - Low/Medium Risk
1174-FGIFN,28,One year,90.45,2509.25,28.93,Low,17.0568,1542.79,High Value,High Value - Low/Medium Risk
0730-KOAVE,30,Month-to-month,94.3,2679.7,34.48,Medium,15.7248,1482.85,High Value,High Value - Low/Medium Risk
1218-VKFPE,12,Month-to-month,19.0,233.55,11.31,Low,21.285600000000002,404.43,Low Value,Low/Medium Value - Low/Medium Risk
5313-FPXWG,51,One year,24.6,1266.4,3.98,Low,23.0448,566.9,Low Value,Low/Medium Value - Low/Medium Risk
2834-JKOOW,15,One year,45.9,693.45,6.85,Low,22.356,1026.14,Medium Value,Low/Medium Value - Low/Medium Risk
9430-NKQLY,72,Two year,25.1,1790.8,0.65,Low,23.844,598.48,Medium Value,Low/Medium Value - Low/Medium Risk
0363-QJVFX,32,Month-to-month,108.15,3432.9,37.45,Medium,15.011999999999999,1623.55,High Value,High Value - Low/Medium Risk
1658-TJVOA,6,Month-to-month,74.1,450.9,63.4,High,8.783999999999999,650.89,Medium Value,Low/Medium Value - High Risk
6685-GBWJZ,63,One year,70.8,4448.8,1.62,Low,23.6112,1671.67,High Value,High Value - Low/Medium Risk
6328-ZPBGN,11,Month-to-month,95.15,997.65,76.26,High,5.697599999999999,542.13,Low Value,Low/Medium Value - High Risk
4003-FUSHP,19,Month-to-month,61.55,1093.2,18.78,Low,19.492800000000003,1199.78,Medium Value,Low/Medium Value - Low/Medium Risk
7690-KPNCU,64,One year,73.05,4688.65,3.99,Low,23.0424,1683.25,High Value,High Value - Low/Medium Risk
2969-WGHQO,7,One year,69.45,477.05,14.72,Low,20.4672,1421.45,High Value,High Value - Low/Medium Risk
1855-CFULU,4,Month-to-month,20.05,91.45,19.65,Low,19.284,386.64,Low Value,Low/Medium Value - Low/Medium Risk
9788-YTFGE,7,Month-to-month,19.95,147.5,21.45,Low,18.852,376.1,Low Value,Low/Medium Value - Low/Medium Risk
8266-VBFQL,4,Month-to-month,90.4,356.65,67.38,High,7.828800000000001,707.72,Medium Value,Low/Medium Value - High Risk
2325-NBPZG,3,Month-to-month,74.55,233.65,62.42,High,9.019200000000001,672.38,Medium Value,Low/Medium Value - High Risk
9906-NHHVC,65,Two year,53.5,3517.9,5.47,Low,22.6872,1213.77,Medium Value,Low/Medium Value - Low/Medium Risk
2541-YGPKE,42,One year,63.7,2763.35,2.22,Low,23.4672,1494.86,High Value,High Value - Low/Medium Risk
5049-MUBWG,26,One year,75.0,1908.35,5.87,Low,22.5912,1694.34,High Value,High Value - Low/Medium Risk
2332-TODQS,48,One year,25.05,1171.5,1.73,Low,23.5848,590.8,Low Value,Low/Medium Value - Low/Medium Risk
4419-UJMUS,69,Two year,99.35,6856.45,8.52,Low,21.9552,2181.25,High Value,High Value - Low/Medium Risk
2233-TXSIU,17,One year,44.45,792.15,10.64,Low,21.446399999999997,953.29,Medium Value,Low/Medium Value - Low/Medium Risk
6770-XUAGN,1,Month-to-month,21.0,21.0,28.1,Low,17.256,362.38,Low Value,Low/Medium Value - Low/Medium Risk
2919-HBCJO,4,Month-to-month,76.65,333.6,57.36,Medium,10.2336,784.41,Medium Value,Low/Medium Value - Low/Medium Risk
9508-ILZDG,34,Month-to-month,96.35,3190.25,43.63,Medium,13.5288,1303.5,High Value,High Value - Low/Medium Risk
5442-BHQNG,2,Month-to-month,70.35,139.25,63.83,High,8.680800000000001,610.69,Medium Value,Low/Medium Value - High Risk
7250-EQKIY,1,Month-to-month,50.45,50.45,32.24,Medium,16.2624,820.44,Medium Value,Low/Medium Value - Low/Medium Risk
6838-HVLXG,12,Month-to-month,20.3,246.7,12.87,Low,20.9112,424.5,Low Value,Low/Medium Value - Low/Medium Risk
9767-FFLEM,38,Month-to-month,69.5,2625.25,28.4,Low,17.183999999999997,1194.29,Medium Value,Low/Medium Value - Low/Medium Risk
2245-ADZFJ,31,Two year,80.55,2471.6,3.41,Low,23.1816,1867.28,High Value,High Value - Low/Medium Risk
1150-WFARN,67,Two year,108.75,7156.2,5.68,Low,22.6368,2461.75,High Value,High Value - Low/Medium Risk
9054-FOWNV,22,Month-to-month,88.75,1885.15,55.3,Medium,10.728000000000002,952.11,Medium Value,Low/Medium Value - Low/Medium Risk
7997-EASSD,63,One year,81.2,4965.1,10.36,Low,21.5136,1746.9,High Value,High Value - Low/Medium Risk
7560-QJAVJ,70,Two year,79.6,5589.45,0.88,Low,23.7888,1893.59,High Value,High Value - Low/Medium Risk
2668-TZSPS,1,Month-to-month,20.45,20.45,19.4,Low,19.344,395.58,Low Value,Low/Medium Value - Low/Medium Risk
9139-WQQDY,49,One year,100.45,4941.8,24.56,Low,18.1056,1818.71,High Value,High Value - Low/Medium Risk
6726-NNFWD,71,Two year,89.45,6435.25,3.56,Low,23.1456,2070.37,High Value,High Value - Low/Medium Risk
9330-DHBFL,23,One year,66.25,1533.8,3.52,Low,23.1552,1534.03,High Value,High Value - Low/Medium Risk
5727-MYATE,72,Two year,90.8,6397.6,1.17,Low,23.7192,2153.7,High Value,High Value - Low/Medium Risk
2824-DXNKN,72,Two year,71.45,5025.85,1.45,Low,23.652,1689.94,High Value,High Value - Low/Medium Risk
6166-ILMNY,2,Month-to-month,69.75,144.55,56.39,Medium,10.4664,730.03,Medium Value,Low/Medium Value - Low/Medium Risk
5236-XMZJY,42,Month-to-month,59.65,2536.55,4.85,Low,22.836,1362.17,High Value,High Value - Low/Medium Risk
1709-EJDOX,47,Two year,19.75,948.9,0.57,Low,23.8632,471.3,Low Value,Low/Medium Value - Low/Medium Risk
4962-CHQPW,29,One year,19.85,535.05,2.46,Low,23.4096,464.68,Low Value,Low/Medium Value - Low/Medium Risk
0301-FIDRB,72,Two year,63.8,4684.3,1.49,Low,23.6424,1508.39,High Value,High Value - Low/Medium Risk
1820-TQVEV,1,Month-to-month,69.55,69.55,74.19,High,6.1944,430.82,Low Value,Low/Medium Value - High Risk
9115-YQHGA,40,Month-to-month,51.1,2092.9,12.68,Low,20.9568,1070.89,Medium Value,Low/Medium Value - Low/Medium Risk
1541-ETJZO,1,Month-to-month,62.05,62.05,35.1,Medium,15.576,966.49,Medium Value,Low/Medium Value - Low/Medium Risk
6230-BSUXY,1,Month-to-month,85.0,85.0,79.33,High,4.9608,421.67,Low Value,Low/Medium Value - High Risk
6797-LNAQX,70,Two year,98.3,6859.5,4.94,Low,22.8144,2242.66,High Value,High Value - Low/Medium Risk
9588-YRFHY,49,Two year,19.9,1022.6,1.48,Low,23.6448,470.53,Low Value,Low/Medium Value - Low/Medium Risk
1092-GANHU,17,Month-to-month,76.65,1313.55,49.08,Medium,12.220800000000002,936.72,Medium Value,Low/Medium Value - Low/Medium Risk
5951-AOFIH,33,Month-to-month,66.4,2245.4,16.52,Low,20.0352,1330.34,High Value,High Value - Low/Medium Risk
7029-RPUAV,17,Month-to-month,100.45,1622.45,70.57,High,7.063200000000003,709.5,Medium Value,Low/Medium Value - High Risk
4700-UBQMV,21,One year,75.9,1549.75,12.49,Low,21.0024,1594.08,High Value,High Value - Low/Medium Risk
3594-UVONA,35,One year,85.95,3110.1,7.7,Low,22.152,1903.96,High Value,High Value - Low/Medium Risk
7750-EYXWZ,12,One year,60.65,743.3,28.0,Low,17.28,1048.03,Medium Value,Low/Medium Value - Low/Medium Risk
7054-ENNGU,9,Month-to-month,50.85,466.6,26.4,Low,17.664,898.21,Medium Value,Low/Medium Value - Low/Medium Risk
0402-OAMEN,72,Two year,24.45,1709.1,0.46,Low,23.889599999999998,584.1,Low Value,Low/Medium Value - Low/Medium Risk
2195-VVRJF,18,Month-to-month,59.1,1011.05,22.44,Low,18.6144,1100.11,Medium Value,Low/Medium Value - Low/Medium Risk
8819-ZBYNA,58,Two year,109.1,6393.65,8.26,Low,22.0176,2402.12,High Value,High Value - Low/Medium Risk
7748-UMTRK,30,Month-to-month,101.3,2974.5,59.59,Medium,9.6984,982.45,Medium Value,Low/Medium Value - Low/Medium Risk
1741-WTPON,56,Two year,115.85,6567.9,5.4,Low,22.704,2630.26,High Value,High Value - Low/Medium Risk
7209-JCUDS,10,Month-to-month,94.9,1048.85,74.92,High,6.0192000000000005,571.22,Low Value,Low/Medium Value - High Risk
2485-ITVKB,2,Month-to-month,35.1,68.75,72.23,High,6.664799999999999,233.93,Low Value,Low/Medium Value - High Risk
9648-BCHKM,18,Two year,24.65,471.35,2.86,Low,23.3136,574.68,Low Value,Low/Medium Value - Low/Medium Risk
0743-HRVFF,51,One year,56.15,2898.95,15.19,Low,20.3544,1142.9,Medium Value,Low/Medium Value - Low/Medium Risk
2522-AHJXR,60,Month-to-month,109.45,6572.85,30.51,Medium,16.677599999999998,1825.36,High Value,High Value - Low/Medium Risk
9143-CANJF,24,Month-to-month,55.15,1319.85,7.84,Low,22.1184,1219.83,Medium Value,Low/Medium Value - Low/Medium Risk
1444-VVSGW,70,One year,115.65,7968.85,7.44,Low,22.214399999999998,2569.1,High Value,High Value - Low/Medium Risk
6898-MDLZW,12,Month-to-month,53.75,648.65,24.8,Low,18.048000000000002,970.08,Medium Value,Low/Medium Value - Low/Medium Risk
0074-HDKDG,25,One year,61.6,1611.0,5.54,Low,22.6704,1396.5,High Value,High Value - Low/Medium Risk
3982-JGSFD,36,One year,20.35,695.85,3.0,Low,23.28,473.75,Low Value,Low/Medium Value - Low/Medium Risk
7928-VJYAB,11,Month-to-month,90.6,1020.2,62.56,High,8.985599999999998,814.1,Medium Value,Low/Medium Value - High Risk
1522-VVDMG,7,Month-to-month,89.75,608.8,57.3,Medium,10.248000000000001,919.76,Medium Value,Low/Medium Value - Low/Medium Risk
2665-NPTGL,26,Month-to-month,98.1,2510.7,63.05,High,8.868000000000002,869.95,Medium Value,Low/Medium Value - High Risk
8728-SKJLR,41,Month-to-month,74.25,3089.1,26.1,Low,17.736,1316.9,High Value,High Value - Low/Medium Risk
7733-UDMTP,57,Month-to-month,55.0,3094.05,33.01,Medium,16.077599999999997,884.27,Medium Value,Low/Medium Value - Low/Medium Risk
0431-APWVY,28,One year,90.1,2598.95,27.04,Low,17.5104,1577.69,High Value,High Value - Low/Medium Risk
5081-NWSUP,10,One year,64.9,685.55,12.5,Low,21.0,1362.9,High Value,High Value - Low/Medium Risk
2746-DIJLO,41,One year,56.3,2364.0,6.94,Low,22.3344,1257.43,Medium Value,Low/Medium Value - Low/Medium Risk
7277-OZCGZ,22,Month-to-month,89.05,1886.25,32.97,Medium,16.0872,1432.57,High Value,High Value - Low/Medium Risk
5236-PERKL,57,Two year,112.95,6465.0,10.72,Low,21.4272,2420.2,High Value,High Value - Low/Medium Risk
2788-CJQAQ,13,One year,19.45,270.2,4.7,Low,22.872,444.86,Low Value,Low/Medium Value - Low/Medium Risk
3096-WPXBT,61,One year,100.7,6018.65,12.38,Low,21.0288,2117.6,High Value,High Value - Low/Medium Risk
9962-BFPDU,1,Month-to-month,20.05,20.05,16.71,Low,19.9896,400.79,Low Value,Low/Medium Value - Low/Medium Risk
2892-GESUL,18,Two year,19.35,309.25,1.54,Low,23.6304,457.25,Low Value,Low/Medium Value - Low/Medium Risk
9741-YLNTD,6,Month-to-month,87.95,522.35,66.45,High,8.052,708.17,Medium Value,Low/Medium Value - High Risk
1205-WNWPJ,7,Month-to-month,59.5,415.95,37.1,Medium,15.096,898.21,Medium Value,Low/Medium Value - Low/Medium Risk
3173-NVMPX,9,Month-to-month,55.3,501.2,37.27,Medium,15.0552,832.55,Medium Value,Low/Medium Value - Low/Medium Risk
9661-MHUMO,1,Month-to-month,49.25,49.25,35.92,Medium,15.3792,757.43,Medium Value,Low/Medium Value - Low/Medium Risk
6000-APYLU,9,Month-to-month,80.8,713.1,71.1,High,6.936000000000001,560.43,Low Value,Low/Medium Value - High Risk
0048-PIHNL,49,One year,20.45,900.9,2.16,Low,23.4816,480.2,Low Value,Low/Medium Value - Low/Medium Risk
9420-LOJKX,15,Month-to-month,99.1,1426.4,40.01,Medium,14.397600000000002,1426.8,High Value,High Value - Low/Medium Risk
7061-OVMIM,30,One year,19.55,608.5,2.31,Low,23.4456,458.36,Low Value,Low/Medium Value - Low/Medium Risk
5671-RQRLP,70,Two year,75.65,5411.4,6.55,Low,22.428,1696.68,High Value,High Value - Low/Medium Risk
5129-JLPIS,25,Month-to-month,105.5,2686.05,47.95,Medium,12.491999999999999,1317.91,High Value,High Value - Low/Medium Risk
5170-PTRKA,49,One year,35.8,1782.0,5.16,Low,22.7616,814.87,Medium Value,Low/Medium Value - Low/Medium Risk
4819-HJPIW,18,Month-to-month,25.15,476.8,22.83,Low,18.5208,465.8,Low Value,Low/Medium Value - Low/Medium Risk
8780-RSYYU,25,Month-to-month,19.2,532.1,9.49,Low,21.7224,417.07,Low Value,Low/Medium Value - Low/Medium Risk
2335-GSODA,23,Two year,40.1,857.75,2.43,Low,23.416800000000002,939.01,Medium Value,Low/Medium Value - Low/Medium Risk
5696-CEIQJ,67,Two year,103.15,6895.5,3.75,Low,23.1,2382.77,High Value,High Value - Low/Medium Risk
6169-PPETC,35,Two year,20.5,759.35,0.9,Low,23.784,487.57,Low Value,Low/Medium Value - Low/Medium Risk
4237-RLAQD,1,Month-to-month,45.85,45.85,45.97,Medium,12.9672,594.55,Medium Value,Low/Medium Value - Low/Medium Risk
7359-WWYJV,72,Two year,114.45,8375.05,3.55,Low,23.148,2649.29,High Value,High Value - Low/Medium Risk
8620-RJPZN,1,Month-to-month,20.7,20.7,24.31,Low,18.1656,376.03,Low Value,Low/Medium Value - Low/Medium Risk
7426-WEIJX,60,Month-to-month,80.95,4859.1,26.97,Low,17.5272,1418.83,High Value,High Value - Low/Medium Risk
7629-WIXZF,7,One year,59.1,369.25,26.79,Low,17.5704,1038.41,Medium Value,Low/Medium Value - Low/Medium Risk
2616-FLVQC,64,Two year,19.55,1240.15,0.58,Low,23.860799999999998,466.48,Low Value,Low/Medium Value - Low/Medium Risk
9163-GHAYE,15,Month-to-month,48.85,736.8,21.22,Low,18.907200000000003,923.62,Medium Value,Low/Medium Value - Low/Medium Risk
4464-JCOLN,2,One year,19.85,35.9,8.57,Low,21.9432,435.57,Low Value,Low/Medium Value - Low/Medium Risk
2971-SGAFL,13,Month-to-month,78.75,995.35,41.33,Medium,14.0808,1108.86,Medium Value,Low/Medium Value - Low/Medium Risk
4735-ASGMA,26,Month-to-month,98.35,2515.3,67.25,High,7.86,773.03,Medium Value,Low/Medium Value - High Risk
5245-VDBUR,52,One year,35.45,1958.95,5.8,Low,22.607999999999997,801.45,Medium Value,Low/Medium Value - Low/Medium Risk
1493-AMTIE,1,Month-to-month,20.2,20.2,25.02,Low,17.9952,363.5,Low Value,Low/Medium Value - Low/Medium Risk
1112-CUNAO,15,Month-to-month,89.85,1424.95,56.32,Medium,10.4832,941.92,Medium Value,Low/Medium Value - Low/Medium Risk
7571-YXDAD,2,Month-to-month,74.9,147.15,62.74,High,8.9424,669.79,Medium Value,Low/Medium Value - High Risk
8714-EUHJO,31,Month-to-month,91.15,2995.45,47.51,Medium,12.5976,1148.27,Medium Value,Low/Medium Value - Low/Medium Risk
9040-KZVWO,26,One year,75.5,2018.1,14.66,Low,20.4816,1546.36,High Value,High Value - Low/Medium Risk
6713-OKOMC,10,Month-to-month,29.75,301.9,27.97,Low,17.2872,514.29,Low Value,Low/Medium Value - Low/Medium Risk
8749-CLJXC,1,Month-to-month,20.05,20.05,19.52,Low,19.315199999999997,387.27,Low Value,Low/Medium Value - Low/Medium Risk
4713-LZDRV,2,Month-to-month,79.6,195.05,79.25,High,4.98,396.41,Low Value,Low/Medium Value - High Risk
6598-RFFVI,2,One year,19.3,28.3,9.48,Low,21.724800000000002,419.29,Low Value,Low/Medium Value - Low/Medium Risk
7470-MCQTK,13,Month-to-month,48.75,633.4,50.42,Medium,11.8992,580.09,Low Value,Low/Medium Value - Low/Medium Risk
5524-KHNJP,33,One year,74.75,2453.3,5.18,Low,22.756800000000002,1701.07,High Value,High Value - Low/Medium Risk
1707-HABPF,46,One year,91.3,4126.35,13.84,Low,20.6784,1887.94,High Value,High Value - Low/Medium Risk
4581-LNWUM,13,Month-to-month,49.15,649.4,49.05,Medium,12.228000000000002,601.01,Medium Value,Low/Medium Value - Low/Medium Risk
9710-ZUSHQ,37,Month-to-month,106.75,4056.75,43.66,Medium,13.5216,1443.43,High Value,High Value - Low/Medium Risk
1697-LYYYX,61,One year,19.1,1143.8,1.06,Low,23.7456,453.54,Low Value,Low/Medium Value - Low/Medium Risk
4013-GUXND,1,Month-to-month,20.8,20.8,19.29,Low,19.3704,402.9,Low Value,Low/Medium Value - Low/Medium Risk
5022-JNQEQ,9,Month-to-month,75.85,647.5,53.03,Medium,11.2728,855.04,Medium Value,Low/Medium Value - Low/Medium Risk
4983-CCWMC,3,Month-to-month,69.6,207.4,66.01,High,8.157599999999999,567.77,Low Value,Low/Medium Value - High Risk
6345-FZOQH,69,Two year,19.9,1363.45,0.48,Low,23.8848,475.31,Low Value,Low/Medium Value - Low/Medium Risk
0962-CQPWQ,62,Two year,20.3,1296.15,0.49,Low,23.8824,484.81,Low Value,Low/Medium Value - Low/Medium Risk
5495-GPSRW,20,Two year,19.7,419.4,2.46,Low,23.4096,461.17,Low Value,Low/Medium Value - Low/Medium Risk
2252-JHJGE,61,One year,104.0,6363.45,21.42,Low,18.859199999999998,1961.36,High Value,High Value - Low/Medium Risk
7356-AYNJP,4,One year,23.9,97.5,16.23,Low,20.1048,480.5,Low Value,Low/Medium Value - Low/Medium Risk
2019-HDCZY,63,Two year,102.6,6296.75,14.76,Low,20.4576,2098.95,High Value,High Value - Low/Medium Risk
8582-KRHPJ,50,Month-to-month,35.0,1782.4,12.26,Low,21.0576,737.02,Medium Value,Low/Medium Value - Low/Medium Risk
2867-UIMSS,1,Month-to-month,80.5,80.5,70.04,High,7.1903999999999995,578.83,Low Value,Low/Medium Value - High Risk
3487-EARAT,70,One year,74.1,5222.3,1.0,Low,23.759999999999998,1760.62,High Value,High Value - Low/Medium Risk
9926-PJHDQ,72,Two year,76.8,5468.45,2.76,Low,23.337600000000002,1792.33,High Value,High Value - Low/Medium Risk
0289-IVARM,35,Month-to-month,60.55,1982.6,8.68,Low,21.916800000000002,1327.06,High Value,High Value - Low/Medium Risk
4672-FOTSD,12,Month-to-month,67.25,832.3,28.05,Low,17.268,1161.27,Medium Value,Low/Medium Value - Low/Medium Risk
6198-PNNSZ,56,One year,109.8,6109.65,16.36,Low,20.0736,2204.08,High Value,High Value - Low/Medium Risk
7603-USHJS,12,Month-to-month,73.75,871.4,58.05,Medium,10.068,742.52,Medium Value,Low/Medium Value - Low/Medium Risk
6784-XYJAE,36,One year,55.8,1941.5,9.74,Low,21.662399999999998,1208.76,Medium Value,Low/Medium Value - Low/Medium Risk
3858-XHYJO,40,One year,105.75,4228.55,19.24,Low,19.3824,2049.69,High Value,High Value - Low/Medium Risk
1087-UDSIH,3,Month-to-month,19.6,59.75,24.29,Low,18.1704,356.14,Low Value,Low/Medium Value - Low/Medium Risk
7251-LJBQN,40,One year,103.75,4188.4,29.48,Low,16.9248,1755.95,High Value,High Value - Low/Medium Risk
3200-MNQTF,67,Two year,70.9,4677.1,0.71,Low,23.8296,1689.52,High Value,High Value - Low/Medium Risk
9359-UGBTK,67,One year,72.35,4991.5,2.21,Low,23.4696,1698.03,High Value,High Value - Low/Medium Risk
8160-HOWOX,7,Month-to-month,66.85,458.1,58.01,Medium,10.0776,673.69,Medium Value,Low/Medium Value - Low/Medium Risk
0258-NOKBL,3,Month-to-month,90.4,268.45,63.86,High,8.6736,784.09,Medium Value,Low/Medium Value - High Risk
2800-QQUSO,42,Month-to-month,100.3,4222.95,50.55,Medium,11.868000000000002,1190.36,Medium Value,Low/Medium Value - Low/Medium Risk
2129-ALKBS,40,Month-to-month,26.2,1077.5,8.4,Low,21.984,575.98,Low Value,Low/Medium Value - Low/Medium Risk
9972-VAFJJ,53,One year,94.0,4871.45,19.07,Low,19.4232,1825.78,High Value,High Value - Low/Medium Risk
4693-VWVBO,3,Month-to-month,19.55,61.05,23.16,Low,18.4416,360.53,Low Value,Low/Medium Value - Low/Medium Risk
6969-MVBAI,9,Month-to-month,90.1,816.8,79.55,High,4.908,442.21,Low Value,Low/Medium Value - High Risk
4821-WQOYN,72,Two year,20.1,1326.25,0.45,Low,23.892000000000003,480.23,Low Value,Low/Medium Value - Low/Medium Risk
6769-DYBQN,46,Month-to-month,85.0,3969.4,21.85,Low,18.756,1594.26,High Value,High Value - Low/Medium Risk
4018-PPNDW,61,Two year,24.1,1551.6,1.12,Low,23.7312,571.92,Low Value,Low/Medium Value - Low/Medium Risk
6288-CHQJB,54,Two year,69.95,3871.85,1.12,Low,23.7312,1660.0,High Value,High Value - Low/Medium Risk
4905-JEFDW,11,One year,41.6,470.6,44.23,Medium,13.384800000000002,556.81,Low Value,Low/Medium Value - Low/Medium Risk
0559-CKHUS,29,Two year,19.55,521.8,2.17,Low,23.4792,459.02,Low Value,Low/Medium Value - Low/Medium Risk
2659-VXMWZ,67,One year,111.3,7482.1,17.89,Low,19.7064,2193.32,High Value,High Value - Low/Medium Risk
6559-RAKOZ,49,One year,97.95,4917.9,30.29,Medium,16.730400000000003,1638.74,High Value,High Value - Low/Medium Risk
8809-XKHMD,72,Two year,100.55,7325.1,3.95,Low,23.052,2317.88,High Value,High Value - Low/Medium Risk
6365-HITVU,71,Two year,87.25,6328.7,0.58,Low,23.860799999999998,2081.85,High Value,High Value - Low/Medium Risk
0134-XWXCE,44,One year,74.85,3268.05,4.89,Low,22.8264,1708.56,High Value,High Value - Low/Medium Risk
9720-JJJOR,41,One year,60.3,2511.3,3.03,Low,23.2728,1403.35,High Value,High Value - Low/Medium Risk
2782-LFZVW,11,Month-to-month,58.95,601.6,50.03,Medium,11.9928,706.98,Medium Value,Low/Medium Value - Low/Medium Risk
6112-KTHFQ,13,Month-to-month,19.3,279.3,12.9,Low,20.904,403.45,Low Value,Low/Medium Value - Low/Medium Risk
9220-ZNKJI,55,Two year,88.8,4805.3,5.46,Low,22.6896,2014.84,High Value,High Value - Low/Medium Risk
9820-RMCQV,11,Month-to-month,48.55,501.0,19.65,Low,19.284,936.24,Medium Value,Low/Medium Value - Low/Medium Risk
9013-AQORL,48,Month-to-month,45.55,2108.35,9.22,Low,21.7872,992.41,Medium Value,Low/Medium Value - Low/Medium Risk
2040-OBMLJ,31,One year,81.7,2548.65,13.62,Low,20.7312,1693.74,High Value,High Value - Low/Medium Risk
5574-NXZIU,63,Two year,109.2,7049.75,3.42,Low,23.1792,2531.17,High Value,High Value - Low/Medium Risk
5446-DKWYW,61,One year,65.2,3965.05,11.31,Low,21.285600000000002,1387.82,High Value,High Value - Low/Medium Risk
0480-KYJVA,72,Two year,24.25,1784.5,0.45,Low,23.892000000000003,579.38,Low Value,Low/Medium Value - Low/Medium Risk
1074-AMIOH,53,Month-to-month,108.25,5935.1,27.97,Low,17.2872,1871.34,High Value,High Value - Low/Medium Risk
0015-UOCOJ,7,Month-to-month,48.2,340.35,42.0,Medium,13.920000000000002,670.94,Medium Value,Low/Medium Value - Low/Medium Risk
0256-LTHVJ,28,Month-to-month,81.05,2227.1,46.1,Medium,12.935999999999998,1048.46,Medium Value,Low/Medium Value - Low/Medium Risk
4547-LYTDD,16,Month-to-month,72.65,1194.3,50.98,Medium,11.764800000000001,854.71,Medium Value,Low/Medium Value - Low/Medium Risk
1077-HUUJM,7,Month-to-month,71.05,472.65,62.64,High,8.9664,637.06,Medium Value,Low/Medium Value - High Risk
2041-JIJCI,5,Month-to-month,64.0,370.25,59.47,Medium,9.7272,622.54,Medium Value,Low/Medium Value - Low/Medium Risk
1555-HAPSU,71,Two year,23.9,1663.5,0.47,Low,23.8872,570.9,Low Value,Low/Medium Value - Low/Medium Risk
4323-SADQS,7,Month-to-month,34.5,279.25,34.58,Medium,15.700800000000001,541.68,Low Value,Low/Medium Value - Low/Medium Risk
3292-PBZEJ,11,Month-to-month,111.4,1183.05,77.81,High,5.3256,593.27,Medium Value,Low/Medium Value - High Risk
6203-HBZPA,52,Two year,63.9,3334.95,2.68,Low,23.3568,1492.5,High Value,High Value - Low/Medium Risk
9755-JHNMN,49,Two year,67.4,3306.85,1.02,Low,23.755200000000002,1601.1,High Value,High Value - Low/Medium Risk
7369-TRPFD,19,One year,18.8,279.2,3.69,Low,23.1144,434.55,Low Value,Low/Medium Value - Low/Medium Risk
9878-TNQGW,2,Month-to-month,80.95,171.15,76.42,High,5.6592,458.11,Low Value,Low/Medium Value - High Risk
2279-AXJJK,52,Month-to-month,95.65,5088.4,29.95,Low,16.812,1608.07,High Value,High Value - Low/Medium Risk
5016-IBERQ,23,Month-to-month,84.25,1968.1,39.95,Medium,14.412,1214.21,Medium Value,Low/Medium Value - Low/Medium Risk
1016-DJTSV,8,Month-to-month,69.7,572.85,71.62,High,6.811199999999999,474.74,Low Value,Low/Medium Value - High Risk
8433-WPJTV,65,One year,103.9,6767.1,19.42,Low,19.339199999999998,2009.34,High Value,High Value - Low/Medium Risk
8903-XEBGX,2,Month-to-month,55.3,108.65,53.4,Medium,11.184,618.48,Medium Value,Low/Medium Value - Low/Medium Risk
2632-TACXW,62,Two year,23.65,1416.75,0.87,Low,23.7912,562.66,Low Value,Low/Medium Value - Low/Medium Risk
7952-OBOYL,3,Month-to-month,89.85,244.45,61.39,High,9.2664,832.59,Medium Value,Low/Medium Value - High Risk
1470-PSXNM,49,One year,93.65,4520.15,28.03,Low,17.2728,1617.6,High Value,High Value - Low/Medium Risk
6227-HWPWX,15,Month-to-month,69.0,994.8,30.71,Medium,16.629600000000003,1147.44,Medium Value,Low/Medium Value - Low/Medium Risk
5924-SNGKP,41,One year,20.25,865.0,1.96,Low,23.529600000000002,476.47,Low Value,Low/Medium Value - Low/Medium Risk
8818-DOPVL,46,Month-to-month,104.45,4863.85,54.69,Medium,10.874400000000001,1135.83,Medium Value,Low/Medium Value - Low/Medium Risk
4521-WFJAI,56,Two year,25.95,1444.05,1.54,Low,23.6304,613.21,Medium Value,Low/Medium Value - Low/Medium Risk
4724-WXVWF,48,Month-to-month,95.4,4445.3,23.98,Low,18.244799999999998,1740.55,High Value,High Value - Low/Medium Risk
3717-OEAUQ,2,Month-to-month,70.7,129.2,56.63,Medium,10.4088,735.9,Medium Value,Low/Medium Value - Low/Medium Risk
8165-ZJRNM,72,Two year,23.75,1679.25,0.46,Low,23.889599999999998,567.38,Low Value,Low/Medium Value - Low/Medium Risk
7838-LAZFO,45,One year,78.8,3597.5,3.54,Low,23.1504,1824.25,High Value,High Value - Low/Medium Risk
0513-RBGPE,37,Two year,62.8,2278.75,2.05,Low,23.508000000000003,1476.3,High Value,High Value - Low/Medium Risk
7251-XFOIL,61,Month-to-month,89.2,5500.6,26.11,Low,17.7336,1581.84,High Value,High Value - Low/Medium Risk
2525-GVKQU,60,Two year,20.6,1093.0,0.66,Low,23.8416,491.14,Low Value,Low/Medium Value - Low/Medium Risk
7579-OOPEC,2,Month-to-month,50.15,115.1,34.51,Medium,15.717600000000001,788.24,Medium Value,Low/Medium Value - Low/Medium Risk
3795-GWTRD,63,Two year,75.55,4707.85,0.62,Low,23.8512,1801.96,High Value,High Value - Low/Medium Risk
4750-ZRXIU,4,Month-to-month,84.6,360.1,83.03,High,4.072799999999999,344.56,Low Value,Low/Medium Value - High Risk
5445-PZWGX,62,One year,102.0,6529.25,10.6,Low,21.456,2188.51,High Value,High Value - Low/Medium Risk
0516-UXRMT,62,One year,92.05,5755.8,11.95,Low,21.132,1945.2,High Value,High Value - Low/Medium Risk
0727-BNRLG,69,Two year,97.65,6743.55,4.8,Low,22.848,2231.11,High Value,High Value - Low/Medium Risk
3932-CMDTD,4,One year,105.65,443.9,57.43,Medium,10.2168,1079.4,Medium Value,Low/Medium Value - Low/Medium Risk
1264-FUHCX,49,One year,56.3,2780.6,12.25,Low,21.06,1185.68,Medium Value,Low/Medium Value - Low/Medium Risk
6194-HBGQN,51,One year,81.15,4126.2,4.91,Low,22.8216,1851.97,High Value,High Value - Low/Medium Risk
4524-QCSSM,26,Month-to-month,44.65,1156.55,24.66,Low,18.081599999999998,807.34,Medium Value,Low/Medium Value - Low/Medium Risk
4570-QHXHL,9,Month-to-month,43.75,405.7,46.01,Medium,12.957600000000001,566.9,Low Value,Low/Medium Value - Low/Medium Risk
2972-YDYUW,57,One year,94.7,5468.95,14.0,Low,20.64,1954.61,High Value,High Value - Low/Medium Risk
2061-VVFST,37,Month-to-month,19.5,805.2,4.33,Low,22.9608,447.74,Low Value,Low/Medium Value - Low/Medium Risk
6874-SGLHU,30,One year,97.0,3021.3,25.29,Low,17.9304,1739.25,High Value,High Value - Low/Medium Risk
9844-FELAJ,70,One year,107.9,7475.85,19.79,Low,19.2504,2077.12,High Value,High Value - Low/Medium Risk
1902-XBTFB,22,Month-to-month,89.4,2001.5,41.67,Medium,13.999199999999998,1251.53,Medium Value,Low/Medium Value - Low/Medium Risk
9039-RBEEE,39,Month-to-month,48.95,1880.85,11.78,Low,21.1728,1036.41,Medium Value,Low/Medium Value - Low/Medium Risk
9369-XFEHK,33,Month-to-month,80.6,2656.5,39.58,Medium,14.500800000000002,1168.76,Medium Value,Low/Medium Value - Low/Medium Risk
3680-CTHUH,60,One year,116.6,7049.5,14.03,Low,20.6328,2405.78,High Value,High Value - Low/Medium Risk
3679-XASPY,1,Month-to-month,19.45,19.45,21.69,Low,18.7944,365.55,Low Value,Low/Medium Value - Low/Medium Risk
9089-UOWJG,12,Month-to-month,58.35,740.55,34.99,Medium,15.602399999999998,910.4,Medium Value,Low/Medium Value - Low/Medium Risk
1574-DYCWE,51,Two year,19.95,1028.75,0.83,Low,23.800800000000002,474.83,Low Value,Low/Medium Value - Low/Medium Risk
9779-DPNEJ,22,Month-to-month,80.15,1790.65,46.51,Medium,12.837600000000002,1028.93,Medium Value,Low/Medium Value - Low/Medium Risk
2967-MXRAV,1,One year,18.8,18.8,9.08,Low,21.8208,410.23,Low Value,Low/Medium Value - Low/Medium Risk
0327-WFZSY,39,One year,100.0,3835.55,25.01,Low,17.9976,1799.76,High Value,High Value - Low/Medium Risk
1731-TVIUK,4,Month-to-month,93.5,362.2,71.47,High,6.8472,640.21,Medium Value,Low/Medium Value - High Risk
7666-WKRON,39,Two year,80.45,3201.55,7.65,Low,22.164,1783.09,High Value,High Value - Low/Medium Risk
3865-ZYKAD,69,Month-to-month,84.9,5785.65,15.8,Low,20.208,1715.66,High Value,High Value - Low/Medium Risk
1465-LNTLJ,8,Month-to-month,64.4,581.7,38.93,Medium,14.6568,943.9,Medium Value,Low/Medium Value - Low/Medium Risk
2696-RZVZW,68,Two year,25.05,1629.2,0.66,Low,23.8416,597.23,Medium Value,Low/Medium Value - Low/Medium Risk
0685-MLYYM,2,Month-to-month,70.75,154.85,67.14,High,7.8864,557.96,Low Value,Low/Medium Value - High Risk
2778-OCLGR,24,Month-to-month,39.1,971.3,21.87,Low,18.7512,733.17,Medium Value,Low/Medium Value - Low/Medium Risk
3982-XWFZQ,42,Month-to-month,50.25,2203.65,21.58,Low,18.8208,945.75,Medium Value,Low/Medium Value - Low/Medium Risk
4759-PXTAN,59,One year,80.1,4693.2,9.99,Low,21.6024,1730.35,High Value,High Value - Low/Medium Risk
1448-PWKYE,1,Month-to-month,80.0,80.0,66.52,High,8.0352,642.82,Medium Value,Low/Medium Value - High Risk
8741-LQOBK,46,Month-to-month,35.05,1620.25,5.88,Low,22.5888,791.74,Medium Value,Low/Medium Value - Low/Medium Risk
8650-RHRKE,4,Month-to-month,29.65,118.5,59.86,Medium,9.6336,285.64,Low Value,Low/Medium Value - Low/Medium Risk
7266-GSSJX,11,Month-to-month,20.45,250.8,20.74,Low,19.022399999999998,389.01,Low Value,Low/Medium Value - Low/Medium Risk
1265-HVPZB,59,One year,66.4,3958.2,2.93,Low,23.2968,1546.91,High Value,High Value - Low/Medium Risk
9640-ZSLDC,53,One year,60.6,3297.0,4.79,Low,22.8504,1384.73,High Value,High Value - Low/Medium Risk
0988-JRWWP,3,Month-to-month,54.2,140.4,57.64,Medium,10.1664,551.02,Low Value,Low/Medium Value - Low/Medium Risk
1926-QUZNN,72,Two year,25.25,1841.2,0.81,Low,23.8056,601.09,Medium Value,Low/Medium Value - Low/Medium Risk
9025-ZRPVR,9,Month-to-month,18.95,185.6,20.35,Low,19.116,362.25,Low Value,Low/Medium Value - Low/Medium Risk
6527-PZFPV,24,One year,20.8,469.65,3.29,Low,23.2104,482.78,Low Value,Low/Medium Value - Low/Medium Risk
7460-ITWWP,45,Month-to-month,86.1,3861.45,38.28,Medium,14.8128,1275.38,Medium Value,Low/Medium Value - Low/Medium Risk
1530-ZTDOZ,49,Month-to-month,40.65,2070.75,15.27,Low,20.3352,826.63,Medium Value,Low/Medium Value - Low/Medium Risk
4785-FCIFB,61,Two year,24.4,1417.9,0.94,Low,23.7744,580.1,Low Value,Low/Medium Value - Low/Medium Risk
9717-QEBGU,2,Month-to-month,70.3,144.0,72.33,High,6.640800000000001,466.85,Low Value,Low/Medium Value - High Risk
0876-WDUUZ,5,Month-to-month,85.4,425.9,57.69,Medium,10.1544,867.19,Medium Value,Low/Medium Value - Low/Medium Risk
7881-EVUAD,2,Month-to-month,42.6,72.4,59.32,Medium,9.763200000000001,415.91,Low Value,Low/Medium Value - Low/Medium Risk
4002-BQWPQ,25,Month-to-month,81.75,2028.8,10.68,Low,21.436799999999998,1752.46,High Value,High Value - Low/Medium Risk
6377-WHAOX,60,Month-to-month,106.15,6411.25,51.76,Medium,11.5776,1228.96,Medium Value,Low/Medium Value - Low/Medium Risk
5027-YOCXN,51,One year,110.05,5686.4,12.09,Low,21.098399999999998,2321.88,High Value,High Value - Low/Medium Risk
8450-JOVAH,2,Month-to-month,56.7,113.55,29.94,Low,16.8144,953.38,Medium Value,Low/Medium Value - Low/Medium Risk
6646-QVXLR,62,One year,103.75,6383.35,36.81,Medium,15.165599999999998,1573.43,High Value,High Value - Low/Medium Risk
0254-KCJGT,52,One year,81.4,4354.45,4.92,Low,22.8192,1857.48,High Value,High Value - Low/Medium Risk
3442-ZHHCC,68,One year,76.9,5023.0,3.49,Low,23.162399999999998,1781.19,High Value,High Value - Low/Medium Risk
9167-APMXZ,22,Month-to-month,84.15,1821.95,50.45,Medium,11.892,1000.71,Medium Value,Low/Medium Value - Low/Medium Risk
0616-ATFGB,1,Month-to-month,25.05,25.05,58.92,Medium,9.859199999999998,246.97,Low Value,Low/Medium Value - Low/Medium Risk
7273-TEFQD,3,Month-to-month,41.15,132.2,73.18,High,6.436799999999997,264.87,Low Value,Low/Medium Value - High Risk
8245-UMPYT,16,Month-to-month,96.4,1581.2,72.49,High,6.6024,636.47,Medium Value,Low/Medium Value - High Risk
6022-UGGSO,32,Month-to-month,74.4,2276.95,40.67,Medium,14.239199999999999,1059.4,Medium Value,Low/Medium Value - Low/Medium Risk
6292-TOSSS,50,Two year,24.9,1195.25,1.39,Low,23.6664,589.29,Low Value,Low/Medium Value - Low/Medium Risk
5207-PLSTK,1,Month-to-month,48.75,48.75,33.09,Medium,16.0584,782.85,Medium Value,Low/Medium Value - Low/Medium Risk
3908-BLSYF,6,Month-to-month,83.9,497.55,65.5,High,8.28,694.69,Medium Value,Low/Medium Value - High Risk
4317-VTEOA,1,Month-to-month,50.75,50.75,49.3,Medium,12.168,617.53,Medium Value,Low/Medium Value - Low/Medium Risk
0625-AFOHS,29,Two year,20.2,558.8,1.21,Low,23.709600000000002,478.93,Low Value,Low/Medium Value - Low/Medium Risk
4667-OHGKG,1,Month-to-month,19.3,19.3,26.36,Low,17.6736,341.1,Low Value,Low/Medium Value - Low/Medium Risk
2386-OWURY,58,Month-to-month,95.3,5817.7,34.1,Medium,15.816,1507.26,High Value,High Value - Low/Medium Risk
3780-DDGSE,35,Month-to-month,76.05,2747.2,18.92,Low,19.4592,1479.87,High Value,High Value - Low/Medium Risk
1047-RNXZV,43,Two year,19.55,876.15,0.81,Low,23.8056,465.4,Low Value,Low/Medium Value - Low/Medium Risk
3926-YZVVX,41,One year,50.05,2029.05,3.07,Low,23.2632,1164.32,Medium Value,Low/Medium Value - Low/Medium Risk
4742-TXUEX,47,Two year,19.3,890.5,0.54,Low,23.8704,460.7,Low Value,Low/Medium Value - Low/Medium Risk
8709-KRDVL,33,Month-to-month,100.0,3320.6,56.27,Medium,10.4952,1049.52,Medium Value,Low/Medium Value - Low/Medium Risk
0397-ZXWQF,67,Two year,20.5,1430.95,0.48,Low,23.8848,489.64,Low Value,Low/Medium Value - Low/Medium Risk
3910-MRQOY,72,Two year,19.4,1496.45,0.4,Low,23.904,463.74,Low Value,Low/Medium Value - Low/Medium Risk
2511-MORQY,50,One year,54.9,2614.1,6.04,Low,22.5504,1238.02,Medium Value,Low/Medium Value - Low/Medium Risk
4039-PIMHX,49,Two year,49.8,2398.4,2.89,Low,23.3064,1160.66,Medium Value,Low/Medium Value - Low/Medium Risk
8083-YTZES,4,Month-to-month,74.35,265.35,77.29,High,5.450399999999999,405.24,Low Value,Low/Medium Value - High Risk
1346-PJWTK,61,Month-to-month,94.15,5731.85,12.92,Low,20.8992,1967.66,High Value,High Value - Low/Medium Risk
3750-YHRYO,7,One year,20.65,150.0,6.93,Low,22.3368,461.25,Low Value,Low/Medium Value - Low/Medium Risk
1236-WFCDV,14,Month-to-month,90.45,1266.1,49.78,Medium,12.0528,1090.18,Medium Value,Low/Medium Value - Low/Medium Risk
5949-HGVJL,26,Month-to-month,73.05,1959.5,26.79,Low,17.5704,1283.52,High Value,High Value - Low/Medium Risk
9112-WSNPU,35,Month-to-month,70.55,2419.0,32.75,Medium,16.14,1138.68,Medium Value,Low/Medium Value - Low/Medium Risk
1360-JYXKQ,54,One year,99.1,5437.1,25.85,Low,17.796,1763.58,High Value,High Value - Low/Medium Risk
3585-ISXZP,8,Month-to-month,95.65,778.1,67.91,High,7.701600000000002,736.66,Medium Value,Low/Medium Value - High Risk
8380-PEFPE,1,Month-to-month,71.65,71.65,68.24,High,7.6224000000000025,546.14,Low Value,Low/Medium Value - High Risk
9402-ROUMJ,67,One year,100.25,6689.0,8.83,Low,21.8808,2193.55,High Value,High Value - Low/Medium Risk
4335-UPJSI,24,Two year,19.75,498.1,1.15,Low,23.724,468.55,Low Value,Low/Medium Value - Low/Medium Risk
6096-EGVTU,64,One year,24.9,1595.5,1.4,Low,23.664,589.23,Low Value,Low/Medium Value - Low/Medium Risk
8988-ECPJR,34,Month-to-month,79.6,2718.3,35.41,Medium,15.5016,1233.93,Medium Value,Low/Medium Value - Low/Medium Risk
7677-SJJJK,8,One year,19.9,153.95,6.3,Low,22.488,447.51,Low Value,Low/Medium Value - Low/Medium Risk
5850-BDWCY,6,Month-to-month,20.2,123.65,16.09,Low,20.138399999999997,406.8,Low Value,Low/Medium Value - Low/Medium Risk
2025-JKFWI,13,Month-to-month,99.0,1301.7,58.11,Medium,10.053600000000001,995.31,Medium Value,Low/Medium Value - Low/Medium Risk
8028-PNXHQ,62,Two year,24.25,1424.6,1.03,Low,23.7528,576.01,Low Value,Low/Medium Value - Low/Medium Risk
8397-MVTAZ,34,Month-to-month,100.05,3480.0,66.99,High,7.922400000000001,792.64,Medium Value,Low/Medium Value - High Risk
4445-ZJNMU,9,Month-to-month,99.3,918.75,71.76,High,6.7776,673.02,Medium Value,Low/Medium Value - High Risk
3125-RAHBV,22,One year,20.3,467.15,2.97,Low,23.287200000000002,472.73,Low Value,Low/Medium Value - Low/Medium Risk
6682-QJDGB,40,Month-to-month,55.25,2139.2,6.52,Low,22.4352,1239.54,Medium Value,Low/Medium Value - Low/Medium Risk
8840-DQLGN,35,Month-to-month,100.5,3653.35,32.91,Medium,16.1016,1618.21,High Value,High Value - Low/Medium Risk
6258-NGCNG,7,Month-to-month,23.5,173.0,21.15,Low,18.924,444.71,Low Value,Low/Medium Value - Low/Medium Risk
5917-RYRMG,32,One year,19.8,587.7,2.89,Low,23.3064,461.47,Low Value,Low/Medium Value - Low/Medium Risk
7157-SMCFK,61,Two year,19.75,1124.2,0.53,Low,23.8728,471.49,Low Value,Low/Medium Value - Low/Medium Risk
0816-TSPHQ,2,Month-to-month,20.75,44.2,18.65,Low,19.524,405.12,Low Value,Low/Medium Value - Low/Medium Risk
6766-HFKLA,56,Two year,103.2,5744.35,10.64,Low,21.446399999999997,2213.27,High Value,High Value - Low/Medium Risk
7067-KSAZT,65,One year,106.25,6979.8,33.06,Medium,16.0656,1706.97,High Value,High Value - Low/Medium Risk
5155-AZQPB,28,Month-to-month,49.9,1410.25,16.74,Low,19.9824,997.12,Medium Value,Low/Medium Value - Low/Medium Risk
6890-PFRQX,18,Month-to-month,69.5,1199.4,19.34,Low,19.3584,1345.41,High Value,High Value - Low/Medium Risk
3508-VLHCZ,71,Two year,90.55,6239.05,1.19,Low,23.714399999999998,2147.34,High Value,High Value - Low/Medium Risk
3649-JPUGY,72,Two year,88.6,6201.95,1.98,Low,23.5248,2084.3,High Value,High Value - Low/Medium Risk
9248-OJYKK,1,Month-to-month,76.45,76.45,81.14,High,4.5264,346.04,Low Value,Low/Medium Value - High Risk
7239-HZZCX,1,Month-to-month,19.75,19.75,19.62,Low,19.2912,381.0,Low Value,Low/Medium Value - Low/Medium Risk
9860-LISIZ,34,Month-to-month,20.35,673.2,4.88,Low,22.8288,464.57,Low Value,Low/Medium Value - Low/Medium Risk
6979-ZNSFF,8,Month-to-month,87.05,762.1,77.42,High,5.4192,471.74,Low Value,Low/Medium Value - High Risk
8938-UMKPI,47,Month-to-month,106.4,5127.95,49.18,Medium,12.1968,1297.74,High Value,High Value - Low/Medium Risk
1820-DJFPH,72,Two year,24.05,1709.15,0.67,Low,23.839199999999998,573.33,Low Value,Low/Medium Value - Low/Medium Risk
0732-OCQOC,52,Two year,25.05,1270.25,1.53,Low,23.6328,592.0,Low Value,Low/Medium Value - Low/Medium Risk
6776-TLWOI,3,Month-to-month,19.85,64.55,18.27,Low,19.6152,389.36,Low Value,Low/Medium Value - Low/Medium Risk
4940-KHCWD,60,Two year,37.7,2288.7,1.25,Low,23.700000000000003,893.49,Medium Value,Low/Medium Value - Low/Medium Risk
9057-SIHCH,3,Month-to-month,96.6,291.9,84.05,High,3.8279999999999994,369.78,Low Value,Low/Medium Value - High Risk
9866-QEVEE,19,Month-to-month,86.0,1532.45,52.86,Medium,11.313600000000001,972.97,Medium Value,Low/Medium Value - Low/Medium Risk
5542-TBBWB,1,Month-to-month,69.9,69.9,74.06,High,6.225599999999999,435.17,Low Value,Low/Medium Value - High Risk
4587-VVTOX,6,Month-to-month,105.3,545.2,84.35,High,3.756000000000002,395.51,Low Value,Low/Medium Value - High Risk
6322-HRPFA,49,Month-to-month,59.6,2970.3,3.9,Low,23.064,1374.61,High Value,High Value - Low/Medium Risk
6284-AHOOQ,22,Month-to-month,90.5,1910.6,45.26,Medium,13.137599999999999,1188.95,Medium Value,Low/Medium Value - Low/Medium Risk
4530-NDRKU,42,One year,19.05,761.85,2.88,Low,23.308799999999998,444.03,Low Value,Low/Medium Value - Low/Medium Risk
1751-NCDLI,46,Month-to-month,98.85,4564.9,53.33,Medium,11.200800000000001,1107.2,Medium Value,Low/Medium Value - Low/Medium Risk
3893-JRNFS,68,Month-to-month,39.9,2796.35,14.72,Low,20.4672,816.64,Medium Value,Low/Medium Value - Low/Medium Risk
5857-XRECV,2,One year,20.5,38.25,7.68,Low,22.1568,454.21,Low Value,Low/Medium Value - Low/Medium Risk
3115-CZMZD,0,Two year,20.25,0.0,4.46,Low,22.9296,464.32,Low Value,Low/Medium Value - Low/Medium Risk
4489-SNOJF,35,Month-to-month,72.25,2568.55,10.97,Low,21.3672,1543.78,High Value,High Value - Low/Medium Risk
1051-GEJLJ,2,Month-to-month,19.5,27.55,18.74,Low,19.5024,380.3,Low Value,Low/Medium Value - Low/Medium Risk
3563-SVYLG,68,Two year,62.65,4375.8,0.44,Low,23.8944,1496.98,High Value,High Value - Low/Medium Risk
4301-VVZKA,16,Month-to-month,75.4,1189.4,60.2,High,9.552,720.22,Medium Value,Low/Medium Value - High Risk
9351-HXDMR,72,Two year,110.9,8240.85,5.81,Low,22.6056,2506.96,High Value,High Value - Low/Medium Risk
5161-XEUVX,37,Two year,94.3,3460.95,8.0,Low,22.080000000000002,2082.14,High Value,High Value - Low/Medium Risk
3088-FVYWK,53,Two year,25.55,1336.1,1.0,Low,23.759999999999998,607.07,Medium Value,Low/Medium Value - Low/Medium Risk
9812-GHVRI,40,Month-to-month,83.85,3532.25,30.84,Medium,16.598399999999998,1391.78,High Value,High Value - Low/Medium Risk
1370-GGAWX,46,One year,94.15,4408.45,22.54,Low,18.5904,1750.29,High Value,High Value - Low/Medium Risk
6023-YEBUP,3,Month-to-month,100.95,329.95,87.56,High,2.985599999999999,301.4,Low Value,Low/Medium Value - High Risk
9940-RHLFB,1,Month-to-month,75.3,75.3,64.2,High,8.591999999999999,646.98,Medium Value,Low/Medium Value - High Risk
4541-RMRLG,7,Month-to-month,19.25,112.3,20.59,Low,19.0584,366.87,Low Value,Low/Medium Value - Low/Medium Risk
2606-RMDHZ,6,Month-to-month,30.5,208.7,44.09,Medium,13.418399999999998,409.26,Low Value,Low/Medium Value - Low/Medium Risk
5575-TPIZQ,46,Month-to-month,89.15,4245.55,25.4,Low,17.904,1596.14,High Value,High Value - Low/Medium Risk
9378-FXTIZ,54,One year,70.15,3715.65,13.24,Low,20.822400000000002,1460.69,High Value,High Value - Low/Medium Risk
4631-OACRM,15,Month-to-month,79.4,1156.1,62.05,High,9.108,723.18,Medium Value,Low/Medium Value - High Risk
8593-WHYHV,3,Month-to-month,85.3,264.8,81.4,High,4.463999999999999,380.78,Low Value,Low/Medium Value - High Risk
1403-GYAFU,70,Two year,20.05,1360.25,0.35,Low,23.916,479.52,Low Value,Low/Medium Value - Low/Medium Risk
7641-TQFHN,39,Two year,100.55,3895.35,9.6,Low,21.696,2181.53,High Value,High Value - Low/Medium Risk
4237-CLSMM,2,Month-to-month,20.0,38.0,19.44,Low,19.3344,386.69,Low Value,Low/Medium Value - Low/Medium Risk
4360-PNRQB,18,Month-to-month,75.6,1395.05,48.32,Medium,12.403199999999998,937.68,Medium Value,Low/Medium Value - Low/Medium Risk
5334-AFQJB,72,Two year,25.1,1789.9,0.9,Low,23.784,596.98,Medium Value,Low/Medium Value - Low/Medium Risk
9308-ANMVE,47,Month-to-month,55.3,2654.05,6.7,Low,22.392000000000003,1238.28,Medium Value,Low/Medium Value - Low/Medium Risk
3530-VWVGU,22,Month-to-month,19.9,400.3,5.42,Low,22.699199999999998,451.71,Low Value,Low/Medium Value - Low/Medium Risk
4674-HGNUA,71,Two year,89.9,6457.15,0.86,Low,23.793599999999998,2139.04,High Value,High Value - Low/Medium Risk
3030-YDNRM,8,Month-to-month,74.85,572.45,74.18,High,6.1968,463.83,Low Value,Low/Medium Value - High Risk
3642-BYHDO,71,Two year,19.9,1389.35,0.33,Low,23.9208,476.02,Low Value,Low/Medium Value - Low/Medium Risk
0440-UEDAI,53,One year,94.45,5042.75,11.73,Low,21.184800000000003,2000.9,High Value,High Value - Low/Medium Risk
9819-FBNSV,37,Month-to-month,72.25,2575.45,31.71,Medium,16.3896,1184.15,Medium Value,Low/Medium Value - Low/Medium Risk
9289-LBQVU,64,One year,70.15,4480.7,4.96,Low,22.8096,1600.09,High Value,High Value - Low/Medium Risk
4468-YDOVK,5,Month-to-month,48.65,235.2,28.82,Low,17.083199999999998,831.1,Medium Value,Low/Medium Value - Low/Medium Risk
2001-EWBQU,60,Two year,104.7,6333.8,14.24,Low,20.5824,2154.98,High Value,High Value - Low/Medium Risk
9992-UJOEL,2,Month-to-month,50.3,92.75,40.82,Medium,14.203199999999999,714.42,Medium Value,Low/Medium Value - Low/Medium Risk
8409-WQJUX,25,One year,54.2,1423.15,20.08,Low,19.1808,1039.6,Medium Value,Low/Medium Value - Low/Medium Risk
3077-RSNTJ,6,Month-to-month,19.7,113.5,14.0,Low,20.64,406.61,Low Value,Low/Medium Value - Low/Medium Risk
6993-YCOBK,60,Two year,110.6,6586.85,10.25,Low,21.54,2382.32,High Value,High Value - Low/Medium Risk
4817-VYYWS,30,Month-to-month,100.2,2983.8,65.58,High,8.260800000000001,827.73,Medium Value,Low/Medium Value - High Risk
4702-HDRKD,67,One year,49.35,3321.35,3.99,Low,23.0424,1137.14,Medium Value,Low/Medium Value - Low/Medium Risk
3251-YMVWZ,53,One year,24.05,1301.9,2.57,Low,23.383200000000002,562.37,Low Value,Low/Medium Value - Low/Medium Risk
4190-MFLUW,10,Month-to-month,55.2,528.35,17.68,Low,19.756800000000002,1090.58,Medium Value,Low/Medium Value - Low/Medium Risk
4678-DVQEO,1,Month-to-month,52.2,52.2,43.73,Medium,13.5048,704.95,Medium Value,Low/Medium Value - Low/Medium Risk
4701-AHWMW,55,Month-to-month,54.55,2978.3,22.12,Low,18.6912,1019.6,Medium Value,Low/Medium Value - Low/Medium Risk
2987-BJXIK,70,Two year,84.7,5991.05,1.56,Low,23.625600000000002,2001.09,High Value,High Value - Low/Medium Risk
1730-VFMWO,34,Month-to-month,50.2,1815.3,8.47,Low,21.9672,1102.75,Medium Value,Low/Medium Value - Low/Medium Risk
1936-UAFEH,68,Two year,110.25,7279.35,3.79,Low,23.0904,2545.72,High Value,High Value - Low/Medium Risk
5140-FOMCQ,59,One year,109.15,6557.75,20.24,Low,19.1424,2089.39,High Value,High Value - Low/Medium Risk
8778-LMWTJ,9,Month-to-month,74.85,708.2,56.54,Medium,10.430399999999999,780.72,Medium Value,Low/Medium Value - Low/Medium Risk
9840-DVNDC,6,Month-to-month,80.5,463.05,65.52,High,8.2752,666.15,Medium Value,Low/Medium Value - High Risk
8033-VCZGH,50,One year,103.95,5231.3,38.56,Medium,14.745600000000001,1532.81,High Value,High Value - Low/Medium Risk
8580-QVLOC,72,Two year,92.45,6440.25,0.89,Low,23.7864,2199.05,High Value,High Value - Low/Medium Risk
6128-AQBMT,41,Month-to-month,53.95,2215.4,36.86,Medium,15.153599999999999,817.54,Medium Value,Low/Medium Value - Low/Medium Risk
6257-RJOHI,4,Month-to-month,50.8,202.3,34.48,Medium,15.7248,798.82,Medium Value,Low/Medium Value - Low/Medium Risk
1929-ZCBHE,47,One year,40.3,1794.8,3.31,Low,23.2056,935.19,Medium Value,Low/Medium Value - Low/Medium Risk
6242-SGYTS,62,One year,94.95,5791.85,9.62,Low,21.691200000000002,2059.58,High Value,High Value - Low/Medium Risk
7010-ZMVBF,18,Month-to-month,20.45,357.0,6.32,Low,22.4832,459.78,Low Value,Low/Medium Value - Low/Medium Risk
3519-ZKXGG,3,Month-to-month,75.85,256.6,77.88,High,5.3088000000000015,402.67,Low Value,Low/Medium Value - High Risk
5666-MBJPT,65,Two year,25.1,1725.0,1.07,Low,23.743199999999998,595.95,Medium Value,Low/Medium Value - Low/Medium Risk
3313-QKNKB,59,One year,85.55,5084.65,20.57,Low,19.063200000000002,1630.86,High Value,High Value - Low/Medium Risk
7581-EBBOU,60,One year,70.15,4224.7,3.67,Low,23.1192,1621.81,High Value,High Value - Low/Medium Risk
1784-BXEFA,10,Month-to-month,20.55,187.35,18.88,Low,19.4688,400.08,Low Value,Low/Medium Value - Low/Medium Risk
7492-TAFJD,7,Two year,38.55,280.0,8.16,Low,22.0416,849.7,Medium Value,Low/Medium Value - Low/Medium Risk
5213-TWWJU,28,Month-to-month,91.0,2626.15,33.18,Medium,16.0368,1459.35,High Value,High Value - Low/Medium Risk
3312-ZWLGF,29,Month-to-month,79.3,2414.55,49.19,Medium,12.1944,967.02,Medium Value,Low/Medium Value - Low/Medium Risk
2923-ARZLG,0,One year,19.7,0.0,12.97,Low,20.8872,411.48,Low Value,Low/Medium Value - Low/Medium Risk
7032-LMBHI,37,One year,64.65,2347.85,6.02,Low,22.5552,1458.19,High Value,High Value - Low/Medium Risk
8292-ITGYJ,45,Two year,24.65,1138.8,1.19,Low,23.714399999999998,584.56,Low Value,Low/Medium Value - Low/Medium Risk
9107-UKCKY,61,One year,79.8,4914.8,12.81,Low,20.9256,1669.86,High Value,High Value - Low/Medium Risk
6848-HJTXY,64,Two year,19.45,1208.6,0.55,Low,23.868000000000002,464.23,Low Value,Low/Medium Value - Low/Medium Risk
4184-VODJZ,63,One year,91.35,5764.7,17.96,Low,19.6896,1798.64,High Value,High Value - Low/Medium Risk
4846-WHAFZ,37,Month-to-month,76.5,2868.15,48.43,Medium,12.376800000000001,946.83,Medium Value,Low/Medium Value - Low/Medium Risk
8735-SDUFN,72,Two year,24.3,1778.7,0.66,Low,23.8416,579.35,Low Value,Low/Medium Value - Low/Medium Risk
0839-JTCUD,66,Two year,89.9,5958.85,1.02,Low,23.755200000000002,2135.59,High Value,High Value - Low/Medium Risk
6857-VWJDT,1,Month-to-month,95.65,95.65,74.51,High,6.117599999999998,585.15,Low Value,Low/Medium Value - High Risk
7363-QTBIW,9,Month-to-month,79.75,769.1,71.98,High,6.7248,536.3,Low Value,Low/Medium Value - High Risk
6158-HDPXZ,1,Month-to-month,25.35,25.35,46.34,Medium,12.8784,326.47,Low Value,Low/Medium Value - Low/Medium Risk
5419-CONWX,4,Month-to-month,99.8,442.85,71.11,High,6.933600000000001,691.97,Medium Value,Low/Medium Value - High Risk
9286-DOJGF,38,Month-to-month,74.95,2869.85,39.17,Medium,14.599200000000002,1094.21,Medium Value,Low/Medium Value - Low/Medium Risk
2408-PSJVE,44,Month-to-month,61.9,2924.05,5.94,Low,22.5744,1397.36,High Value,High Value - Low/Medium Risk
2087-QAREY,22,Month-to-month,54.7,1178.75,17.7,Low,19.752,1080.43,Medium Value,Low/Medium Value - Low/Medium Risk
6777-TGHTM,53,One year,106.95,5785.5,25.67,Low,17.839199999999998,1907.9,High Value,High Value - Low/Medium Risk
6507-ZJSUR,23,Month-to-month,90.45,2117.25,60.73,High,9.424800000000001,852.47,Medium Value,Low/Medium Value - High Risk
5025-GOOKI,20,Month-to-month,18.9,347.65,9.28,Low,21.7728,411.51,Low Value,Low/Medium Value - Low/Medium Risk
6080-LNESI,51,Two year,24.75,1234.6,1.41,Low,23.6616,585.62,Low Value,Low/Medium Value - Low/Medium Risk
2236-HILPA,62,Two year,20.65,1218.45,0.48,Low,23.8848,493.22,Low Value,Low/Medium Value - Low/Medium Risk
1386-ZIKUV,7,Month-to-month,18.95,130.55,21.76,Low,18.7776,355.84,Low Value,Low/Medium Value - Low/Medium Risk
3365-SAIGS,17,Month-to-month,83.55,1329.15,52.0,Medium,11.52,962.5,Medium Value,Low/Medium Value - Low/Medium Risk
6061-GWWAV,41,One year,70.2,2894.55,2.62,Low,23.3712,1640.66,High Value,High Value - Low/Medium Risk
9979-RGMZT,7,One year,94.05,633.45,49.96,Medium,12.009599999999999,1129.5,Medium Value,Low/Medium Value - Low/Medium Risk
8445-DNBAE,1,Month-to-month,50.05,50.05,57.02,Medium,10.315199999999999,516.28,Low Value,Low/Medium Value - Low/Medium Risk
6872-HXFNF,64,One year,58.35,3756.45,3.12,Low,23.2512,1356.71,High Value,High Value - Low/Medium Risk
1320-HTRDR,3,Month-to-month,75.5,220.6,77.32,High,5.443200000000003,410.96,Low Value,Low/Medium Value - High Risk
3923-CSIHK,50,Month-to-month,71.05,3444.85,41.1,Medium,14.136,1004.36,Medium Value,Low/Medium Value - Low/Medium Risk
2446-ZKVAF,18,Month-to-month,56.8,1074.65,18.47,Low,19.5672,1111.42,Medium Value,Low/Medium Value - Low/Medium Risk
4640-UHDOS,13,Month-to-month,55.95,734.35,26.28,Low,17.6928,989.91,Medium Value,Low/Medium Value - Low/Medium Risk
5457-COLHT,69,Two year,80.65,5542.55,0.66,Low,23.8416,1922.83,High Value,High Value - Low/Medium Risk
2254-DLXRI,1,Month-to-month,79.15,79.15,69.91,High,7.221600000000001,571.59,Low Value,Low/Medium Value - High Risk
5339-PXDVH,4,Month-to-month,90.65,367.95,65.6,High,8.256000000000002,748.41,Medium Value,Low/Medium Value - High Risk
2386-LAHRK,1,Month-to-month,53.5,53.5,52.79,Medium,11.3304,606.18,Medium Value,Low/Medium Value - Low/Medium Risk
5062-CJJKH,25,One year,53.65,1355.45,6.28,Low,22.492800000000003,1206.74,Medium Value,Low/Medium Value - Low/Medium Risk
8930-XOTDP,18,Month-to-month,55.95,1082.8,17.61,Low,19.7736,1106.33,Medium Value,Low/Medium Value - Low/Medium Risk
4779-ZGICK,48,Two year,23.55,1173.35,0.79,Low,23.8104,560.73,Low Value,Low/Medium Value - Low/Medium Risk
9534-NSXEM,26,One year,20.65,595.5,4.54,Low,22.9104,473.1,Low Value,Low/Medium Value - Low/Medium Risk
3716-BDVDB,1,Month-to-month,69.1,69.1,74.36,High,6.153599999999999,425.21,Low Value,Low/Medium Value - High Risk
9842-EFSYY,4,Month-to-month,57.2,223.75,49.67,Medium,12.0792,690.93,Medium Value,Low/Medium Value - Low/Medium Risk
9122-UMROB,1,Month-to-month,20.3,20.3,19.45,Low,19.332,392.44,Low Value,Low/Medium Value - Low/Medium Risk
1867-BDVFH,11,Month-to-month,74.35,834.2,68.47,High,7.567200000000001,562.62,Low Value,Low/Medium Value - High Risk
5949-EBSQK,4,Month-to-month,61.45,229.55,26.0,Low,17.759999999999998,1091.35,Medium Value,Low/Medium Value - Low/Medium Risk
4160-AMJTL,8,Month-to-month,19.65,164.3,22.05,Low,18.708,367.61,Low Value,Low/Medium Value - Low/Medium Risk
8622-ZLFKO,6,Month-to-month,90.75,512.25,76.66,High,5.601600000000001,508.35,Low Value,Low/Medium Value - High Risk
2990-IAJSV,72,Two year,92.0,6632.75,0.96,Low,23.769599999999997,2186.8,High Value,High Value - Low/Medium Risk
6064-ZATLR,27,Two year,52.85,1498.65,2.21,Low,23.4696,1240.37,Medium Value,Low/Medium Value - Low/Medium Risk
7409-KIUTL,1,Month-to-month,71.0,71.0,71.38,High,6.8688,487.68,Low Value,Low/Medium Value - High Risk
5505-OVWQW,17,One year,20.15,353.65,3.87,Low,23.0712,464.88,Low Value,Low/Medium Value - Low/Medium Risk
3948-KXDUF,66,Two year,68.75,4447.55,0.78,Low,23.8128,1637.13,High Value,High Value - Low/Medium Risk
9814-AOUDH,53,Two year,19.5,1050.5,0.86,Low,23.793599999999998,463.98,Low Value,Low/Medium Value - Low/Medium Risk
7398-LXGYX,44,Month-to-month,84.8,3626.35,22.24,Low,18.6624,1582.57,High Value,High Value - Low/Medium Risk
5266-PFRQK,52,One year,20.85,1071.6,2.23,Low,23.4648,489.24,Low Value,Low/Medium Value - Low/Medium Risk
1568-BEKZM,70,Two year,90.05,6333.4,1.27,Low,23.6952,2133.75,High Value,High Value - Low/Medium Risk
2692-PFYTJ,1,Month-to-month,25.75,25.75,32.17,Medium,16.279199999999996,419.19,Low Value,Low/Medium Value - Low/Medium Risk
2533-QVMSK,61,Two year,94.1,5638.3,9.27,Low,21.775199999999998,2049.05,High Value,High Value - Low/Medium Risk
5828-AVIPD,19,One year,100.95,1875.55,43.51,Medium,13.557599999999999,1368.64,High Value,High Value - Low/Medium Risk
2907-ILJBN,11,One year,20.6,233.9,5.81,Low,22.6056,465.68,Low Value,Low/Medium Value - Low/Medium Risk
5226-NOZFC,26,Month-to-month,85.75,2146.5,48.6,Medium,12.336,1057.81,Medium Value,Low/Medium Value - Low/Medium Risk
7114-AEOZE,60,Two year,19.85,1128.1,0.64,Low,23.846400000000003,473.35,Low Value,Low/Medium Value - Low/Medium Risk
2202-CUYXZ,1,Month-to-month,84.85,84.85,77.06,High,5.5055999999999985,467.15,Low Value,Low/Medium Value - High Risk
3466-RITXD,26,Month-to-month,92.4,2349.8,39.02,Medium,14.635199999999998,1352.29,High Value,High Value - Low/Medium Risk
7278-CKDNC,24,Month-to-month,80.5,2088.45,51.17,Medium,11.719199999999999,943.4,Medium Value,Low/Medium Value - Low/Medium Risk
1956-YIFGE,22,One year,100.05,2090.25,29.99,Low,16.8024,1681.08,High Value,High Value - Low/Medium Risk
0422-UXFAP,51,One year,98.85,4947.55,39.81,Medium,14.445599999999999,1427.95,High Value,High Value - Low/Medium Risk
3733-UOCWF,61,One year,85.55,5251.75,11.62,Low,21.2112,1814.62,High Value,High Value - Low/Medium Risk
7191-ADRGF,44,Two year,54.3,2390.45,4.57,Low,22.903200000000002,1243.64,Medium Value,Low/Medium Value - Low/Medium Risk
5709-LVOEQ,0,Two year,80.85,0.0,8.58,Low,21.9408,1773.91,High Value,High Value - Low/Medium Risk
6034-YMTOB,5,Month-to-month,75.65,399.45,53.74,Medium,11.1024,839.9,Medium Value,Low/Medium Value - Low/Medium Risk
6372-RFVNS,1,Month-to-month,78.8,78.8,71.15,High,6.9239999999999995,545.61,Low Value,Low/Medium Value - High Risk
9052-DHNKM,26,One year,61.55,1581.95,8.56,Low,21.9456,1350.75,High Value,High Value - Low/Medium Risk
5609-IMCGG,15,Month-to-month,84.35,1302.65,40.39,Medium,14.306400000000002,1206.74,Medium Value,Low/Medium Value - Low/Medium Risk
2959-MJHIC,4,Month-to-month,80.35,307.4,75.85,High,5.796000000000001,465.71,Low Value,Low/Medium Value - High Risk
1319-YLZJG,12,Month-to-month,84.6,959.9,50.0,Medium,12.0,1015.2,Medium Value,Low/Medium Value - Low/Medium Risk
7623-TRNQN,1,Month-to-month,49.9,49.9,32.96,Medium,16.0896,802.87,Medium Value,Low/Medium Value - Low/Medium Risk
0377-JBKKT,22,Month-to-month,57.95,1271.8,8.06,Low,22.0656,1278.7,Medium Value,Low/Medium Value - Low/Medium Risk
1936-CZAKF,49,Two year,49.65,2409.9,6.32,Low,22.4832,1116.29,Medium Value,Low/Medium Value - Low/Medium Risk
5063-IUOKK,13,Two year,19.75,265.75,2.29,Low,23.4504,463.15,Low Value,Low/Medium Value - Low/Medium Risk
8646-JCOMS,66,One year,90.55,6130.95,8.35,Low,21.996,1991.74,High Value,High Value - Low/Medium Risk
0979-MOZQI,62,Two year,39.0,2337.45,3.65,Low,23.124000000000002,901.84,Medium Value,Low/Medium Value - Low/Medium Risk
1525-LNLOJ,66,Two year,63.3,4189.7,3.02,Low,23.275199999999998,1473.32,High Value,High Value - Low/Medium Risk
5759-RCVCB,3,Month-to-month,35.2,108.95,52.95,Medium,11.291999999999998,397.48,Low Value,Low/Medium Value - Low/Medium Risk
9968-FFVVH,63,One year,68.8,4111.35,1.82,Low,23.563200000000002,1621.15,High Value,High Value - Low/Medium Risk
2266-FUBDZ,15,Two year,19.35,278.85,1.79,Low,23.5704,456.09,Low Value,Low/Medium Value - Low/Medium Risk
4760-THGOT,43,Month-to-month,94.1,4107.3,32.55,Medium,16.188000000000002,1523.29,High Value,High Value - Low/Medium Risk
2307-FYNNL,65,Two year,109.05,7108.2,11.87,Low,21.1512,2306.54,High Value,High Value - Low/Medium Risk
1143-NMNQJ,2,Month-to-month,85.7,169.8,81.61,High,4.413599999999999,378.25,Low Value,Low/Medium Value - High Risk
1629-DQQVB,14,Month-to-month,50.1,709.5,13.13,Low,20.8488,1044.52,Medium Value,Low/Medium Value - Low/Medium Risk
3766-EJLFL,68,Two year,109.05,7508.55,5.62,Low,22.6512,2470.11,High Value,High Value - Low/Medium Risk
8457-XIGKN,20,Month-to-month,19.6,356.15,9.31,Low,21.7656,426.61,Low Value,Low/Medium Value - Low/Medium Risk
4981-FLTMF,57,Month-to-month,65.2,3687.85,3.91,Low,23.0616,1503.62,High Value,High Value - Low/Medium Risk
7606-BPHHN,72,Two year,19.8,1468.75,0.55,Low,23.868000000000002,472.59,Low Value,Low/Medium Value - Low/Medium Risk
7005-CCBKV,6,Month-to-month,84.4,556.35,70.52,High,7.0752000000000015,597.15,Medium Value,Low/Medium Value - High Risk
4648-YPBTM,53,Two year,73.9,3958.25,3.47,Low,23.1672,1712.06,High Value,High Value - Low/Medium Risk
2325-ZUSFD,57,One year,70.1,3913.3,5.08,Low,22.7808,1596.93,High Value,High Value - Low/Medium Risk
1240-KNSEZ,1,Month-to-month,20.1,20.1,26.06,Low,17.745600000000003,356.69,Low Value,Low/Medium Value - Low/Medium Risk
0430-IHCDJ,15,Month-to-month,49.0,749.25,39.74,Medium,14.4624,708.66,Medium Value,Low/Medium Value - Low/Medium Risk
7957-RYHQD,40,Month-to-month,79.2,3233.85,18.74,Low,19.5024,1544.59,High Value,High Value - Low/Medium Risk
6164-HAQTX,71,Two year,53.95,3888.65,0.99,Low,23.7624,1281.98,High Value,High Value - Low/Medium Risk
0749-IRGQE,13,Month-to-month,45.3,528.45,53.7,Medium,11.111999999999998,503.37,Low Value,Low/Medium Value - Low/Medium Risk
1227-UDMZR,72,Two year,91.15,6637.9,1.45,Low,23.652,2155.88,High Value,High Value - Low/Medium Risk
5473-KHBPS,52,One year,95.7,4976.15,18.39,Low,19.5864,1874.42,High Value,High Value - Low/Medium Risk
5297-MDOIR,63,One year,81.15,5224.5,7.26,Low,22.2576,1806.2,High Value,High Value - Low/Medium Risk
8873-TMKGR,29,One year,19.1,529.5,3.06,Low,23.2656,444.37,Low Value,Low/Medium Value - Low/Medium Risk
6481-ESCNL,29,Month-to-month,100.55,2878.75,52.31,Medium,11.445599999999999,1150.86,Medium Value,Low/Medium Value - Low/Medium Risk
0463-WZZKO,3,Month-to-month,20.75,67.1,22.9,Low,18.504,383.96,Low Value,Low/Medium Value - Low/Medium Risk
1038-RQOST,19,Month-to-month,20.6,414.95,6.17,Low,22.5192,463.9,Low Value,Low/Medium Value - Low/Medium Risk
4937-QPZPO,61,One year,99.9,6241.35,27.01,Low,17.5176,1750.01,High Value,High Value - Low/Medium Risk
3604-WLABM,10,Month-to-month,54.25,583.0,27.66,Low,17.361600000000003,941.87,Medium Value,Low/Medium Value - Low/Medium Risk
1360-XFJMR,67,One year,109.7,7344.45,16.29,Low,20.0904,2203.92,High Value,High Value - Low/Medium Risk
8717-VCTXJ,42,One year,19.55,839.4,2.54,Low,23.3904,457.28,Low Value,Low/Medium Value - Low/Medium Risk
5196-SGOAK,1,Month-to-month,75.7,75.7,68.92,High,7.459199999999999,564.66,Low Value,Low/Medium Value - High Risk
8739-XNIKG,5,Month-to-month,84.0,424.75,80.31,High,4.725599999999999,396.95,Low Value,Low/Medium Value - High Risk
2320-TZRRH,20,One year,19.5,403.15,3.46,Low,23.169600000000003,451.81,Low Value,Low/Medium Value - Low/Medium Risk
5186-SAMNZ,1,Month-to-month,69.5,69.5,70.0,High,7.200000000000001,500.4,Low Value,Low/Medium Value - High Risk
5760-FXFVO,6,Month-to-month,78.95,494.95,55.96,Medium,10.569600000000001,834.47,Medium Value,Low/Medium Value - Low/Medium Risk
5380-WJKOV,34,Month-to-month,106.35,3549.25,61.53,High,9.232800000000001,981.91,Medium Value,Low/Medium Value - High Risk
4703-MQYKT,21,Two year,19.6,390.4,1.63,Low,23.608800000000002,462.73,Low Value,Low/Medium Value - Low/Medium Risk
2001-MCUUW,46,Two year,108.65,4903.2,10.52,Low,21.4752,2333.28,High Value,High Value - Low/Medium Risk
4947-DSMXK,34,Month-to-month,97.7,3410.0,43.53,Medium,13.5528,1324.11,High Value,High Value - Low/Medium Risk
0076-LVEPS,29,Month-to-month,45.0,1242.45,11.74,Low,21.1824,953.21,Medium Value,Low/Medium Value - Low/Medium Risk
5566-SOEZD,27,One year,80.65,2209.75,11.64,Low,21.2064,1710.3,High Value,High Value - Low/Medium Risk
7408-OFWXJ,72,Two year,89.8,6510.45,0.81,Low,23.8056,2137.74,High Value,High Value - Low/Medium Risk
1097-FSPVW,42,Month-to-month,54.55,2455.05,5.62,Low,22.6512,1235.62,Medium Value,Low/Medium Value - Low/Medium Risk
4412-YLTKF,27,Month-to-month,78.05,2135.5,58.49,Medium,9.9624,777.57,Medium Value,Low/Medium Value - Low/Medium Risk
0420-TXVSG,66,Two year,66.1,4428.45,1.57,Low,23.623199999999997,1561.49,High Value,High Value - Low/Medium Risk
7817-BOQPW,2,Month-to-month,75.55,166.3,78.01,High,5.2776,398.72,Low Value,Low/Medium Value - High Risk
0963-ZBDRN,32,Month-to-month,96.2,3183.4,44.45,Medium,13.332,1282.54,High Value,High Value - Low/Medium Risk
9685-WKZGT,14,Month-to-month,74.95,1036.75,65.0,High,8.399999999999999,629.58,Medium Value,Low/Medium Value - High Risk
2139-FQHLM,19,Month-to-month,89.95,1682.4,29.17,Low,16.9992,1529.08,High Value,High Value - Low/Medium Risk
5825-XJOCM,48,One year,64.4,3035.35,3.11,Low,23.2536,1497.53,High Value,High Value - Low/Medium Risk
0004-TLHLJ,4,Month-to-month,73.9,280.85,70.73,High,7.024799999999999,519.13,Low Value,Low/Medium Value - High Risk
7529-ZDFXI,57,Month-to-month,89.85,4925.35,45.76,Medium,13.0176,1169.63,Medium Value,Low/Medium Value - Low/Medium Risk
6848-YLDFR,58,One year,75.2,4300.8,4.39,Low,22.946399999999997,1725.57,High Value,High Value - Low/Medium Risk
5820-PTRYM,56,One year,68.45,4014.0,4.11,Low,23.0136,1575.28,High Value,High Value - Low/Medium Risk
2984-RGEYA,69,Two year,19.75,1375.4,0.37,Low,23.9112,472.25,Low Value,Low/Medium Value - Low/Medium Risk
6434-TTGJP,10,Two year,53.7,521.0,6.03,Low,22.552799999999998,1211.09,Medium Value,Low/Medium Value - Low/Medium Risk
9643-AVVWI,3,Month-to-month,80.0,241.3,55.01,Medium,10.7976,863.81,Medium Value,Low/Medium Value - Low/Medium Risk
3506-OVLKD,35,One year,26.2,954.9,3.04,Low,23.270400000000002,609.68,Medium Value,Low/Medium Value - Low/Medium Risk
4946-EDSEW,11,Month-to-month,19.25,180.3,16.12,Low,20.1312,387.53,Low Value,Low/Medium Value - Low/Medium Risk
2924-KHUVI,56,One year,100.55,5514.95,32.71,Medium,16.1496,1623.84,High Value,High Value - Low/Medium Risk
2263-SFSQZ,51,Two year,24.95,1222.25,1.71,Low,23.5896,588.56,Low Value,Low/Medium Value - Low/Medium Risk
5281-BUZGT,36,Month-to-month,90.85,3186.7,45.21,Medium,13.149600000000001,1194.64,Medium Value,Low/Medium Value - Low/Medium Risk
3717-FDJFU,5,Two year,20.45,106.9,3.61,Low,23.1336,473.08,Low Value,Low/Medium Value - Low/Medium Risk
2239-CFOUJ,1,One year,20.4,20.4,8.83,Low,21.8808,446.37,Low Value,Low/Medium Value - Low/Medium Risk
8699-ASUFO,7,Month-to-month,74.4,527.9,72.83,High,6.520800000000001,485.15,Low Value,Low/Medium Value - High Risk
1122-YJBCS,69,One year,53.65,3804.4,2.14,Low,23.4864,1260.05,Medium Value,Low/Medium Value - Low/Medium Risk
0628-CNQRM,22,One year,67.5,1544.05,5.62,Low,22.6512,1528.96,High Value,High Value - Low/Medium Risk
1705-GUHPV,63,Two year,24.2,1618.2,0.84,Low,23.7984,575.92,Low Value,Low/Medium Value - Low/Medium Risk
4877-TSOFF,55,One year,75.75,4264.25,3.66,Low,23.1216,1751.46,High Value,High Value - Low/Medium Risk
7404-JLKQG,3,Month-to-month,57.55,161.45,48.55,Medium,12.347999999999999,710.63,Medium Value,Low/Medium Value - Low/Medium Risk
0379-DJQHR,67,Two year,81.35,5398.6,0.97,Low,23.7672,1933.46,High Value,High Value - Low/Medium Risk
8993-PHFWD,3,Month-to-month,25.25,58.9,51.56,Medium,11.625599999999999,293.55,Low Value,Low/Medium Value - Low/Medium Risk
3930-ZGWVE,1,Month-to-month,19.75,19.75,19.62,Low,19.2912,381.0,Low Value,Low/Medium Value - Low/Medium Risk
1965-DDBWU,16,Month-to-month,89.05,1448.6,47.59,Medium,12.5784,1120.11,Medium Value,Low/Medium Value - Low/Medium Risk
7572-KPVKK,62,Two year,104.05,6590.5,13.55,Low,20.748,2158.83,High Value,High Value - Low/Medium Risk
6854-EXGSF,8,Month-to-month,65.5,573.15,31.15,Medium,16.524,1082.32,Medium Value,Low/Medium Value - Low/Medium Risk
9483-GCPWE,9,One year,20.1,190.25,6.24,Low,22.5024,452.3,Low Value,Low/Medium Value - Low/Medium Risk
8053-WWDRO,6,Month-to-month,19.5,146.3,16.08,Low,20.140800000000002,392.75,Low Value,Low/Medium Value - Low/Medium Risk
9473-CBZOP,28,One year,59.0,1654.45,7.07,Low,22.3032,1315.89,High Value,High Value - Low/Medium Risk
3985-HOYPM,26,One year,19.4,525.55,3.46,Low,23.169600000000003,449.49,Low Value,Low/Medium Value - Low/Medium Risk
8378-LKJAF,38,Month-to-month,101.15,3956.7,48.6,Medium,12.336,1247.79,Medium Value,Low/Medium Value - Low/Medium Risk
1310-QRITU,18,Month-to-month,50.3,913.3,35.84,Medium,15.398399999999999,774.54,Medium Value,Low/Medium Value - Low/Medium Risk
3237-AJGEH,3,Month-to-month,31.0,95.05,39.72,Medium,14.4672,448.48,Low Value,Low/Medium Value - Low/Medium Risk
6542-LWGXJ,3,Month-to-month,25.0,78.25,45.31,Medium,13.125599999999999,328.14,Low Value,Low/Medium Value - Low/Medium Risk
6953-PBDIN,70,Two year,72.95,5265.55,1.31,Low,23.6856,1727.86,High Value,High Value - Low/Medium Risk
6332-FBZRI,67,One year,69.35,4653.25,1.86,Low,23.553600000000003,1633.44,High Value,High Value - Low/Medium Risk
9365-CSLBQ,71,Two year,24.35,1654.6,0.49,Low,23.8824,581.54,Low Value,Low/Medium Value - Low/Medium Risk
3466-WAESX,16,Month-to-month,69.1,1083.7,26.55,Low,17.628,1218.09,Medium Value,Low/Medium Value - Low/Medium Risk
9700-ISPUP,10,Month-to-month,65.5,616.9,32.96,Medium,16.0896,1053.87,Medium Value,Low/Medium Value - Low/Medium Risk
5167-ZFFMM,1,Month-to-month,90.85,90.85,72.75,High,6.539999999999999,594.16,Medium Value,Low/Medium Value - High Risk
7669-LCRSD,12,Month-to-month,56.3,628.65,36.14,Medium,15.326400000000001,862.88,Medium Value,Low/Medium Value - Low/Medium Risk
0870-VEMYL,5,Month-to-month,53.85,259.8,17.94,Low,19.6944,1060.54,Medium Value,Low/Medium Value - Low/Medium Risk
2995-UPRYS,40,One year,99.2,4062.2,16.59,Low,20.0184,1985.83,High Value,High Value - Low/Medium Risk
3179-GBRWV,21,Month-to-month,64.95,1339.8,17.79,Low,19.730400000000003,1281.49,High Value,High Value - Low/Medium Risk
0701-TJSEF,9,Month-to-month,68.25,576.95,25.83,Low,17.800800000000002,1214.9,Medium Value,Low/Medium Value - Low/Medium Risk
1848-LBZHY,7,Month-to-month,50.3,355.1,30.09,Medium,16.7784,843.95,Medium Value,Low/Medium Value - Low/Medium Risk
5380-XPJNZ,38,One year,20.05,678.2,2.02,Low,23.5152,471.48,Low Value,Low/Medium Value - Low/Medium Risk
6608-QQLVK,1,Month-to-month,50.5,50.5,53.27,Medium,11.2152,566.37,Low Value,Low/Medium Value - Low/Medium Risk
1475-VWVDO,7,Month-to-month,74.9,490.55,67.75,High,7.74,579.73,Low Value,Low/Medium Value - High Risk
3721-CNEYS,2,Month-to-month,70.95,137.95,71.71,High,6.789600000000001,481.72,Low Value,Low/Medium Value - High Risk
4299-OPXEJ,56,Two year,19.55,1080.55,1.1,Low,23.736,464.04,Low Value,Low/Medium Value - Low/Medium Risk
0096-BXERS,6,Month-to-month,50.35,314.55,48.14,Medium,12.446399999999999,626.68,Medium Value,Low/Medium Value - Low/Medium Risk
3055-VTCGS,63,One year,58.55,3503.5,3.89,Low,23.066399999999998,1350.54,High Value,High Value - Low/Medium Risk
9405-GPBBG,64,Two year,110.5,7069.25,9.01,Low,21.837600000000002,2413.05,High Value,High Value - Low/Medium Risk
6704-UTUKK,29,Month-to-month,45.9,1332.4,48.85,Medium,12.276000000000002,563.47,Low Value,Low/Medium Value - Low/Medium Risk
9944-AEXBM,32,Month-to-month,85.65,2664.3,46.32,Medium,12.883199999999999,1103.45,Medium Value,Low/Medium Value - Low/Medium Risk
2545-EBUPK,2,Month-to-month,84.05,186.05,84.25,High,3.7799999999999994,317.71,Low Value,Low/Medium Value - High Risk
6270-OMFIW,60,One year,94.4,5610.25,22.31,Low,18.6456,1760.14,High Value,High Value - Low/Medium Risk
1852-XEMDW,22,Month-to-month,65.05,1427.55,11.83,Low,21.160800000000002,1376.51,High Value,High Value - Low/Medium Risk
8158-WPEZG,11,Month-to-month,35.65,425.1,44.64,Medium,13.2864,473.66,Low Value,Low/Medium Value - Low/Medium Risk
5198-EFNBM,57,One year,90.65,5199.8,22.09,Low,18.6984,1695.01,High Value,High Value - Low/Medium Risk
7663-RGWBC,1,Month-to-month,44.15,44.15,46.8,Medium,12.768,563.71,Low Value,Low/Medium Value - Low/Medium Risk
3970-XGJDU,62,Two year,19.2,1123.65,0.84,Low,23.7984,456.93,Low Value,Low/Medium Value - Low/Medium Risk
6845-RGTYS,47,Month-to-month,98.75,4533.7,28.93,Low,17.0568,1684.36,High Value,High Value - Low/Medium Risk
0123-CRBRT,61,Two year,88.1,5526.75,1.38,Low,23.668799999999997,2085.22,High Value,High Value - Low/Medium Risk
6077-BDPXA,3,Month-to-month,70.15,194.2,71.2,High,6.911999999999998,484.88,Low Value,Low/Medium Value - High Risk
2250-IVBWA,64,Month-to-month,81.05,5135.35,10.04,Low,21.5904,1749.9,High Value,High Value - Low/Medium Risk
6137-NICCO,6,Month-to-month,94.05,518.75,66.34,High,8.0784,759.77,Medium Value,Low/Medium Value - High Risk
8129-GMVGI,56,Two year,20.05,1090.1,0.67,Low,23.839199999999998,477.98,Low Value,Low/Medium Value - Low/Medium Risk
4353-HYOJD,27,Month-to-month,49.85,1336.15,11.21,Low,21.3096,1062.28,Medium Value,Low/Medium Value - Low/Medium Risk
8671-KKKOS,46,Month-to-month,45.55,2062.15,12.37,Low,21.0312,957.97,Medium Value,Low/Medium Value - Low/Medium Risk
8080-DDEMJ,1,Month-to-month,45.1,45.1,48.58,Medium,12.3408,556.57,Low Value,Low/Medium Value - Low/Medium Risk
6698-OXETB,11,Two year,20.4,231.45,3.45,Low,23.172,472.71,Low Value,Low/Medium Value - Low/Medium Risk
3312-UUMZW,32,Month-to-month,98.85,3145.9,49.51,Medium,12.1176,1197.82,Medium Value,Low/Medium Value - Low/Medium Risk
6376-GAHQE,4,Month-to-month,77.85,299.2,68.6,High,7.536000000000001,586.68,Low Value,Low/Medium Value - High Risk
0733-VUNUW,24,Month-to-month,55.65,1400.55,17.02,Low,19.9152,1108.28,Medium Value,Low/Medium Value - Low/Medium Risk
6733-LRIZX,35,Two year,108.95,4025.5,17.24,Low,19.8624,2164.01,High Value,High Value - Low/Medium Risk
2165-VOEGB,46,One year,105.2,4822.85,8.58,Low,21.9408,2308.17,High Value,High Value - Low/Medium Risk
1853-UDXBW,1,Month-to-month,70.0,70.0,70.57,High,7.063200000000003,494.42,Low Value,Low/Medium Value - High Risk
9070-BCKQP,72,Two year,110.15,7881.2,5.69,Low,22.6344,2493.18,High Value,High Value - Low/Medium Risk
1035-IPQPU,63,Month-to-month,103.5,6479.4,53.68,Medium,11.116800000000001,1150.59,Medium Value,Low/Medium Value - Low/Medium Risk
2057-ZBLPD,21,Month-to-month,86.5,1808.7,60.24,High,9.542399999999999,825.42,Medium Value,Low/Medium Value - High Risk
6967-PEJLL,37,One year,40.2,1525.35,7.1,Low,22.296,896.3,Medium Value,Low/Medium Value - Low/Medium Risk
7879-CGSFV,55,One year,100.9,5552.05,17.72,Low,19.7472,1992.49,High Value,High Value - Low/Medium Risk
2257-BOVXD,14,Month-to-month,66.6,979.5,29.17,Low,16.9992,1132.15,Medium Value,Low/Medium Value - Low/Medium Risk
9822-BIIGN,53,Month-to-month,71.85,3827.9,9.09,Low,21.8184,1567.65,High Value,High Value - Low/Medium Risk
1136-XGEQU,50,One year,84.15,4164.4,8.1,Low,22.056,1856.01,High Value,High Value - Low/Medium Risk
2439-LYPMQ,38,Month-to-month,102.6,4009.2,64.19,High,8.5944,881.79,Medium Value,Low/Medium Value - High Risk
6543-XRMYR,30,Month-to-month,99.7,2967.35,62.81,High,8.9256,889.88,Medium Value,Low/Medium Value - High Risk
5753-QQWPW,28,One year,59.9,1654.7,6.02,Low,22.5552,1351.06,High Value,High Value - Low/Medium Risk
4785-QRJHC,46,One year,59.9,2816.65,9.94,Low,21.614400000000003,1294.7,High Value,High Value - Low/Medium Risk
0052-YNYOT,67,One year,20.55,1343.4,1.39,Low,23.6664,486.34,Low Value,Low/Medium Value - Low/Medium Risk
7054-LGEQW,1,Month-to-month,45.95,45.95,36.47,Medium,15.2472,700.61,Medium Value,Low/Medium Value - Low/Medium Risk
0608-JDVEC,50,Two year,19.8,1013.2,1.48,Low,23.6448,468.17,Low Value,Low/Medium Value - Low/Medium Risk
6284-KMNUF,56,One year,98.0,5270.6,27.18,Low,17.476799999999997,1712.73,High Value,High Value - Low/Medium Risk
6286-SUUWT,1,Month-to-month,19.95,19.95,19.55,Low,19.308,385.19,Low Value,Low/Medium Value - Low/Medium Risk
3594-KADLU,3,Month-to-month,35.1,101.1,32.09,Medium,16.2984,572.07,Low Value,Low/Medium Value - Low/Medium Risk
0536-ACXIP,72,Two year,109.55,8165.1,9.81,Low,21.6456,2371.28,High Value,High Value - Low/Medium Risk
8869-TORSS,48,One year,60.35,2896.4,2.19,Low,23.4744,1416.68,High Value,High Value - Low/Medium Risk
0373-AIVNJ,9,One year,39.55,373.0,16.64,Low,20.0064,791.25,Medium Value,Low/Medium Value - Low/Medium Risk
6429-SHBCB,19,Month-to-month,69.6,1394.55,31.0,Medium,16.56,1152.58,Medium Value,Low/Medium Value - Low/Medium Risk
5751-USDBL,46,Two year,81.0,3846.35,1.15,Low,23.724,1921.64,High Value,High Value - Low/Medium Risk
6815-ABQFQ,56,One year,107.25,6033.3,29.93,Low,16.8168,1803.6,High Value,High Value - Low/Medium Risk
9450-TRJUU,35,Month-to-month,83.15,2848.45,44.26,Medium,13.377600000000001,1112.35,Medium Value,Low/Medium Value - Low/Medium Risk
2805-AUFQN,25,Two year,19.8,475.2,1.59,Low,23.6184,467.64,Low Value,Low/Medium Value - Low/Medium Risk
7855-DIWPO,21,Month-to-month,68.65,1493.2,47.59,Medium,12.5784,863.51,Medium Value,Low/Medium Value - Low/Medium Risk
0174-QRVVY,71,Two year,25.35,1847.55,0.47,Low,23.8872,605.54,Medium Value,Low/Medium Value - Low/Medium Risk
9507-EXLTT,1,Month-to-month,79.35,79.35,71.15,High,6.9239999999999995,549.42,Low Value,Low/Medium Value - High Risk
8390-FESFV,62,Two year,84.5,5193.2,2.13,Low,23.4888,1984.8,High Value,High Value - Low/Medium Risk
0661-KBKPA,53,One year,78.75,3942.45,9.13,Low,21.808799999999998,1717.44,High Value,High Value - Low/Medium Risk
6856-RAURS,2,Month-to-month,74.9,136.05,72.45,High,6.611999999999999,495.24,Low Value,Low/Medium Value - High Risk
7322-OCWHC,72,Two year,93.05,6735.05,2.77,Low,23.3352,2171.34,High Value,High Value - Low/Medium Risk
2203-GHNWN,24,Month-to-month,79.65,1928.7,44.12,Medium,13.4112,1068.2,Medium Value,Low/Medium Value - Low/Medium Risk
3413-CSSTH,41,Month-to-month,55.7,2237.55,15.96,Low,20.169600000000003,1123.45,Medium Value,Low/Medium Value - Low/Medium Risk
3006-XIMLN,2,Month-to-month,94.2,193.8,76.4,High,5.664,533.55,Low Value,Low/Medium Value - High Risk
3750-CKVKH,2,Month-to-month,67.75,116.65,74.07,High,6.223200000000002,421.62,Low Value,Low/Medium Value - High Risk
0576-WNXXC,27,Month-to-month,95.55,2510.2,60.27,High,9.5352,911.09,Medium Value,Low/Medium Value - High Risk
7056-IMHCC,53,Month-to-month,101.9,5549.4,62.53,High,8.9928,916.37,Medium Value,Low/Medium Value - High Risk
0866-QLSIR,34,One year,64.4,2088.75,4.92,Low,22.8192,1469.56,High Value,High Value - Low/Medium Risk
1628-BIZYP,1,Month-to-month,85.0,85.0,74.16,High,6.201600000000002,527.14,Low Value,Low/Medium Value - High Risk
2230-XTUWL,48,Two year,19.55,883.35,0.54,Low,23.8704,466.67,Low Value,Low/Medium Value - Low/Medium Risk
1980-KXVPM,3,Month-to-month,75.05,256.25,73.26,High,6.417599999999999,481.64,Low Value,Low/Medium Value - High Risk
8619-IJNDK,71,Two year,64.05,4492.9,0.37,Low,23.9112,1531.51,High Value,High Value - Low/Medium Risk
2960-NKRSO,24,Month-to-month,85.95,2107.15,30.48,Medium,16.684800000000003,1434.06,High Value,High Value - Low/Medium Risk
6705-LXORM,5,Month-to-month,70.05,302.6,65.5,High,8.28,580.01,Low Value,Low/Medium Value - High Risk
7130-VTEWQ,8,Month-to-month,75.75,606.25,76.42,High,5.6592,428.68,Low Value,Low/Medium Value - High Risk
9364-YKUVW,15,Month-to-month,19.8,309.4,12.03,Low,21.1128,418.03,Low Value,Low/Medium Value - Low/Medium Risk
2761-OCIAX,2,Month-to-month,74.7,165.4,72.07,High,6.7032000000000025,500.73,Low Value,Low/Medium Value - High Risk
7996-BPXHY,13,Two year,25.0,332.5,3.56,Low,23.1456,578.64,Low Value,Low/Medium Value - Low/Medium Risk
4248-QPAVC,17,Month-to-month,85.35,1463.45,43.1,Medium,13.655999999999999,1165.54,Medium Value,Low/Medium Value - Low/Medium Risk
9357-UJRUN,24,One year,58.35,1346.9,9.63,Low,21.6888,1265.54,Medium Value,Low/Medium Value - Low/Medium Risk
6340-DACFT,50,Two year,20.55,1070.25,0.8,Low,23.808,489.25,Low Value,Low/Medium Value - Low/Medium Risk
1023-BQXZE,57,Two year,74.35,4317.35,3.03,Low,23.2728,1730.33,High Value,High Value - Low/Medium Risk
5480-HPRRX,3,Month-to-month,25.3,77.75,55.38,Medium,10.708799999999998,270.93,Low Value,Low/Medium Value - Low/Medium Risk
9576-SYUHJ,37,Month-to-month,91.15,3369.25,40.48,Medium,14.284799999999999,1302.06,High Value,High Value - Low/Medium Risk
2169-RRLFW,71,Two year,25.6,1888.25,0.57,Low,23.8632,610.9,Medium Value,Low/Medium Value - Low/Medium Risk
8338-QIUNR,72,Two year,66.5,4811.6,0.83,Low,23.800800000000002,1582.75,High Value,High Value - Low/Medium Risk
0463-TXOAK,52,Two year,25.6,1334.5,1.01,Low,23.7576,608.19,Medium Value,Low/Medium Value - Low/Medium Risk
4396-KLSEH,4,Month-to-month,19.85,63.0,29.78,Low,16.8528,334.53,Low Value,Low/Medium Value - Low/Medium Risk
5186-EJEGL,9,Month-to-month,69.5,653.25,26.46,Low,17.6496,1226.65,Medium Value,Low/Medium Value - Low/Medium Risk
9334-GWGOW,7,Month-to-month,74.85,485.25,78.34,High,5.1984,389.1,Low Value,Low/Medium Value - High Risk
5696-JVVQY,48,Two year,70.1,3238.4,1.31,Low,23.6856,1660.36,High Value,High Value - Low/Medium Risk
9633-DENPU,47,Month-to-month,58.6,2723.4,10.99,Low,21.3624,1251.84,Medium Value,Low/Medium Value - Low/Medium Risk
0581-BXBUB,4,Month-to-month,72.75,317.75,62.6,High,8.975999999999999,653.0,Medium Value,Low/Medium Value - High Risk
2750-BJLSB,47,One year,103.7,4730.6,15.99,Low,20.162399999999998,2090.84,High Value,High Value - Low/Medium Risk
2770-NSVDG,24,Month-to-month,29.1,688.0,24.45,Low,18.132,527.64,Low Value,Low/Medium Value - Low/Medium Risk
8280-MQRQN,1,Month-to-month,50.45,50.45,45.12,Medium,13.171199999999999,664.49,Medium Value,Low/Medium Value - Low/Medium Risk
7851-FLGGQ,1,Month-to-month,44.65,44.65,53.5,Medium,11.16,498.29,Low Value,Low/Medium Value - Low/Medium Risk
9374-YOLBJ,1,Month-to-month,19.25,19.25,21.76,Low,18.7776,361.47,Low Value,Low/Medium Value - Low/Medium Risk
6583-SZVGP,48,Two year,108.1,5067.45,12.58,Low,20.9808,2268.02,High Value,High Value - Low/Medium Risk
2150-OEGBV,27,One year,20.1,562.6,3.12,Low,23.2512,467.35,Low Value,Low/Medium Value - Low/Medium Risk
9372-TXXPS,60,Two year,59.85,3483.45,0.71,Low,23.8296,1426.2,High Value,High Value - Low/Medium Risk
6933-FHBZC,26,One year,56.05,1553.2,9.5,Low,21.72,1217.41,Medium Value,Low/Medium Value - Low/Medium Risk
4698-KVLLG,51,Two year,19.6,967.9,1.07,Low,23.743199999999998,465.37,Low Value,Low/Medium Value - Low/Medium Risk
8752-STIVR,4,Month-to-month,79.0,303.15,75.33,High,5.920800000000001,467.74,Low Value,Low/Medium Value - High Risk
8623-ULFNQ,26,Month-to-month,66.05,1652.4,34.4,Medium,15.744,1039.89,Medium Value,Low/Medium Value - Low/Medium Risk
9822-WMWVG,41,Month-to-month,106.5,4282.4,30.71,Medium,16.629600000000003,1771.05,High Value,High Value - Low/Medium Risk
4304-TSPVK,68,Two year,114.9,7843.55,4.06,Low,23.0256,2645.64,High Value,High Value - Low/Medium Risk
1716-LSAMB,45,Two year,54.65,2553.7,0.74,Low,23.822400000000002,1301.89,High Value,High Value - Low/Medium Risk
3523-QRQLL,22,One year,69.5,1498.2,11.53,Low,21.2328,1475.68,High Value,High Value - Low/Medium Risk
2187-PKZAY,12,Month-to-month,79.95,1043.4,60.82,High,9.403200000000002,751.79,Medium Value,Low/Medium Value - High Risk
1895-QTKDO,1,Month-to-month,43.95,43.95,35.71,Medium,15.4296,678.13,Medium Value,Low/Medium Value - Low/Medium Risk
8161-QYMTT,7,Month-to-month,94.1,701.3,82.85,High,4.116000000000002,387.32,Low Value,Low/Medium Value - High Risk
2955-PSXOE,1,Month-to-month,20.2,20.2,24.69,Low,18.0744,365.1,Low Value,Low/Medium Value - Low/Medium Risk
6834-NXDCA,13,Month-to-month,23.9,300.8,42.19,Medium,13.874400000000001,331.6,Low Value,Low/Medium Value - Low/Medium Risk
8701-DGLVH,51,Two year,20.45,1042.65,0.99,Low,23.7624,485.94,Low Value,Low/Medium Value - Low/Medium Risk
2480-SQIOB,4,Month-to-month,44.8,169.65,37.7,Medium,14.952,669.85,Medium Value,Low/Medium Value - Low/Medium Risk
4993-JCRGJ,26,Month-to-month,84.3,2281.6,39.32,Medium,14.5632,1227.68,Medium Value,Low/Medium Value - Low/Medium Risk
0581-MDMPW,24,Month-to-month,88.95,2072.75,47.58,Medium,12.5808,1119.06,Medium Value,Low/Medium Value - Low/Medium Risk
7789-CRUVC,61,Month-to-month,94.2,5895.45,15.45,Low,20.292,1911.51,High Value,High Value - Low/Medium Risk
0164-APGRB,72,Two year,114.9,8496.7,6.91,Low,22.3416,2567.05,High Value,High Value - Low/Medium Risk
8034-RYTVV,55,One year,84.25,4589.85,12.98,Low,20.8848,1759.54,High Value,High Value - Low/Medium Risk
3018-TFTSU,12,Month-to-month,81.7,858.6,34.47,Medium,15.7272,1284.91,High Value,High Value - Low/Medium Risk
9777-IQHWP,64,Two year,93.4,5822.3,3.78,Low,23.092799999999997,2156.87,High Value,High Value - Low/Medium Risk
6899-PPEEA,37,Month-to-month,96.55,3580.3,59.7,Medium,9.672,933.83,Medium Value,Low/Medium Value - Low/Medium Risk
6701-YVNQG,72,Two year,88.7,6301.7,1.48,Low,23.6448,2097.29,High Value,High Value - Low/Medium Risk
7649-PHJVR,11,One year,19.5,226.8,7.08,Low,22.300800000000002,434.87,Low Value,Low/Medium Value - Low/Medium Risk
9278-VZKCD,52,Month-to-month,109.1,5647.95,54.06,Medium,11.0256,1202.89,Medium Value,Low/Medium Value - Low/Medium Risk
7636-PEPNS,58,One year,44.1,2413.05,4.8,Low,22.848,1007.6,Medium Value,Low/Medium Value - Low/Medium Risk
1575-KRZZE,4,Month-to-month,55.2,220.65,28.02,Low,17.275199999999998,953.59,Medium Value,Low/Medium Value - Low/Medium Risk
8590-OHDIW,38,One year,20.3,749.35,1.71,Low,23.5896,478.87,Low Value,Low/Medium Value - Low/Medium Risk
7764-BDPEE,3,Month-to-month,20.85,60.65,15.09,Low,20.3784,424.89,Low Value,Low/Medium Value - Low/Medium Risk
9480-BQJEI,62,One year,92.3,5731.45,11.92,Low,21.139200000000002,1951.15,High Value,High Value - Low/Medium Risk
3354-OADJP,8,One year,54.25,447.75,8.55,Low,21.948,1190.68,Medium Value,Low/Medium Value - Low/Medium Risk
3181-MIZBN,16,Month-to-month,19.75,313.4,9.38,Low,21.7488,429.54,Low Value,Low/Medium Value - Low/Medium Risk
9327-QSDED,8,Month-to-month,43.55,335.4,31.35,Medium,16.476,717.53,Medium Value,Low/Medium Value - Low/Medium Risk
4892-VLANZ,1,Month-to-month,19.8,19.8,19.6,Low,19.296,382.06,Low Value,Low/Medium Value - Low/Medium Risk
0298-XACET,52,Two year,50.2,2554.0,2.72,Low,23.3472,1172.03,Medium Value,Low/Medium Value - Low/Medium Risk
6917-FIJHC,72,Two year,26.0,1776.0,0.83,Low,23.800800000000002,618.82,Medium Value,Low/Medium Value - Low/Medium Risk
6557-BZXLQ,16,Month-to-month,69.65,1043.3,46.91,Medium,12.741600000000002,887.45,Medium Value,Low/Medium Value - Low/Medium Risk
2432-TFSMK,18,One year,89.6,1633.0,35.63,Medium,15.448799999999999,1384.21,High Value,High Value - Low/Medium Risk
4211-MMAZN,1,Month-to-month,20.25,20.25,19.46,Low,19.3296,391.42,Low Value,Low/Medium Value - Low/Medium Risk
4751-ERMAN,72,Two year,75.4,5480.25,1.76,Low,23.5776,1777.75,High Value,High Value - Low/Medium Risk
8430-TWCBX,49,One year,20.7,1032.05,2.12,Low,23.4912,486.27,Low Value,Low/Medium Value - Low/Medium Risk
1942-OQFRW,1,Month-to-month,44.0,44.0,45.29,Medium,13.130400000000002,577.74,Low Value,Low/Medium Value - Low/Medium Risk
4075-JFPGR,51,One year,93.5,4619.55,17.23,Low,19.8648,1857.36,High Value,High Value - Low/Medium Risk
3339-EAQNV,72,One year,97.25,7133.1,17.49,Low,19.802400000000002,1925.78,High Value,High Value - Low/Medium Risk
5329-KRDTM,72,Two year,77.35,5396.25,1.27,Low,23.6952,1832.82,High Value,High Value - Low/Medium Risk
0307-BCOPK,16,One year,19.05,326.65,4.11,Low,23.0136,438.41,Low Value,Low/Medium Value - Low/Medium Risk
6473-ULUHT,16,Month-to-month,84.9,1398.25,17.89,Low,19.7064,1673.07,High Value,High Value - Low/Medium Risk
1194-SPVSP,1,Month-to-month,19.65,19.65,18.83,Low,19.4808,382.8,Low Value,Low/Medium Value - Low/Medium Risk
7249-WBIYX,10,Month-to-month,85.6,813.85,77.38,High,5.428800000000002,464.71,Low Value,Low/Medium Value - High Risk
2293-IJWPS,57,One year,100.75,5985.0,31.94,Medium,16.3344,1645.69,High Value,High Value - Low/Medium Risk
4377-VDHYI,32,One year,90.8,3023.85,16.86,Low,19.9536,1811.79,High Value,High Value - Low/Medium Risk
0019-EFAEP,72,Two year,101.3,7261.25,5.06,Low,22.785600000000002,2308.18,High Value,High Value - Low/Medium Risk
2480-EJWYP,58,One year,97.8,5458.8,26.18,Low,17.7168,1732.7,High Value,High Value - Low/Medium Risk
8970-ANWXO,23,One year,73.75,1756.6,15.19,Low,20.3544,1501.14,High Value,High Value - Low/Medium Risk
8739-WWKDU,25,Month-to-month,89.5,2196.15,62.16,High,9.081600000000002,812.8,Medium Value,Low/Medium Value - High Risk
2171-UDMFD,32,Month-to-month,19.45,674.55,6.2,Low,22.512,437.86,Low Value,Low/Medium Value - Low/Medium Risk
7036-TYDEC,69,Two year,104.0,7028.5,8.96,Low,21.8496,2272.36,High Value,High Value - Low/Medium Risk
3831-YCPUO,72,Two year,109.5,7854.9,2.9,Low,23.304,2551.79,High Value,High Value - Low/Medium Risk
0121-SNYRK,50,One year,35.4,1748.9,6.37,Low,22.4712,795.48,Medium Value,Low/Medium Value - Low/Medium Risk
3325-FUYCG,28,One year,106.1,2847.4,27.44,Low,17.4144,1847.67,High Value,High Value - Low/Medium Risk
1952-DVVSW,10,One year,20.1,184.4,7.41,Low,22.2216,446.65,Low Value,Low/Medium Value - Low/Medium Risk
3571-DPYUH,58,One year,94.7,5430.35,11.66,Low,21.2016,2007.79,High Value,High Value - Low/Medium Risk
2077-MPJQO,7,Month-to-month,75.4,533.05,78.2,High,5.231999999999999,394.49,Low Value,Low/Medium Value - High Risk
2391-SOORI,4,Month-to-month,49.35,219.65,28.1,Low,17.256,851.58,Medium Value,Low/Medium Value - Low/Medium Risk
4086-ATNFV,34,One year,60.8,2042.05,4.07,Low,23.023200000000003,1399.81,High Value,High Value - Low/Medium Risk
3396-DKDEL,70,Two year,115.15,8250.0,4.36,Low,22.9536,2643.11,High Value,High Value - Low/Medium Risk
7471-MQPOS,71,One year,72.9,5139.65,3.51,Low,23.1576,1688.19,High Value,High Value - Low/Medium Risk
7181-OQCUT,21,Month-to-month,103.85,2215.0,46.48,Medium,12.8448,1333.93,High Value,High Value - Low/Medium Risk
3489-VSFRD,56,One year,60.25,3282.75,2.75,Low,23.34,1406.24,High Value,High Value - Low/Medium Risk
6283-GITPX,71,Two year,76.9,5522.7,0.63,Low,23.8488,1833.97,High Value,High Value - Low/Medium Risk
2845-HSJCY,14,Month-to-month,87.25,1258.6,63.23,High,8.8248,769.96,Medium Value,Low/Medium Value - High Risk
7216-KAOID,41,One year,19.5,798.2,1.47,Low,23.647199999999998,461.12,Low Value,Low/Medium Value - Low/Medium Risk
6680-WKXRZ,3,Month-to-month,74.4,215.8,62.48,High,9.0048,669.96,Medium Value,Low/Medium Value - High Risk
2346-LOCWC,58,Two year,20.5,1191.4,0.57,Low,23.8632,489.2,Low Value,Low/Medium Value - Low/Medium Risk
0769-MURVM,72,Two year,65.7,4575.35,0.98,Low,23.7648,1561.35,High Value,High Value - Low/Medium Risk
3374-LXDEV,13,Month-to-month,89.4,1132.35,39.45,Medium,14.531999999999998,1299.16,High Value,High Value - Low/Medium Risk
5318-YKDPV,43,Two year,79.15,3566.6,1.8,Low,23.567999999999998,1865.41,High Value,High Value - Low/Medium Risk
8190-ZTQFB,41,One year,51.35,2075.1,20.68,Low,19.0368,977.54,Medium Value,Low/Medium Value - Low/Medium Risk
4512-ZUIYL,2,Month-to-month,70.0,153.05,56.28,Medium,10.4928,734.5,Medium Value,Low/Medium Value - Low/Medium Risk
3090-QFUVD,1,Month-to-month,20.3,20.3,18.08,Low,19.660800000000002,399.11,Low Value,Low/Medium Value - Low/Medium Risk
4806-KEXQR,4,Month-to-month,79.9,324.3,75.34,High,5.918399999999998,472.88,Low Value,Low/Medium Value - High Risk
2369-FEVNO,1,Month-to-month,19.9,19.9,26.13,Low,17.7288,352.8,Low Value,Low/Medium Value - Low/Medium Risk
9637-CDTKZ,72,Two year,114.1,8086.4,5.03,Low,22.7928,2600.66,High Value,High Value - Low/Medium Risk
2954-PIBKO,69,Two year,64.15,4254.1,0.95,Low,23.772000000000002,1524.97,High Value,High Value - Low/Medium Risk
2212-LYASK,27,One year,45.85,1246.4,15.14,Low,20.3664,933.8,Medium Value,Low/Medium Value - Low/Medium Risk
9481-SFCQY,14,Month-to-month,59.8,824.85,24.63,Low,18.0888,1081.71,Medium Value,Low/Medium Value - Low/Medium Risk
2828-SLQPF,19,Month-to-month,45.0,865.85,21.48,Low,18.8448,848.02,Medium Value,Low/Medium Value - Low/Medium Risk
4647-MUZON,18,Month-to-month,95.95,1745.5,51.17,Medium,11.719199999999999,1124.46,Medium Value,Low/Medium Value - Low/Medium Risk
8212-DJRCH,5,Month-to-month,90.35,434.5,53.74,Medium,11.1024,1003.1,Medium Value,Low/Medium Value - Low/Medium Risk
0516-OOHAR,28,One year,100.35,2799.0,22.03,Low,18.712799999999998,1877.83,High Value,High Value - Low/Medium Risk
4973-RLZVI,30,One year,74.65,2308.6,3.26,Low,23.2176,1733.19,High Value,High Value - Low/Medium Risk
8089-UZWLX,71,Two year,104.05,7413.55,8.82,Low,21.8832,2276.95,High Value,High Value - Low/Medium Risk
9732-KPKBW,1,Month-to-month,53.95,53.95,35.83,Medium,15.400799999999998,830.87,Medium Value,Low/Medium Value - Low/Medium Risk
9715-WZCLW,71,Two year,97.2,6910.3,7.79,Low,22.1304,2151.07,High Value,High Value - Low/Medium Risk
0257-KXZGU,32,Month-to-month,62.45,2045.55,11.38,Low,21.2688,1328.24,High Value,High Value - Low/Medium Risk
0707-HOVVN,70,Two year,75.5,5212.65,1.98,Low,23.5248,1776.12,High Value,High Value - Low/Medium Risk
5501-TVMGM,1,Month-to-month,55.25,55.25,59.57,Medium,9.703199999999999,536.1,Low Value,Low/Medium Value - Low/Medium Risk
3422-LYEPQ,1,Month-to-month,71.0,71.0,69.31,High,7.365599999999999,522.96,Low Value,Low/Medium Value - High Risk
2277-VWCNI,4,Month-to-month,48.75,179.85,46.1,Medium,12.935999999999998,630.63,Medium Value,Low/Medium Value - Low/Medium Risk
5461-QKNTN,43,Month-to-month,94.3,3953.15,37.38,Medium,15.0288,1417.22,High Value,High Value - Low/Medium Risk
3967-KXAPS,72,Two year,92.3,6719.9,0.98,Low,23.7648,2193.49,High Value,High Value - Low/Medium Risk
6919-ELBGL,72,Two year,114.95,8196.4,4.81,Low,22.845599999999997,2626.1,High Value,High Value - Low/Medium Risk
8361-LTMKD,4,Month-to-month,74.4,306.6,75.14,High,5.966400000000001,443.9,Low Value,Low/Medium Value - High Risk
1131-ALZWV,24,One year,24.6,605.25,3.83,Low,23.0808,567.79,Low Value,Low/Medium Value - Low/Medium Risk
5178-LMXOP,1,Month-to-month,95.1,95.1,87.83,High,2.9208000000000007,277.77,Low Value,Low/Medium Value - High Risk
8992-CEUEN,1,Month-to-month,18.85,18.85,24.98,Low,18.0048,339.39,Low Value,Low/Medium Value - Low/Medium Risk
3320-VEOYC,14,Month-to-month,95.6,1273.3,74.51,High,6.117599999999998,584.84,Low Value,Low/Medium Value - High Risk
3672-YITQD,36,Month-to-month,84.1,3021.6,56.97,Medium,10.327200000000001,868.52,Medium Value,Low/Medium Value - Low/Medium Risk
6080-TCMYC,40,Month-to-month,81.2,3292.3,36.9,Medium,15.144,1229.69,Medium Value,Low/Medium Value - Low/Medium Risk
6734-FQAJX,67,Two year,105.05,7171.7,6.98,Low,22.3248,2345.22,High Value,High Value - Low/Medium Risk
1063-DHQJF,69,Two year,92.15,6480.9,2.95,Low,23.292,2146.36,High Value,High Value - Low/Medium Risk
3976-NLDEZ,1,Month-to-month,20.6,20.6,19.35,Low,19.356,398.73,Low Value,Low/Medium Value - Low/Medium Risk
1729-VLAZJ,10,One year,40.25,411.45,9.74,Low,21.662399999999998,871.91,Medium Value,Low/Medium Value - Low/Medium Risk
3400-ESFUW,55,Two year,57.55,3046.4,0.75,Low,23.82,1370.84,High Value,High Value - Low/Medium Risk
5271-YNWVR,68,Two year,113.15,7856.0,7.03,Low,22.3128,2524.69,High Value,High Value - Low/Medium Risk
1587-FKLZB,66,Month-to-month,99.5,6822.15,33.98,Medium,15.8448,1576.56,High Value,High Value - Low/Medium Risk
0958-YHXGP,7,Month-to-month,69.9,497.3,61.78,High,9.172799999999999,641.18,Medium Value,Low/Medium Value - High Risk
1494-EJZDW,10,Two year,20.15,220.8,3.01,Low,23.2776,469.04,Low Value,Low/Medium Value - Low/Medium Risk
1816-FLZDK,1,Month-to-month,29.15,29.15,38.21,Medium,14.8296,432.28,Low Value,Low/Medium Value - Low/Medium Risk
2075-PUEPR,55,Two year,19.35,1153.25,0.69,Low,23.8344,461.2,Low Value,Low/Medium Value - Low/Medium Risk
1833-TCXKK,45,Month-to-month,107.75,4882.8,42.7,Medium,13.751999999999999,1481.78,High Value,High Value - Low/Medium Risk
1436-ZMJAN,10,Month-to-month,67.8,653.15,47.76,Medium,12.5376,850.05,Medium Value,Low/Medium Value - Low/Medium Risk
0106-UGRDO,69,Two year,116.0,8182.85,7.79,Low,22.1304,2567.13,High Value,High Value - Low/Medium Risk
1069-XAIEM,1,Month-to-month,85.05,85.05,84.5,High,3.7200000000000006,316.39,Low Value,Low/Medium Value - High Risk
4213-HKBJO,33,Two year,25.7,826.1,1.55,Low,23.628,607.24,Medium Value,Low/Medium Value - Low/Medium Risk
8345-MVDYC,45,Two year,81.65,3618.7,1.3,Low,23.688,1934.13,High Value,High Value - Low/Medium Risk
2672-OJQZP,1,Month-to-month,44.75,44.75,37.01,Medium,15.1176,676.51,Medium Value,Low/Medium Value - Low/Medium Risk
5136-RGMZO,31,Month-to-month,71.05,2168.15,23.28,Low,18.4128,1308.23,High Value,High Value - Low/Medium Risk
5774-QPLTF,50,One year,20.35,938.95,2.61,Low,23.3736,475.65,Low Value,Low/Medium Value - Low/Medium Risk
5240-CAOYT,57,Month-to-month,87.55,4884.85,15.52,Low,20.275199999999998,1775.09,High Value,High Value - Low/Medium Risk
3707-GNWHM,1,Month-to-month,74.25,74.25,73.84,High,6.278399999999999,466.17,Low Value,Low/Medium Value - High Risk
5159-YFPKQ,2,Month-to-month,75.8,160.75,71.29,High,6.890399999999998,522.29,Low Value,Low/Medium Value - High Risk
5052-PNLOS,3,Month-to-month,105.35,323.25,80.54,High,4.670399999999997,492.03,Low Value,Low/Medium Value - High Risk
6173-GOLSU,67,Month-to-month,94.65,6079.0,37.3,Medium,15.048,1424.29,High Value,High Value - Low/Medium Risk
6661-HBGWL,42,Month-to-month,104.75,4323.45,49.12,Medium,12.211200000000002,1279.12,High Value,High Value - Low/Medium Risk
8207-VVMYB,70,Two year,26.0,2006.95,0.88,Low,23.7888,618.51,Medium Value,Low/Medium Value - Low/Medium Risk
5324-KTGCG,71,One year,20.85,1539.75,1.24,Low,23.7024,494.2,Low Value,Low/Medium Value - Low/Medium Risk
7354-OIJLX,9,Month-to-month,75.85,724.65,73.11,High,6.453600000000001,489.51,Low Value,Low/Medium Value - High Risk
9286-BHDQG,72,Two year,45.25,3139.8,0.58,Low,23.860799999999998,1079.7,Medium Value,Low/Medium Value - Low/Medium Risk
3567-PQTSO,53,One year,105.25,5576.3,35.86,Medium,15.3936,1620.18,High Value,High Value - Low/Medium Risk
3197-ARFOY,19,Month-to-month,105.0,2007.25,39.76,Medium,14.457600000000001,1518.05,High Value,High Value - Low/Medium Risk
5698-BQJOH,9,Month-to-month,94.4,857.25,74.98,High,6.0047999999999995,566.85,Low Value,Low/Medium Value - High Risk
1090-ESELR,72,Two year,105.5,7611.55,2.07,Low,23.5032,2479.59,High Value,High Value - Low/Medium Risk
0056-EPFBG,20,Two year,39.4,825.4,3.89,Low,23.066399999999998,908.82,Medium Value,Low/Medium Value - Low/Medium Risk
4955-VCWBI,43,One year,20.0,817.95,1.39,Low,23.6664,473.33,Low Value,Low/Medium Value - Low/Medium Risk
4717-GHADL,50,Two year,79.6,4024.2,5.14,Low,22.7664,1812.21,High Value,High Value - Low/Medium Risk
0058-EVZWM,55,Month-to-month,89.8,4959.6,30.05,Medium,16.788,1507.56,High Value,High Value - Low/Medium Risk
7218-HKQFK,2,Month-to-month,94.2,167.5,75.32,High,5.9232000000000005,557.97,Low Value,Low/Medium Value - High Risk
5057-RKGLH,9,Two year,20.35,191.1,3.12,Low,23.2512,473.16,Low Value,Low/Medium Value - Low/Medium Risk
2309-OSFEU,10,Month-to-month,33.9,298.45,52.5,Medium,11.399999999999999,386.46,Low Value,Low/Medium Value - Low/Medium Risk
3429-IFLEM,71,Two year,77.35,5550.1,0.52,Low,23.8752,1846.75,High Value,High Value - Low/Medium Risk
1550-LOAHA,32,Month-to-month,84.15,2585.95,27.23,Low,17.4648,1469.66,High Value,High Value - Low/Medium Risk
1400-MMYXY,3,Month-to-month,105.9,334.65,87.7,High,2.952,312.62,Low Value,Low/Medium Value - High Risk
7503-QQRVF,16,Month-to-month,74.3,1178.25,42.54,Medium,13.7904,1024.63,Medium Value,Low/Medium Value - Low/Medium Risk
7504-UWHNB,25,Month-to-month,69.75,1729.35,40.2,Medium,14.352,1001.05,Medium Value,Low/Medium Value - Low/Medium Risk
9565-JSNFM,38,One year,70.45,2597.6,15.39,Low,20.3064,1430.59,High Value,High Value - Low/Medium Risk
4735-BJKOU,40,Two year,20.15,804.85,0.9,Low,23.784,479.25,Low Value,Low/Medium Value - Low/Medium Risk
3580-GICBM,61,Two year,24.2,1445.2,1.12,Low,23.7312,574.3,Low Value,Low/Medium Value - Low/Medium Risk
7632-YUTXB,25,One year,20.05,520.1,2.97,Low,23.287200000000002,466.91,Low Value,Low/Medium Value - Low/Medium Risk
9412-ARGBX,48,Two year,95.5,4627.85,3.62,Low,23.1312,2209.03,High Value,High Value - Low/Medium Risk
9576-ANLXO,3,Month-to-month,69.55,222.3,64.46,High,8.529600000000002,593.23,Low Value,Low/Medium Value - High Risk
1110-KYLGQ,63,Month-to-month,108.25,6780.1,23.33,Low,18.4008,1991.89,High Value,High Value - Low/Medium Risk
8696-JKZNU,37,Month-to-month,76.25,2841.55,47.59,Medium,12.5784,959.1,Medium Value,Low/Medium Value - Low/Medium Risk
8757-TFHHJ,1,Month-to-month,49.8,49.8,34.87,Medium,15.6312,778.43,Medium Value,Low/Medium Value - Low/Medium Risk
2955-BJZHG,17,Month-to-month,80.85,1400.85,42.28,Medium,13.852799999999998,1120.0,Medium Value,Low/Medium Value - Low/Medium Risk
9048-JVYVF,3,Month-to-month,69.35,191.35,54.82,Medium,10.8432,751.98,Medium Value,Low/Medium Value - Low/Medium Risk
0682-USIXD,21,Month-to-month,86.05,1818.9,43.55,Medium,13.548,1165.81,Medium Value,Low/Medium Value - Low/Medium Risk
3884-UEBXB,67,Two year,36.15,2434.45,1.0,Low,23.759999999999998,858.92,Medium Value,Low/Medium Value - Low/Medium Risk
1776-SPBWV,34,One year,20.1,682.1,2.78,Low,23.3328,468.99,Low Value,Low/Medium Value - Low/Medium Risk
9050-QLROH,18,Month-to-month,90.7,1597.25,53.09,Medium,11.258399999999998,1021.14,Medium Value,Low/Medium Value - Low/Medium Risk
2925-VDZHY,72,Two year,88.7,6501.35,0.84,Low,23.7984,2110.92,High Value,High Value - Low/Medium Risk
9512-UIBFX,18,Month-to-month,95.15,1779.95,39.42,Medium,14.539200000000001,1383.4,High Value,High Value - Low/Medium Risk
8676-TRMJS,3,Month-to-month,75.0,209.1,63.83,High,8.680800000000001,651.06,Medium Value,Low/Medium Value - High Risk
3334-CTHOL,1,Month-to-month,49.95,49.95,52.83,Medium,11.3208,565.47,Low Value,Low/Medium Value - Low/Medium Risk
6331-LWDTQ,10,Month-to-month,72.15,794.25,53.11,Medium,11.253599999999999,811.95,Medium Value,Low/Medium Value - Low/Medium Risk
3847-BAERP,10,Month-to-month,20.9,247.0,18.83,Low,19.4808,407.15,Low Value,Low/Medium Value - Low/Medium Risk
4709-LKHYG,29,One year,20.0,540.05,3.39,Low,23.1864,463.73,Low Value,Low/Medium Value - Low/Medium Risk
8621-MNIHH,34,Month-to-month,94.25,3217.55,53.89,Medium,11.066399999999998,1043.01,Medium Value,Low/Medium Value - Low/Medium Risk
8884-ADFVN,7,Month-to-month,101.95,700.85,87.73,High,2.944799999999998,300.22,Low Value,Low/Medium Value - High Risk
2885-HIJDH,69,Two year,86.9,6194.1,1.08,Low,23.7408,2063.08,High Value,High Value - Low/Medium Risk
8570-KLJYJ,36,One year,54.45,1893.5,5.21,Low,22.7496,1238.72,Medium Value,Low/Medium Value - Low/Medium Risk
9339-FIIJL,72,Two year,85.95,6151.9,1.49,Low,23.6424,2032.06,High Value,High Value - Low/Medium Risk
6223-DHJGV,42,One year,20.65,958.1,2.46,Low,23.4096,483.41,Low Value,Low/Medium Value - Low/Medium Risk
0959-WHOKV,42,One year,99.0,4298.45,18.92,Low,19.4592,1926.46,High Value,High Value - Low/Medium Risk
9610-WCESF,67,Two year,43.9,3097.2,1.97,Low,23.5272,1032.84,Medium Value,Low/Medium Value - Low/Medium Risk
9279-CJEOJ,21,Month-to-month,95.4,2025.1,60.57,High,9.4632,902.79,Medium Value,Low/Medium Value - High Risk
2985-FMWYF,23,Month-to-month,93.5,2341.55,64.7,High,8.472,792.13,Medium Value,Low/Medium Value - High Risk
3540-RZJYU,15,Month-to-month,86.2,1270.2,37.9,Medium,14.904,1284.72,High Value,High Value - Low/Medium Risk
2522-WLNSF,34,One year,64.2,2106.3,6.13,Low,22.5288,1446.35,High Value,High Value - Low/Medium Risk
6861-XWTWQ,7,Month-to-month,99.25,665.45,85.01,High,3.597599999999998,357.06,Low Value,Low/Medium Value - High Risk
8735-NBLWT,9,Month-to-month,20.4,184.1,12.16,Low,21.081599999999998,430.06,Low Value,Low/Medium Value - Low/Medium Risk
1744-JHKYS,34,Month-to-month,24.7,780.2,9.31,Low,21.7656,537.61,Low Value,Low/Medium Value - Low/Medium Risk
0841-NULXI,1,Month-to-month,35.55,35.55,72.51,High,6.597599999999998,234.54,Low Value,Low/Medium Value - High Risk
4016-BJKTZ,25,Two year,108.9,2809.05,20.51,Low,19.077599999999997,2077.55,High Value,High Value - Low/Medium Risk
9298-WGMRW,72,Two year,115.5,8312.75,4.97,Low,22.8072,2634.23,High Value,High Value - Low/Medium Risk
7893-IXHRQ,1,Month-to-month,20.55,20.55,24.69,Low,18.0744,371.43,Low Value,Low/Medium Value - Low/Medium Risk
8785-CJSHH,60,Month-to-month,99.8,5985.75,45.38,Medium,13.1088,1308.26,High Value,High Value - Low/Medium Risk
7654-YWJUF,43,One year,84.25,3539.25,6.88,Low,22.3488,1882.89,High Value,High Value - Low/Medium Risk
8909-BOLNL,3,One year,21.2,52.05,9.41,Low,21.741600000000002,460.92,Low Value,Low/Medium Value - Low/Medium Risk
9919-FZDED,72,Two year,84.1,5981.65,2.39,Low,23.4264,1970.16,High Value,High Value - Low/Medium Risk
0322-CHQRU,2,Month-to-month,45.35,89.5,43.61,Medium,13.533600000000002,613.75,Medium Value,Low/Medium Value - Low/Medium Risk
3587-PMCOY,10,One year,98.9,1064.95,49.1,Medium,12.216000000000001,1208.16,Medium Value,Low/Medium Value - Low/Medium Risk
0655-RBDUG,7,Month-to-month,98.05,713.0,76.98,High,5.524799999999999,541.71,Low Value,Low/Medium Value - High Risk
0983-TATYJ,33,One year,51.45,1758.9,6.44,Low,22.4544,1155.28,Medium Value,Low/Medium Value - Low/Medium Risk
5650-YLIBA,31,Month-to-month,81.15,2640.55,46.1,Medium,12.935999999999998,1049.76,Medium Value,Low/Medium Value - Low/Medium Risk
5144-TVGLP,38,Month-to-month,94.75,3653.0,50.78,Medium,11.8128,1119.26,Medium Value,Low/Medium Value - Low/Medium Risk
3569-EDBPQ,24,Month-to-month,84.35,1938.05,33.17,Medium,16.0392,1352.91,High Value,High Value - Low/Medium Risk
4945-RVMTE,28,Month-to-month,59.55,1646.45,22.88,Low,18.5088,1102.2,Medium Value,Low/Medium Value - Low/Medium Risk
3511-BFTJW,72,Two year,38.5,2763.0,0.84,Low,23.7984,916.24,Medium Value,Low/Medium Value - Low/Medium Risk
5537-UXXVS,20,Month-to-month,19.25,375.25,6.89,Low,22.346400000000003,430.17,Low Value,Low/Medium Value - Low/Medium Risk
8782-NUUOL,60,One year,79.0,4801.1,2.92,Low,23.2992,1840.64,High Value,High Value - Low/Medium Risk
2865-TCHJW,4,Month-to-month,89.2,346.2,82.78,High,4.1328000000000005,368.65,Low Value,Low/Medium Value - High Risk
9931-KGHOA,46,Month-to-month,55.0,2473.95,6.94,Low,22.3344,1228.39,Medium Value,Low/Medium Value - Low/Medium Risk
3071-MVJCD,72,Two year,82.3,5815.15,0.62,Low,23.8512,1962.95,High Value,High Value - Low/Medium Risk
7279-BUYWN,41,Month-to-month,113.2,4689.5,47.85,Medium,12.515999999999998,1416.81,High Value,High Value - Low/Medium Risk
3756-VNWDH,65,One year,100.75,6674.65,28.84,Low,17.078400000000002,1720.65,High Value,High Value - Low/Medium Risk
1395-OFUWC,43,Month-to-month,29.3,1224.05,7.97,Low,22.0872,647.15,Medium Value,Low/Medium Value - Low/Medium Risk
4223-BKEOR,21,One year,64.85,1336.8,5.45,Low,22.692,1471.58,High Value,High Value - Low/Medium Risk
0040-HALCW,54,Two year,20.4,1090.6,0.69,Low,23.8344,486.22,Low Value,Low/Medium Value - Low/Medium Risk
7124-UGSUR,61,One year,104.4,6405.0,28.74,Low,17.1024,1785.49,High Value,High Value - Low/Medium Risk
7395-XWZOY,20,Month-to-month,55.0,1165.55,18.23,Low,19.6248,1079.36,Medium Value,Low/Medium Value - Low/Medium Risk
5440-VHLUL,69,One year,105.2,7386.05,15.34,Low,20.3184,2137.5,High Value,High Value - Low/Medium Risk
4706-DGAHW,1,Month-to-month,45.2,45.2,48.53,Medium,12.352799999999998,558.35,Low Value,Low/Medium Value - Low/Medium Risk
8166-ORCHU,33,One year,93.55,3055.5,16.96,Low,19.9296,1864.41,High Value,High Value - Low/Medium Risk
3978-YNKDD,19,Two year,20.85,467.5,1.32,Low,23.6832,493.79,Low Value,Low/Medium Value - Low/Medium Risk
7198-GLXTC,2,Month-to-month,79.0,143.65,69.82,High,7.243200000000002,572.21,Low Value,Low/Medium Value - High Risk
6366-XIVKZ,13,Month-to-month,63.15,816.8,20.67,Low,19.0392,1202.33,Medium Value,Low/Medium Value - Low/Medium Risk
5133-POWUA,1,Month-to-month,45.8,45.8,45.99,Medium,12.9624,593.68,Medium Value,Low/Medium Value - Low/Medium Risk
8400-WZICQ,55,Month-to-month,55.7,3131.8,5.95,Low,22.572,1257.26,Medium Value,Low/Medium Value - Low/Medium Risk
5382-SOYZL,22,Month-to-month,95.1,2162.6,65.15,High,8.363999999999997,795.42,Medium Value,Low/Medium Value - High Risk
1989-PRJHP,27,Month-to-month,75.5,1893.95,58.91,Medium,9.861600000000001,744.55,Medium Value,Low/Medium Value - Low/Medium Risk
4154-AQUGT,13,Month-to-month,89.05,1169.35,43.15,Medium,13.644,1215.0,Medium Value,Low/Medium Value - Low/Medium Risk
0980-FEXWF,26,One year,50.35,1285.8,6.88,Low,22.3488,1125.26,Medium Value,Low/Medium Value - Low/Medium Risk
5845-BZZIB,35,Two year,20.1,655.3,0.95,Low,23.772000000000002,477.82,Low Value,Low/Medium Value - Low/Medium Risk
4840-ORQXB,56,Month-to-month,104.75,5841.35,49.62,Medium,12.0912,1266.55,Medium Value,Low/Medium Value - Low/Medium Risk
0295-PPHDO,1,Month-to-month,95.45,95.45,85.55,High,3.4680000000000017,331.02,Low Value,Low/Medium Value - High Risk
8775-ERLNB,1,Month-to-month,74.3,74.3,76.2,High,5.712,424.4,Low Value,Low/Medium Value - High Risk
0376-YMCJC,23,Month-to-month,90.6,1943.2,49.38,Medium,12.1488,1100.68,Medium Value,Low/Medium Value - Low/Medium Risk
7410-YTJIK,7,Month-to-month,75.45,480.75,59.4,Medium,9.744,735.18,Medium Value,Low/Medium Value - Low/Medium Risk
9927-DSWDF,22,Month-to-month,104.6,2180.55,42.09,Medium,13.898399999999999,1453.77,High Value,High Value - Low/Medium Risk
6681-ZSEXG,56,Two year,59.5,3389.25,2.44,Low,23.4144,1393.16,High Value,High Value - Low/Medium Risk
5702-KVQRD,71,Two year,82.55,5832.65,1.77,Low,23.5752,1946.13,High Value,High Value - Low/Medium Risk
8711-LOBKY,59,Two year,19.85,1188.25,0.6,Low,23.856,473.54,Low Value,Low/Medium Value - Low/Medium Risk
9692-TUSXH,18,Month-to-month,96.05,1740.7,50.1,Medium,11.975999999999999,1150.29,Medium Value,Low/Medium Value - Low/Medium Risk
4012-YCFAI,60,Two year,61.35,3766.2,1.09,Low,23.7384,1456.35,High Value,High Value - Low/Medium Risk
8455-HIRAQ,8,Month-to-month,44.45,369.3,30.65,Medium,16.644,739.83,Medium Value,Low/Medium Value - Low/Medium Risk
7853-WNZSY,1,Month-to-month,19.75,19.75,24.82,Low,18.0432,356.35,Low Value,Low/Medium Value - Low/Medium Risk
0390-DCFDQ,1,Month-to-month,70.45,70.45,70.27,High,7.1352,502.67,Low Value,Low/Medium Value - High Risk
6421-SZVEM,28,One year,82.85,2320.8,16.76,Low,19.977600000000002,1655.14,High Value,High Value - Low/Medium Risk
3094-JOJAI,18,Month-to-month,74.15,1387.0,41.07,Medium,14.143199999999998,1048.72,Medium Value,Low/Medium Value - Low/Medium Risk
4873-ILOLJ,24,Month-to-month,90.35,2238.5,55.23,Medium,10.7448,970.79,Medium Value,Low/Medium Value - Low/Medium Risk
8181-YHCMF,68,Two year,60.3,4109.0,1.69,Low,23.5944,1422.74,High Value,High Value - Low/Medium Risk
3324-OIRTO,71,One year,104.65,7288.4,8.55,Low,21.948,2296.86,High Value,High Value - Low/Medium Risk
9135-HSWOC,64,Two year,19.7,1274.05,0.67,Low,23.839199999999998,469.63,Low Value,Low/Medium Value - Low/Medium Risk
2272-WUSPA,72,Two year,110.75,7751.7,9.4,Low,21.744,2408.15,High Value,High Value - Low/Medium Risk
4627-MIHJH,69,Two year,110.25,7467.55,4.93,Low,22.8168,2515.55,High Value,High Value - Low/Medium Risk
3896-RCYYE,67,Month-to-month,53.4,3579.15,14.11,Low,20.613599999999998,1100.77,Medium Value,Low/Medium Value - Low/Medium Risk
6729-GDNGC,20,Month-to-month,80.7,1614.2,38.15,Medium,14.844000000000001,1197.91,Medium Value,Low/Medium Value - Low/Medium Risk
9945-PSVIP,25,Two year,18.7,383.65,2.12,Low,23.4912,439.29,Low Value,Low/Medium Value - Low/Medium Risk
4137-JOPHL,50,Two year,89.7,4304.5,7.77,Low,22.1352,1985.53,High Value,High Value - Low/Medium Risk
2720-FVBQP,6,Month-to-month,48.95,273.25,43.35,Medium,13.596,665.52,Medium Value,Low/Medium Value - Low/Medium Risk
7854-EKTJL,2,Month-to-month,19.6,35.85,27.04,Low,17.5104,343.2,Low Value,Low/Medium Value - Low/Medium Risk
1133-KXCGE,18,One year,20.1,407.05,3.72,Low,23.1072,464.45,Low Value,Low/Medium Value - Low/Medium Risk
6048-QBXKL,2,Month-to-month,56.55,118.25,49.91,Medium,12.0216,679.82,Medium Value,Low/Medium Value - Low/Medium Risk
6338-AVWCY,3,Month-to-month,40.15,130.75,63.63,High,8.7288,350.46,Low Value,Low/Medium Value - High Risk
0013-MHZWF,9,Month-to-month,69.4,571.45,34.06,Medium,15.8256,1098.3,Medium Value,Low/Medium Value - Low/Medium Risk
9804-ICWBG,1,Month-to-month,69.9,69.9,74.06,High,6.225599999999999,435.17,Low Value,Low/Medium Value - High Risk
2368-GAKKQ,70,Two year,113.65,7939.25,5.3,Low,22.727999999999998,2583.04,High Value,High Value - Low/Medium Risk
4829-AUOAX,46,Month-to-month,96.05,4399.5,30.16,Medium,16.7616,1609.95,High Value,High Value - Low/Medium Risk
7876-BEUTG,15,Month-to-month,48.8,720.1,32.26,Medium,16.2576,793.37,Medium Value,Low/Medium Value - Low/Medium Risk
6349-JDHQP,53,Two year,19.85,1049.6,0.84,Low,23.7984,472.4,Low Value,Low/Medium Value - Low/Medium Risk
3063-QFSZL,1,Month-to-month,55.4,55.4,59.08,Medium,9.8208,544.07,Low Value,Low/Medium Value - Low/Medium Risk
9142-XMYJH,29,Month-to-month,19.35,601.6,5.7,Low,22.631999999999998,437.93,Low Value,Low/Medium Value - Low/Medium Risk
2609-IAICY,1,Month-to-month,77.15,77.15,78.15,High,5.243999999999998,404.57,Low Value,Low/Medium Value - High Risk
8626-PTQGE,69,Two year,60.05,4176.7,1.98,Low,23.5248,1412.66,High Value,High Value - Low/Medium Risk
0230-UBYPQ,63,One year,36.1,2298.9,2.99,Low,23.2824,840.49,Medium Value,Low/Medium Value - Low/Medium Risk
6814-ZPWFQ,51,One year,25.0,1260.7,3.19,Low,23.2344,580.86,Low Value,Low/Medium Value - Low/Medium Risk
5921-NGYRH,64,Month-to-month,73.55,4764.0,15.28,Low,20.3328,1495.48,High Value,High Value - Low/Medium Risk
7803-XOCCZ,52,Month-to-month,84.05,4326.8,13.24,Low,20.822400000000002,1750.12,High Value,High Value - Low/Medium Risk
1459-QNFQT,70,Two year,59.5,4144.8,1.3,Low,23.688,1409.44,High Value,High Value - Low/Medium Risk
3948-FVVRP,9,Month-to-month,54.8,452.8,17.43,Low,19.8168,1085.96,Medium Value,Low/Medium Value - Low/Medium Risk
0923-PNFUB,3,Month-to-month,83.75,247.25,64.76,High,8.4576,708.32,Medium Value,Low/Medium Value - High Risk
4654-ULTTN,70,Two year,74.8,5315.8,1.43,Low,23.6568,1769.53,High Value,High Value - Low/Medium Risk
5628-FCGYG,21,Month-to-month,84.1,1737.45,60.79,High,9.4104,791.41,Medium Value,Low/Medium Value - High Risk
0506-LVNGN,5,Month-to-month,75.55,349.65,63.72,High,8.7072,657.83,Medium Value,Low/Medium Value - High Risk
4329-YPDDQ,20,Month-to-month,108.2,2203.7,34.82,Medium,15.643199999999998,1692.59,High Value,High Value - Low/Medium Risk
9866-OCCKE,72,Two year,109.75,8075.35,7.15,Low,22.284,2445.67,High Value,High Value - Low/Medium Risk
0794-YVSGE,72,Two year,20.3,1401.15,0.32,Low,23.9232,485.64,Low Value,Low/Medium Value - Low/Medium Risk
4342-HENTK,2,Month-to-month,70.65,142.35,74.84,High,6.038399999999998,426.61,Low Value,Low/Medium Value - High Risk
5934-TSSAU,23,Month-to-month,75.3,1702.9,30.44,Medium,16.6944,1257.09,Medium Value,Low/Medium Value - Low/Medium Risk
9986-BONCE,4,Month-to-month,20.95,85.5,16.34,Low,20.078400000000002,420.64,Low Value,Low/Medium Value - Low/Medium Risk
5301-GAUUY,32,Month-to-month,80.35,2596.15,36.57,Medium,15.223199999999999,1223.18,Medium Value,Low/Medium Value - Low/Medium Risk
0725-CXOTM,36,One year,89.65,3348.1,6.99,Low,22.322400000000002,2001.2,High Value,High Value - Low/Medium Risk
2843-CQMEG,24,Month-to-month,49.7,1218.25,16.55,Low,20.028,995.39,Medium Value,Low/Medium Value - Low/Medium Risk
5600-PDUJF,6,Month-to-month,49.5,312.7,31.63,Medium,16.4088,812.24,Medium Value,Low/Medium Value - Low/Medium Risk
4500-HKANN,23,Two year,59.7,1414.2,2.61,Low,23.3736,1395.4,High Value,High Value - Low/Medium Risk
1862-QRWPE,48,Two year,20.65,1057.0,0.51,Low,23.8776,493.07,Low Value,Low/Medium Value - Low/Medium Risk
2155-AMQRX,28,Month-to-month,54.9,1505.15,18.51,Low,19.5576,1073.71,Medium Value,Low/Medium Value - Low/Medium Risk
0823-HSCDJ,52,Month-to-month,49.15,2550.9,38.73,Medium,14.7048,722.74,Medium Value,Low/Medium Value - Low/Medium Risk
4090-KPJIP,3,Month-to-month,74.95,212.4,77.5,High,5.3999999999999995,404.73,Low Value,Low/Medium Value - High Risk
2737-YNGYW,2,Month-to-month,80.55,184.1,68.84,High,7.4784,602.39,Medium Value,Low/Medium Value - High Risk
5619-XZZKR,4,One year,19.95,68.2,9.25,Low,21.78,434.51,Low Value,Low/Medium Value - Low/Medium Risk
6047-YHPVI,5,Month-to-month,69.7,316.9,70.89,High,6.986400000000001,486.95,Low Value,Low/Medium Value - High Risk
8375-DKEBR,1,Month-to-month,69.6,69.6,76.69,High,5.594399999999999,389.37,Low Value,Low/Medium Value - High Risk
7729-XBTWX,66,Two year,19.75,1344.5,0.65,Low,23.844,470.92,Low Value,Low/Medium Value - Low/Medium Risk
4983-CLMLV,52,Month-to-month,102.7,5138.1,42.64,Medium,13.7664,1413.81,High Value,High Value - Low/Medium Risk
9227-LUNBG,1,Month-to-month,24.6,24.6,54.03,Medium,11.0328,271.41,Low Value,Low/Medium Value - Low/Medium Risk
2758-RNWXS,35,One year,89.2,3251.3,15.58,Low,20.260800000000003,1807.26,High Value,High Value - Low/Medium Risk
7055-HNEOJ,3,Month-to-month,55.8,154.55,35.69,Medium,15.4344,861.24,Medium Value,Low/Medium Value - Low/Medium Risk
7134-MJPDY,66,One year,102.85,6976.75,21.73,Low,18.784799999999997,1932.02,High Value,High Value - Low/Medium Risk
4560-WQAQW,59,One year,68.7,4070.95,3.23,Low,23.224800000000002,1595.54,High Value,High Value - Low/Medium Risk
8532-UEFWH,52,Two year,25.75,1345.85,1.12,Low,23.7312,611.08,Medium Value,Low/Medium Value - Low/Medium Risk
8541-QVFKM,8,Month-to-month,73.5,632.2,74.42,High,6.139200000000001,451.23,Low Value,Low/Medium Value - High Risk
7129-ACFOG,5,Month-to-month,53.8,283.95,48.1,Medium,12.455999999999998,670.13,Medium Value,Low/Medium Value - Low/Medium Risk
2495-INZWQ,4,Month-to-month,44.55,174.3,74.86,High,6.033599999999999,268.8,Low Value,Low/Medium Value - High Risk
0263-FJTQO,50,Two year,70.5,3486.65,2.53,Low,23.3928,1649.19,High Value,High Value - Low/Medium Risk
0181-RITDD,62,Two year,108.15,6825.65,3.27,Low,23.215200000000003,2510.72,High Value,High Value - Low/Medium Risk
8241-JUIQO,61,One year,19.45,1336.35,1.29,Low,23.6904,460.78,Low Value,Low/Medium Value - Low/Medium Risk
0913-XWSCN,55,Month-to-month,85.5,4713.4,26.35,Low,17.676,1511.3,High Value,High Value - Low/Medium Risk
2159-TURXX,5,Month-to-month,20.05,95.55,15.96,Low,20.169600000000003,404.4,Low Value,Low/Medium Value - Low/Medium Risk
6461-PPAXN,35,One year,54.95,1916.0,3.23,Low,23.224800000000002,1276.2,Medium Value,Low/Medium Value - Low/Medium Risk
1452-KIOVK,22,Month-to-month,89.1,1949.4,40.98,Medium,14.164800000000001,1262.08,Medium Value,Low/Medium Value - Low/Medium Risk
1139-WUOAH,57,Two year,53.35,3090.05,3.82,Low,23.083199999999998,1231.49,Medium Value,Low/Medium Value - Low/Medium Risk
3207-OYBWH,57,Month-to-month,95.25,5427.05,36.87,Medium,15.1512,1443.15,High Value,High Value - Low/Medium Risk
8347-GDTMP,64,Two year,19.45,1225.65,0.55,Low,23.868000000000002,464.23,Low Value,Low/Medium Value - Low/Medium Risk
9909-DFRJA,26,One year,95.85,2475.35,14.5,Low,20.52,1966.84,High Value,High Value - Low/Medium Risk
6383-ZTSIW,39,One year,99.1,3877.95,12.62,Low,20.9712,2078.25,High Value,High Value - Low/Medium Risk
5438-QMDDL,19,Month-to-month,59.8,1130.85,23.91,Low,18.2616,1092.04,Medium Value,Low/Medium Value - Low/Medium Risk
8914-RBTSB,31,Month-to-month,93.8,3019.5,44.42,Medium,13.339199999999998,1251.22,Medium Value,Low/Medium Value - Low/Medium Risk
6164-HXUGH,6,Month-to-month,19.85,119.3,13.97,Low,20.647199999999998,409.85,Low Value,Low/Medium Value - Low/Medium Risk
6900-RBKER,52,Two year,89.45,4577.75,13.48,Low,20.7648,1857.41,High Value,High Value - Low/Medium Risk
1492-QGCLU,53,Month-to-month,85.7,4616.1,11.57,Low,21.2232,1818.83,High Value,High Value - Low/Medium Risk
6664-FPDAC,56,One year,111.95,6418.9,32.12,Medium,16.291200000000003,1823.8,High Value,High Value - Low/Medium Risk
1088-AUUZZ,56,Two year,75.85,4261.2,1.7,Low,23.592,1789.45,High Value,High Value - Low/Medium Risk
6651-AZVTJ,49,Month-to-month,99.8,4872.45,54.97,Medium,10.807200000000002,1078.56,Medium Value,Low/Medium Value - Low/Medium Risk
8219-VYBVI,39,Two year,25.0,1004.35,1.09,Low,23.7384,593.46,Medium Value,Low/Medium Value - Low/Medium Risk
0310-MVLET,61,Month-to-month,99.15,6010.05,39.54,Medium,14.5104,1438.71,High Value,High Value - Low/Medium Risk
7233-IOQNP,43,Month-to-month,34.0,1505.35,5.71,Low,22.6296,769.41,Medium Value,Low/Medium Value - Low/Medium Risk
7311-MQJCH,5,One year,19.55,99.6,11.66,Low,21.2016,414.49,Low Value,Low/Medium Value - Low/Medium Risk
9256-JTBNZ,11,Month-to-month,20.3,246.3,12.78,Low,20.9328,424.94,Low Value,Low/Medium Value - Low/Medium Risk
8713-IGZSO,2,Month-to-month,24.85,62.0,24.46,Low,18.1296,450.52,Low Value,Low/Medium Value - Low/Medium Risk
6821-BUXUX,13,Month-to-month,96.65,1244.5,52.65,Medium,11.364,1098.33,Medium Value,Low/Medium Value - Low/Medium Risk
9114-DPSIA,72,Two year,81.0,5750.0,0.62,Low,23.8512,1931.95,High Value,High Value - Low/Medium Risk
4501-UYKBC,46,One year,69.1,3255.35,7.26,Low,22.2576,1538.0,High Value,High Value - Low/Medium Risk
2798-NYLMZ,71,Two year,108.55,7616.0,6.12,Low,22.5312,2445.76,High Value,High Value - Low/Medium Risk
6711-VTNRE,36,Month-to-month,87.55,3078.1,35.36,Medium,15.513600000000002,1358.22,High Value,High Value - Low/Medium Risk
5966-EMAZU,64,One year,108.5,6880.85,16.11,Low,20.1336,2184.5,High Value,High Value - Low/Medium Risk
3627-FHKBK,1,Month-to-month,75.3,75.3,47.18,Medium,12.6768,954.56,Medium Value,Low/Medium Value - Low/Medium Risk
7861-UVUFT,15,Month-to-month,84.3,1308.4,58.51,Medium,9.957600000000001,839.43,Medium Value,Low/Medium Value - Low/Medium Risk
9824-QCJPK,36,One year,20.0,666.75,2.33,Low,23.4408,468.82,Low Value,Low/Medium Value - Low/Medium Risk
7816-VGHTO,6,Two year,40.55,217.5,8.45,Low,21.972,890.96,Medium Value,Low/Medium Value - Low/Medium Risk
3794-NFNCH,30,Month-to-month,50.0,1474.9,19.12,Low,19.4112,970.56,Medium Value,Low/Medium Value - Low/Medium Risk
3877-JRJIP,1,Month-to-month,59.85,59.85,67.33,High,7.8408,469.27,Low Value,Low/Medium Value - High Risk
5228-EXCET,13,Month-to-month,80.85,1008.7,59.62,Medium,9.691200000000002,783.53,Medium Value,Low/Medium Value - Low/Medium Risk
6248-BSHKG,61,One year,20.4,1226.45,1.14,Low,23.7264,484.02,Low Value,Low/Medium Value - Low/Medium Risk
8915-NNTRC,72,Two year,107.7,7919.8,4.29,Low,22.970399999999998,2473.91,High Value,High Value - Low/Medium Risk
3470-OBUET,67,Two year,74.0,4868.4,0.77,Low,23.815199999999997,1762.32,High Value,High Value - Low/Medium Risk
3229-USWAR,34,One year,79.95,2727.3,6.01,Low,22.5576,1803.48,High Value,High Value - Low/Medium Risk
1927-QEWMY,72,Two year,20.5,1502.25,0.38,Low,23.9088,490.13,Low Value,Low/Medium Value - Low/Medium Risk
6374-AFWOX,46,Two year,65.65,3047.15,0.76,Low,23.8176,1563.63,High Value,High Value - Low/Medium Risk
7912-SYRQT,7,Month-to-month,75.1,552.95,67.11,High,7.893599999999999,592.81,Low Value,Low/Medium Value - High Risk
2070-FNEXE,7,Month-to-month,76.45,503.6,43.16,Medium,13.6416,1042.9,Medium Value,Low/Medium Value - Low/Medium Risk
5803-NQJZO,72,Two year,67.8,4804.65,0.94,Low,23.7744,1611.9,High Value,High Value - Low/Medium Risk
5651-YLPRD,32,Month-to-month,86.1,2723.75,38.11,Medium,14.8536,1278.89,Medium Value,Low/Medium Value - Low/Medium Risk
1271-UODNO,39,Two year,53.85,2200.7,3.33,Low,23.2008,1249.36,Medium Value,Low/Medium Value - Low/Medium Risk
5014-WUQMG,47,One year,96.1,4391.45,9.87,Low,21.6312,2078.76,High Value,High Value - Low/Medium Risk
5889-JTMUL,50,Month-to-month,95.05,4888.7,52.28,Medium,11.4528,1088.59,Medium Value,Low/Medium Value - Low/Medium Risk
0788-DXBFY,58,One year,19.55,1108.8,2.56,Low,23.3856,457.19,Low Value,Low/Medium Value - Low/Medium Risk
2669-QVCRG,41,Month-to-month,81.3,3190.65,23.1,Low,18.456,1500.47,High Value,High Value - Low/Medium Risk
6630-UJZMY,4,Month-to-month,83.25,308.05,83.87,High,3.8712,322.28,Low Value,Low/Medium Value - High Risk
5061-PBXFW,32,Month-to-month,61.4,1864.65,4.26,Low,22.977600000000002,1410.82,High Value,High Value - Low/Medium Risk
2700-LUEVA,1,Month-to-month,20.75,20.75,18.21,Low,19.6296,407.31,Low Value,Low/Medium Value - Low/Medium Risk
3865-ZFZIB,19,Two year,19.65,358.15,1.77,Low,23.5752,463.25,Low Value,Low/Medium Value - Low/Medium Risk
0471-ARVMX,62,One year,104.85,6312.9,30.66,Medium,16.6416,1744.87,High Value,High Value - Low/Medium Risk
8985-OOPOS,1,One year,74.1,74.1,21.43,Low,18.8568,1397.29,High Value,High Value - Low/Medium Risk
0719-SYFRB,12,Month-to-month,61.65,713.75,26.65,Low,17.604,1085.29,Medium Value,Low/Medium Value - Low/Medium Risk
0447-BEMNG,48,Month-to-month,45.3,2145.0,13.33,Low,20.800800000000002,942.28,Medium Value,Low/Medium Value - Low/Medium Risk
5630-AHZIL,3,Month-to-month,64.5,177.4,26.14,Low,17.726399999999998,1143.35,Medium Value,Low/Medium Value - Low/Medium Risk
2190-BCXEC,40,Month-to-month,78.85,3126.85,26.44,Low,17.654400000000003,1392.05,High Value,High Value - Low/Medium Risk
1559-DTODC,19,Month-to-month,25.15,468.35,28.06,Low,17.2656,434.23,Low Value,Low/Medium Value - Low/Medium Risk
3244-DCJWY,1,Month-to-month,70.25,70.25,72.8,High,6.5280000000000005,458.59,Low Value,Low/Medium Value - High Risk
3967-VQOGC,67,Two year,24.9,1680.25,0.86,Low,23.793599999999998,592.46,Low Value,Low/Medium Value - Low/Medium Risk
0265-PSUAE,16,Month-to-month,100.7,1522.7,36.23,Medium,15.3048,1541.19,High Value,High Value - Low/Medium Risk
1622-HSHSF,1,Month-to-month,19.55,19.55,25.93,Low,17.7768,347.54,Low Value,Low/Medium Value - Low/Medium Risk
9867-XOBQA,21,Two year,53.15,1183.2,2.89,Low,23.3064,1238.74,Medium Value,Low/Medium Value - Low/Medium Risk
6773-LQTVT,29,Month-to-month,35.65,1025.15,24.98,Low,18.0048,641.87,Medium Value,Low/Medium Value - Low/Medium Risk
4332-MUOEZ,20,One year,94.3,1818.3,10.4,Low,21.504,2027.83,High Value,High Value - Low/Medium Risk
0023-XUOPT,13,Month-to-month,94.1,1215.6,55.08,Medium,10.780800000000001,1014.47,Medium Value,Low/Medium Value - Low/Medium Risk
6543-CPZMK,9,Month-to-month,29.95,248.95,46.35,Medium,12.876,385.64,Low Value,Low/Medium Value - Low/Medium Risk
6418-HNFED,51,Two year,83.25,4089.45,2.39,Low,23.4264,1950.25,High Value,High Value - Low/Medium Risk
1036-GUDCL,60,Month-to-month,79.05,4663.4,5.75,Low,22.62,1788.11,High Value,High Value - Low/Medium Risk
4818-QIUFN,20,Month-to-month,79.15,1520.9,49.2,Medium,12.192,965.0,Medium Value,Low/Medium Value - Low/Medium Risk
0778-NELLA,9,Month-to-month,34.7,296.1,51.41,Medium,11.6616,404.66,Low Value,Low/Medium Value - Low/Medium Risk
7495-OOKFY,8,Month-to-month,80.65,633.3,65.8,High,8.208000000000002,661.98,Medium Value,Low/Medium Value - High Risk
4737-HOBAX,63,Two year,79.8,5034.05,2.47,Low,23.4072,1867.89,High Value,High Value - Low/Medium Risk
7919-ZODZZ,10,One year,65.9,660.05,19.27,Low,19.3752,1276.83,Medium Value,Low/Medium Value - Low/Medium Risk
2988-PLAHS,3,One year,69.95,220.45,44.02,Medium,13.435199999999998,939.79,Medium Value,Low/Medium Value - Low/Medium Risk
9067-SQTNS,44,One year,20.6,926.0,1.27,Low,23.6952,488.12,Low Value,Low/Medium Value - Low/Medium Risk
6483-OATDN,8,Month-to-month,51.3,411.6,24.69,Low,18.0744,927.22,Medium Value,Low/Medium Value - Low/Medium Risk
5469-CTCWN,61,One year,106.0,6547.7,21.74,Low,18.7824,1990.93,High Value,High Value - Low/Medium Risk
3524-WQDSG,43,Month-to-month,99.3,4209.95,37.59,Medium,14.9784,1487.36,High Value,High Value - Low/Medium Risk
6968-URWQU,43,One year,56.35,2391.15,7.74,Low,22.1424,1247.72,Medium Value,Low/Medium Value - Low/Medium Risk
8601-QACRS,5,Month-to-month,50.6,249.95,49.69,Medium,12.074400000000002,610.96,Medium Value,Low/Medium Value - Low/Medium Risk
8690-UPCZI,29,One year,69.05,1958.45,5.13,Low,22.7688,1572.19,High Value,High Value - Low/Medium Risk
5331-RGMTT,54,Month-to-month,99.05,5295.7,49.93,Medium,12.016799999999998,1190.26,Medium Value,Low/Medium Value - Low/Medium Risk
1357-BIJKI,50,One year,98.25,4858.7,37.78,Medium,14.9328,1467.15,High Value,High Value - Low/Medium Risk
2088-IEBAU,68,Two year,88.15,6148.45,2.44,Low,23.4144,2063.98,High Value,High Value - Low/Medium Risk
0679-IDSTG,1,Month-to-month,69.25,69.25,73.61,High,6.333600000000001,438.6,Low Value,Low/Medium Value - High Risk
6519-ZHPXP,72,Two year,108.3,7679.65,2.99,Low,23.2824,2521.48,High Value,High Value - Low/Medium Risk
2101-RANCD,55,Month-to-month,73.1,4144.9,41.41,Medium,14.061600000000002,1027.9,Medium Value,Low/Medium Value - Low/Medium Risk
4029-HPFVY,3,Month-to-month,70.3,220.4,64.8,High,8.448,593.89,Medium Value,Low/Medium Value - High Risk
1015-OWJKI,1,Month-to-month,19.05,19.05,19.83,Low,19.2408,366.54,Low Value,Low/Medium Value - Low/Medium Risk
8314-HTWVE,7,Two year,19.85,144.15,3.43,Low,23.1768,460.06,Low Value,Low/Medium Value - Low/Medium Risk
5357-TZHPP,9,Month-to-month,84.4,732.5,73.62,High,6.331199999999998,534.35,Low Value,Low/Medium Value - High Risk
8727-XDPUD,37,Two year,35.8,1316.9,5.23,Low,22.744799999999998,814.26,Medium Value,Low/Medium Value - Low/Medium Risk
9073-ZZIAY,62,Two year,86.1,5215.25,1.23,Low,23.7048,2040.98,High Value,High Value - Low/Medium Risk
5181-OABFK,56,Two year,61.3,3346.8,1.32,Low,23.6832,1451.78,High Value,High Value - Low/Medium Risk
3812-LRZIR,27,Two year,24.5,761.95,2.53,Low,23.3928,573.12,Low Value,Low/Medium Value - Low/Medium Risk
5204-HMGYF,49,One year,87.2,4345.0,4.31,Low,22.9656,2002.6,High Value,High Value - Low/Medium Risk
9950-MTGYX,28,Two year,20.3,487.95,1.72,Low,23.5872,478.82,Low Value,Low/Medium Value - Low/Medium Risk
3675-EQOZA,5,Month-to-month,20.65,93.55,16.06,Low,20.1456,416.01,Low Value,Low/Medium Value - Low/Medium Risk
3646-ITDGM,56,Two year,19.7,1051.9,0.76,Low,23.8176,469.21,Low Value,Low/Medium Value - Low/Medium Risk
3913-FCUUW,72,Two year,70.45,5165.7,0.7,Low,23.832,1678.96,High Value,High Value - Low/Medium Risk
