customerID,gender,SeniorCitizen,Partner,Dependents,tenure,PhoneService,MultipleLines,InternetService,OnlineSecurity,OnlineBackup,DeviceProtection,TechSupport,StreamingTV,StreamingMovies,Contract,PaperlessBilling,PaymentMethod,MonthlyCharges,TotalCharges,tenure_group,num_services,has_support,has_security,is_month_to_month,monthly_charge_group,Actual_Churn,Logistic_Prediction,Logistic_Churn_Probability,RF_Prediction,RF_Churn_Probability,RF_Risk_Level,Logistic_Risk_Level,Final_Churn_Probability,Final_Churn_Prediction,Final_Risk_Level
4376-KFVRS,Male,0,Yes,Yes,72,Yes,Yes,Fiber optic,Yes,Yes,Yes,Yes,Yes,Yes,Two year,Yes,Credit card (automatic),114.05,8468.2,Very Long-term,8,1,1,0,Very High,0,0,0.042115446621581225,0,0.0,Low,Low,4.21,0,Low
2754-SDJRD,Female,1,No,No,8,Yes,Yes,Fiber optic,No,No,No,Yes,Yes,Yes,Month-to-month,Yes,Credit card (automatic),100.15,908.55,New,5,1,0,1,Very High,0,1,0.7685628873442488,1,0.7533333333333333,High,High,76.86,1,High
9917-KWRBE,Female,0,Yes,Yes,41,Yes,Yes,DSL,Yes,Yes,Yes,No,Yes,No,One year,Yes,Credit card (automatic),78.35,3211.2,Long-term,6,0,1,0,High,0,0,0.04693398552722655,0,0.07,Low,Low,4.69,0,Low
0365-GXEZS,Male,0,Yes,No,18,Yes,No,Fiber optic,No,No,Yes,Yes,No,No,Month-to-month,No,Electronic check,78.2,1468.75,Medium,3,1,0,1,High,0,0,0.3318900191206103,0,0.31,Medium,Medium,33.19,0,Medium
9385-NXKDA,Female,0,Yes,No,72,Yes,Yes,DSL,Yes,Yes,Yes,No,Yes,Yes,Two year,Yes,Credit card (automatic),82.65,5919.35,Very Long-term,7,0,1,0,High,0,0,0.020717947368038305,0,0.0033333333333333335,Low,Low,2.07,0,Low
4686-UXDML,Female,0,No,No,21,Yes,Yes,Fiber optic,No,Yes,No,No,Yes,Yes,Month-to-month,Yes,Credit card (automatic),99.85,1992.55,Medium,5,0,0,1,High,0,1,0.5213967134413139,0,0.38,Medium,Medium,52.14,1,Medium
2227-JRSJX,Female,0,No,No,21,Yes,No,Fiber optic,No,Yes,No,Yes,Yes,Yes,Month-to-month,Yes,Bank transfer (automatic),99.15,1956.4,Medium,5,1,0,1,High,0,0,0.361760338494702,0,0.41,Medium,Medium,36.18,0,Medium
4830-FAXFM,Male,0,No,Yes,19,Yes,Yes,No,No internet service,No internet service,No internet service,No internet service,No internet service,No internet service,Month-to-month,Yes,Credit card (automatic),24.1,439.2,Medium,2,0,0,1,Low,0,0,0.1090945856182621,0,0.11333333333333333,Low,Low,10.91,0,Low
1830-IPXVJ,Female,0,Yes,Yes,61,Yes,No,No,No internet service,No internet service,No internet service,No internet service,No internet service,No internet service,Two year,No,Credit card (automatic),19.75,1311.6,Very Long-term,1,0,0,0,Low,0,0,0.005084336177288808,0,0.006666666666666667,Low,Low,0.51,0,Low
4690-LLKUA,Male,1,No,No,17,Yes,No,DSL,No,No,No,No,No,No,Month-to-month,Yes,Electronic check,45.05,770.6,Medium,1,0,0,1,Medium,1,0,0.33245405946376155,0,0.37666666666666665,Medium,Medium,33.25,0,Medium
5804-HYIEZ,Male,0,Yes,Yes,70,Yes,Yes,Fiber optic,Yes,Yes,No,No,Yes,Yes,Month-to-month,Yes,Electronic check,106.05,7554.05,Very Long-term,6,0,1,1,Very High,0,0,0.2925877594906774,0,0.17666666666666667,Low,Low,29.26,0,Low
2388-LAESQ,Female,1,Yes,No,72,Yes,Yes,Fiber optic,Yes,Yes,Yes,Yes,Yes,Yes,Two year,Yes,Bank transfer (automatic),114.85,8317.95,Very Long-term,8,1,1,0,Very High,0,0,0.05823573419110679,0,0.0,Low,Low,5.82,0,Low
5533-RJFTJ,Male,0,No,No,49,No,No phone service,DSL,No,No,Yes,No,No,No,Month-to-month,Yes,Bank transfer (automatic),30.2,1453.1,Very Long-term,1,0,0,1,Low,0,0,0.19249412803041946,0,0.20666666666666667,Low,Low,19.25,0,Low
4706-AXVKM,Female,1,No,No,11,Yes,Yes,Fiber optic,No,No,No,No,No,Yes,Month-to-month,Yes,Credit card (automatic),84.8,906.85,New,3,0,0,1,High,1,1,0.7155602850530499,1,0.64,High,High,71.56,1,High
0997-YTLNY,Female,0,No,Yes,19,Yes,No,DSL,No,No,No,Yes,No,No,Month-to-month,No,Mailed check,48.8,953.65,Medium,2,1,0,1,Medium,0,0,0.10212595851738454,0,0.13,Low,Low,10.21,0,Low
7971-HLVXI,Male,0,Yes,Yes,72,Yes,Yes,Fiber optic,No,No,No,No,No,Yes,Two year,Yes,Credit card (automatic),84.5,6130.85,Very Long-term,3,0,0,0,High,0,0,0.05716699222229989,0,0.07666666666666666,Low,Low,5.72,0,Low
7337-CINUD,Female,0,Yes,Yes,8,Yes,No,No,No internet service,No internet service,No internet service,No internet service,No internet service,No internet service,Two year,No,Bank transfer (automatic),19.5,159.35,New,1,0,0,0,Low,0,0,0.03142483198749031,0,0.01,Low,Low,3.14,0,Low
1379-FRVEB,Male,0,No,Yes,15,Yes,Yes,Fiber optic,No,Yes,No,No,Yes,No,Month-to-month,Yes,Electronic check,91.0,1430.05,Medium,4,0,0,1,High,0,1,0.5648399699425359,1,0.7066666666666667,High,Medium,56.48,1,Medium
4753-PADAS,Female,0,Yes,No,67,Yes,Yes,Fiber optic,No,Yes,Yes,No,Yes,Yes,One year,Yes,Bank transfer (automatic),105.7,6816.95,Very Long-term,6,0,0,0,Very High,0,0,0.21256876384460713,0,0.22333333333333333,Low,Low,21.26,0,Low
5701-GUXDC,Female,0,Yes,No,26,No,No phone service,DSL,Yes,No,Yes,No,No,No,One year,No,Credit card (automatic),35.4,978.6,Long-term,2,0,1,0,Medium,0,0,0.08890399174929721,0,0.08333333333333333,Low,Low,8.89,0,Low
7235-NXZCP,Male,1,No,No,2,Yes,Yes,Fiber optic,No,No,No,No,No,No,Month-to-month,Yes,Mailed check,74.85,156.4,New,2,0,0,1,High,1,1,0.7576686690717914,1,0.6766666666666666,High,High,75.77,1,High
0668-OGMHD,Female,0,Yes,No,21,No,No phone service,DSL,Yes,No,No,No,No,No,Month-to-month,No,Electronic check,28.5,629.35,Medium,1,0,1,1,Low,0,0,0.19925240435219047,0,0.29,Low,Low,19.93,0,Low
2812-REYAT,Female,0,Yes,No,49,Yes,No,No,No internet service,No internet service,No internet service,No internet service,No internet service,No internet service,One year,Yes,Bank transfer (automatic),20.05,923.1,Very Long-term,1,0,0,0,Low,0,0,0.031337352184097354,0,0.01,Low,Low,3.13,0,Low
8779-YIQQA,Male,0,Yes,Yes,21,Yes,No,No,No internet service,No internet service,No internet service,No internet service,No internet service,No internet service,One year,No,Mailed check,19.8,350.1,Medium,1,0,0,0,Low,0,0,0.028242921639433465,0,0.0,Low,Low,2.82,0,Low
9701-CDXHR,Female,0,Yes,No,51,Yes,No,Fiber optic,No,No,No,No,No,No,Month-to-month,No,Mailed check,69.15,3649.6,Very Long-term,1,0,0,1,Medium,0,0,0.23987213533693594,0,0.18333333333333332,Low,Low,23.99,0,Low
7130-CTCUS,Male,1,Yes,No,16,Yes,No,DSL,Yes,Yes,No,No,No,No,Month-to-month,Yes,Bank transfer (automatic),54.55,825.1,Medium,3,0,1,1,Medium,0,0,0.17404571160731724,0,0.16666666666666666,Low,Low,17.4,0,Low
1894-IGFSG,Female,0,No,No,22,Yes,No,Fiber optic,No,No,No,No,Yes,Yes,Month-to-month,No,Electronic check,89.25,1907.85,Medium,3,0,0,1,High,1,0,0.47740444742015653,0,0.4166666666666667,Medium,Medium,47.74,0,Medium
0871-URUWO,Male,0,Yes,No,13,Yes,Yes,Fiber optic,No,No,Yes,No,Yes,Yes,Month-to-month,Yes,Credit card (automatic),102.25,1359.0,Medium,5,0,0,1,Very High,1,1,0.7000308050961503,1,0.57,Medium,High,70.0,1,High
0057-QBUQH,Female,0,No,Yes,43,Yes,Yes,No,No internet service,No internet service,No internet service,No internet service,No internet service,No internet service,Two year,Yes,Electronic check,25.1,1070.15,Long-term,2,0,0,0,Low,0,0,0.017691017208392258,0,0.016666666666666666,Low,Low,1.77,0,Low
9611-CTWIH,Female,0,No,No,3,Yes,No,Fiber optic,No,No,No,No,Yes,Yes,Month-to-month,Yes,Electronic check,89.45,240.45,New,3,0,0,1,High,1,1,0.7980516378555702,1,0.6933333333333334,High,High,79.81,1,High
8058-DMYRU,Male,1,No,No,54,Yes,Yes,Fiber optic,No,Yes,No,No,No,Yes,Month-to-month,Yes,Electronic check,90.05,4931.8,Very Long-term,4,0,0,1,High,0,0,0.4805299223385166,0,0.4633333333333333,Medium,Medium,48.05,0,Medium
5351-QESIO,Male,0,No,Yes,1,No,No phone service,DSL,No,No,No,No,No,No,Month-to-month,No,Mailed check,24.2,24.2,New,0,0,0,1,Low,0,0,0.41741189180122773,0,0.25,Low,Medium,41.74,0,Medium
4302-ZYFEL,Male,0,Yes,Yes,69,Yes,No,No,No internet service,No internet service,No internet service,No internet service,No internet service,No internet service,One year,Yes,Credit card (automatic),20.55,1403.1,Very Long-term,1,0,0,0,Low,0,0,0.01088259216662825,0,0.0,Low,Low,1.09,0,Low
6134-KWTBV,Male,0,No,No,62,Yes,Yes,No,No internet service,No internet service,No internet service,No internet service,No internet service,No internet service,Two year,No,Bank transfer (automatic),23.4,1429.65,Very Long-term,2,0,0,0,Low,0,0,0.008566687629567906,0,0.0,Low,Low,0.86,0,Low
2034-GDRCN,Female,0,No,No,2,Yes,No,Fiber optic,No,No,No,No,Yes,Yes,Month-to-month,Yes,Electronic check,90.4,168.2,New,3,0,0,1,High,1,1,0.8014821002792192,1,0.87,High,High,80.15,1,High
9544-PYPSJ,Female,1,Yes,Yes,62,Yes,Yes,Fiber optic,No,Yes,Yes,No,No,Yes,Month-to-month,Yes,Credit card (automatic),96.1,6019.35,Very Long-term,5,0,0,1,High,0,0,0.27133441793370977,0,0.15333333333333332,Low,Low,27.13,0,Low
4208-UFFGW,Male,1,No,No,2,Yes,No,DSL,No,No,No,No,No,No,Month-to-month,No,Mailed check,44.95,85.15,New,1,0,0,1,Medium,1,0,0.39977539192048595,1,0.6266666666666667,High,Medium,39.98,0,Medium
9537-JALFH,Male,0,Yes,Yes,69,Yes,No,No,No internet service,No internet service,No internet service,No internet service,No internet service,No internet service,Two year,No,Bank transfer (automatic),19.9,1356.7,Very Long-term,1,0,0,0,Low,0,0,0.0037074270164783856,0,0.0,Low,Low,0.37,0,Low
4415-IJZTP,Female,0,No,No,1,Yes,Yes,Fiber optic,No,No,No,No,No,No,Month-to-month,Yes,Electronic check,74.5,74.5,New,2,0,0,1,High,1,1,0.7901863799783448,1,0.9633333333333334,High,High,79.02,1,High
4701-MLJPN,Male,0,No,No,31,Yes,No,DSL,No,No,Yes,Yes,No,No,Month-to-month,Yes,Electronic check,55.25,1715.65,Long-term,3,1,0,1,Medium,1,0,0.17341760637090647,0,0.07,Low,Low,17.34,0,Low
7515-LODFU,Male,1,No,No,69,Yes,No,No,No internet service,No internet service,No internet service,No internet service,No internet service,No internet service,Two year,No,Credit card (automatic),20.3,1356.3,Very Long-term,1,0,0,0,Low,0,0,0.004990958955310564,0,0.0,Low,Low,0.5,0,Low
4927-WWOOZ,Male,0,Yes,No,2,Yes,Yes,Fiber optic,No,No,Yes,No,Yes,No,Month-to-month,Yes,Electronic check,91.45,171.45,New,4,0,0,1,High,0,1,0.8183062052125946,1,0.8833333333333333,High,High,81.83,1,High
4067-HLYQI,Female,0,No,No,33,Yes,No,Fiber optic,No,No,No,No,No,No,Month-to-month,Yes,Bank transfer (automatic),70.4,2406.1,Long-term,1,0,0,1,High,0,0,0.3160981585665988,1,0.62,High,Medium,31.61,0,Medium
6184-DYUOB,Female,0,Yes,No,3,Yes,No,No,No internet service,No internet service,No internet service,No internet service,No internet service,No internet service,Month-to-month,Yes,Mailed check,19.6,55.25,New,1,0,0,1,Low,0,0,0.2497372400515967,0,0.11333333333333333,Low,Low,24.97,0,Low
9209-NWPGU,Male,0,No,No,44,Yes,No,DSL,Yes,No,No,Yes,Yes,No,One year,No,Electronic check,65.4,2774.55,Long-term,4,1,1,0,Medium,0,0,0.033828549436855766,0,0.04,Low,Low,3.38,0,Low
9851-KIELU,Male,0,No,No,10,Yes,No,Fiber optic,Yes,Yes,Yes,Yes,Yes,Yes,Month-to-month,Yes,Electronic check,110.1,1043.3,New,7,1,1,1,Very High,1,1,0.6044912076746499,1,0.58,Medium,High,60.45,1,High
3199-XGZCY,Female,0,No,No,8,Yes,Yes,Fiber optic,No,No,No,No,No,No,Month-to-month,Yes,Electronic check,75.25,576.7,New,2,0,0,1,High,0,1,0.737021019129858,0,0.3,Medium,High,73.7,1,High
4226-KKDON,Male,0,No,No,8,Yes,No,DSL,No,Yes,No,Yes,Yes,No,Month-to-month,Yes,Electronic check,66.65,520.95,New,4,1,0,1,Medium,0,0,0.3871345322772455,0,0.10333333333333333,Low,Medium,38.71,0,Medium
1085-LDWAM,Female,0,Yes,Yes,69,Yes,No,No,No internet service,No internet service,No internet service,No internet service,No internet service,No internet service,One year,Yes,Credit card (automatic),20.35,1442.65,Very Long-term,1,0,0,0,Low,0,0,0.010763283090611066,0,0.0033333333333333335,Low,Low,1.08,0,Low
6825-UYPFK,Female,0,No,No,23,Yes,Yes,Fiber optic,No,No,No,No,No,No,Month-to-month,No,Bank transfer (automatic),75.6,1758.6,Medium,2,0,0,1,High,1,0,0.3409258237610191,0,0.2833333333333333,Low,Medium,34.09,0,Medium
1767-CJKBA,Male,0,No,No,66,Yes,Yes,No,No internet service,No internet service,No internet service,No internet service,No internet service,No internet service,Two year,No,Mailed check,25.1,1697.7,Very Long-term,2,0,0,0,Low,0,0,0.007438940095209319,0,0.0,Low,Low,0.74,0,Low
7181-BQYBV,Female,0,Yes,Yes,1,Yes,Yes,Fiber optic,Yes,No,Yes,No,Yes,Yes,Month-to-month,Yes,Electronic check,102.45,102.45,New,6,0,1,1,Very High,1,1,0.8167552411453125,1,0.76,High,High,81.68,1,High
0178-CIIKR,Female,0,No,No,3,Yes,No,No,No internet service,No internet service,No internet service,No internet service,No internet service,No internet service,Month-to-month,No,Mailed check,19.95,58.0,New,1,0,0,1,Low,0,0,0.179755810314847,0,0.05,Low,Low,17.98,0,Low
4256-ZWTZI,Female,0,No,Yes,5,Yes,No,DSL,No,No,No,Yes,No,No,Month-to-month,Yes,Mailed check,51.0,286.8,New,2,1,0,1,Medium,0,0,0.28654469555387035,0,0.39,Medium,Low,28.65,0,Low
9537-VHDTA,Female,0,No,Yes,1,Yes,No,DSL,Yes,No,No,No,No,No,Month-to-month,No,Mailed check,51.2,51.2,New,2,0,1,1,Medium,0,0,0.2349068799835728,0,0.22666666666666666,Low,Low,23.49,0,Low
2754-XBHTB,Female,0,No,No,9,Yes,No,Fiber optic,No,No,No,No,Yes,No,Month-to-month,Yes,Bank transfer (automatic),77.65,714.15,New,2,0,0,1,High,1,1,0.6414742512760204,1,0.5266666666666666,Medium,High,64.15,1,High
5975-BAICR,Male,0,Yes,Yes,36,Yes,No,DSL,Yes,No,Yes,No,No,Yes,One year,Yes,Credit card (automatic),63.7,2188.5,Long-term,4,0,1,0,Medium,0,0,0.054820826651512146,0,0.09666666666666666,Low,Low,5.48,0,Low
3301-VKTGC,Male,0,Yes,Yes,68,Yes,Yes,Fiber optic,Yes,Yes,No,No,No,No,One year,Yes,Bank transfer (automatic),85.5,5696.6,Very Long-term,4,0,1,0,High,0,0,0.06130885675219054,0,0.06333333333333334,Low,Low,6.13,0,Low
2877-VDUER,Female,0,Yes,Yes,35,No,No phone service,DSL,No,No,No,Yes,Yes,No,One year,No,Mailed check,40.9,1383.6,Long-term,2,1,0,0,Medium,0,0,0.07287860552900935,0,0.05,Low,Low,7.29,0,Low
7717-BICXI,Male,0,Yes,Yes,60,Yes,No,No,No internet service,No internet service,No internet service,No internet service,No internet service,No internet service,Two year,No,Mailed check,20.55,1205.05,Very Long-term,1,0,0,0,Low,0,0,0.0056834702605119665,0,0.0,Low,Low,0.57,0,Low
0562-FGDCR,Female,0,Yes,Yes,72,Yes,Yes,DSL,Yes,Yes,No,Yes,Yes,No,Two year,No,Mailed check,74.55,5430.65,Very Long-term,6,1,1,0,High,0,0,0.006749384463621599,0,0.0033333333333333335,Low,Low,0.67,0,Low
3705-PSNGL,Male,0,No,No,45,Yes,No,No,No internet service,No internet service,No internet service,No internet service,No internet service,No internet service,One year,Yes,Electronic check,20.4,930.45,Long-term,1,0,0,0,Low,1,0,0.02989570378622662,0,0.0,Low,Low,2.99,0,Low
0048-LUMLS,Male,0,Yes,Yes,37,Yes,No,Fiber optic,No,No,No,No,Yes,Yes,One year,No,Credit card (automatic),91.2,3247.55,Long-term,3,0,0,0,High,0,0,0.14787473735901782,0,0.13333333333333333,Low,Low,14.79,0,Low
6497-TILVL,Female,0,Yes,Yes,7,Yes,No,DSL,Yes,No,No,No,No,No,Month-to-month,No,Mailed check,50.7,350.35,New,2,0,1,1,Medium,0,0,0.20066132642622442,0,0.16,Low,Low,20.07,0,Low
2108-YKQTY,Female,0,No,No,4,Yes,No,DSL,No,Yes,No,No,No,No,Month-to-month,No,Credit card (automatic),50.7,151.3,New,2,0,0,1,Medium,1,0,0.2832619120037486,0,0.39,Medium,Low,28.33,0,Low
3658-KIBGF,Female,0,No,No,1,Yes,No,DSL,Yes,Yes,No,No,No,No,Month-to-month,Yes,Electronic check,54.9,54.9,New,3,0,1,1,Medium,1,0,0.39175889961871857,1,0.5666666666666667,Medium,Medium,39.18,0,Medium
5482-NUPNA,Female,0,No,No,4,Yes,No,DSL,Yes,Yes,No,Yes,No,No,Month-to-month,Yes,Mailed check,60.4,272.15,New,4,1,1,1,Medium,1,0,0.22468341282910761,0,0.2633333333333333,Low,Low,22.47,0,Low
7410-KTVFV,Male,0,Yes,No,18,Yes,No,DSL,No,No,Yes,No,No,No,Month-to-month,Yes,Mailed check,49.55,878.35,Medium,2,0,0,1,Medium,1,0,0.23543288023031253,0,0.043333333333333335,Low,Low,23.54,0,Low
9033-EOXWV,Female,0,No,No,12,Yes,Yes,DSL,No,No,No,Yes,Yes,Yes,One year,No,Mailed check,74.05,872.65,New,5,1,0,0,High,1,0,0.21169922239579508,0,0.1,Low,Low,21.17,0,Low
8821-XNHVZ,Female,0,Yes,Yes,1,Yes,No,Fiber optic,No,No,No,No,Yes,No,Month-to-month,Yes,Mailed check,80.05,80.05,New,2,0,0,1,High,1,1,0.6753065032609239,1,0.75,High,High,67.53,1,High
8224-KDLKN,Male,0,Yes,Yes,72,Yes,Yes,No,No internet service,No internet service,No internet service,No internet service,No internet service,No internet service,Two year,No,Bank transfer (automatic),25.0,1738.9,Very Long-term,2,0,0,0,Low,0,0,0.00458835066006375,0,0.0,Low,Low,0.46,0,Low
4825-FUREZ,Male,0,Yes,No,42,Yes,No,No,No internet service,No internet service,No internet service,No internet service,No internet service,No internet service,Two year,No,Electronic check,20.25,835.5,Long-term,1,0,0,0,Low,0,0,0.011817644793809845,0,0.0,Low,Low,1.18,0,Low
7534-BFESC,Male,1,No,No,24,Yes,Yes,Fiber optic,No,No,No,No,No,No,Month-to-month,Yes,Electronic check,76.1,1712.7,Medium,2,0,0,1,High,1,1,0.5480448536034276,0,0.44333333333333336,Medium,Medium,54.8,1,Medium
9138-EFSMO,Male,0,Yes,Yes,26,Yes,No,Fiber optic,No,No,No,No,No,Yes,One year,No,Bank transfer (automatic),78.95,2034.25,Long-term,2,0,0,0,High,0,0,0.18282813457477334,0,0.13333333333333333,Low,Low,18.28,0,Low
4227-OJHAL,Female,0,Yes,Yes,68,Yes,Yes,DSL,Yes,Yes,Yes,No,Yes,No,One year,Yes,Credit card (automatic),73.0,5163.0,Very Long-term,6,0,1,0,High,0,0,0.031514485213127524,0,0.13666666666666666,Low,Low,3.15,0,Low
7279-NMVJC,Female,0,No,No,17,Yes,No,No,No internet service,No internet service,No internet service,No internet service,No internet service,No internet service,One year,No,Bank transfer (automatic),19.9,323.15,Medium,1,0,0,0,Low,0,0,0.036882877946676655,0,0.02666666666666667,Low,Low,3.69,0,Low
8591-TKMZH,Male,0,Yes,Yes,59,Yes,Yes,Fiber optic,Yes,Yes,No,Yes,Yes,Yes,Two year,Yes,Mailed check,111.1,6555.2,Very Long-term,7,1,1,0,Very High,0,0,0.06901212561890846,0,0.10666666666666667,Low,Low,6.9,0,Low
9283-LZQOH,Male,0,Yes,Yes,13,Yes,Yes,Fiber optic,No,No,No,No,No,No,Month-to-month,Yes,Credit card (automatic),74.4,896.75,Medium,2,0,0,1,High,1,0,0.48919603675239753,0,0.49666666666666665,Medium,Medium,48.92,0,Medium
3594-IVHJZ,Female,0,No,No,2,Yes,No,No,No internet service,No internet service,No internet service,No internet service,No internet service,No internet service,Month-to-month,Yes,Mailed check,20.45,42.45,New,1,0,0,1,Low,0,0,0.24782663125441884,0,0.006666666666666667,Low,Low,24.78,0,Low
1945-XISKS,Female,0,Yes,No,67,Yes,No,No,No internet service,No internet service,No internet service,No internet service,No internet service,No internet service,Two year,No,Mailed check,19.65,1335.2,Very Long-term,1,0,0,0,Low,0,0,0.005184654683157673,0,0.013333333333333334,Low,Low,0.52,0,Low
4359-INNWN,Female,0,No,No,17,Yes,No,No,No internet service,No internet service,No internet service,No internet service,No internet service,No internet service,One year,No,Credit card (automatic),20.05,337.9,Medium,1,0,0,0,Low,0,0,0.03611879367006875,0,0.0033333333333333335,Low,Low,3.61,0,Low
7649-SIJJF,Male,0,Yes,No,71,Yes,Yes,DSL,Yes,Yes,Yes,Yes,No,Yes,Two year,Yes,Mailed check,80.1,5585.4,Very Long-term,7,1,1,0,High,0,0,0.012446330301757952,0,0.0,Low,Low,1.24,0,Low
9254-RBFON,Female,0,Yes,Yes,17,Yes,No,Fiber optic,No,No,Yes,Yes,Yes,Yes,One year,No,Bank transfer (automatic),98.6,1704.95,Medium,5,1,0,0,High,1,0,0.17855395364867094,0,0.2633333333333333,Low,Low,17.86,0,Low
0970-ETWGE,Male,0,No,No,1,Yes,No,Fiber optic,No,No,No,No,Yes,Yes,Month-to-month,Yes,Electronic check,89.55,89.55,New,3,0,0,1,High,1,1,0.8129563681007926,0,0.45,Medium,High,81.3,1,High
7762-ONLJY,Female,0,Yes,Yes,6,Yes,No,No,No internet service,No internet service,No internet service,No internet service,No internet service,No internet service,One year,No,Mailed check,19.7,94.45,New,1,0,0,0,Low,0,0,0.07207393707689515,0,0.1,Low,Low,7.21,0,Low
6710-HSJRD,Male,0,Yes,No,61,Yes,Yes,Fiber optic,No,Yes,Yes,Yes,Yes,Yes,Month-to-month,Yes,Electronic check,114.1,7132.15,Very Long-term,7,1,0,1,Very High,0,0,0.418030446314551,0,0.18,Low,Medium,41.8,0,Medium
8873-GLDMH,Female,0,No,No,6,Yes,Yes,Fiber optic,No,No,No,No,No,No,Month-to-month,Yes,Mailed check,73.85,401.3,New,2,0,0,1,High,0,1,0.695445916322025,1,0.69,High,High,69.54,1,High
9907-SWKKF,Female,1,No,No,1,No,No phone service,DSL,No,No,No,No,No,No,Month-to-month,No,Mailed check,25.05,25.05,New,0,0,0,1,Low,1,0,0.49892775118379823,1,0.7433333333333333,High,Medium,49.89,0,Medium
4658-HCOHW,Female,0,Yes,Yes,21,Yes,No,Fiber optic,No,Yes,Yes,Yes,Yes,Yes,Month-to-month,Yes,Electronic check,102.8,2110.15,Medium,6,1,0,1,Very High,1,0,0.4791127174200173,1,0.5433333333333333,Medium,Medium,47.91,0,Medium
9330-VOFSZ,Female,0,Yes,No,60,Yes,Yes,Fiber optic,No,Yes,Yes,Yes,Yes,Yes,Two year,Yes,Credit card (automatic),110.8,6640.7,Very Long-term,7,1,0,0,Very High,0,0,0.10630536488695719,0,0.08333333333333333,Low,Low,10.63,0,Low
2860-RANUS,Female,1,No,No,20,Yes,Yes,Fiber optic,No,No,No,No,No,Yes,Month-to-month,Yes,Credit card (automatic),85.8,1727.5,Medium,3,0,0,1,High,1,1,0.5504051154593951,1,0.58,Medium,Medium,55.04,1,Medium
6234-PFPXL,Male,0,Yes,No,22,Yes,Yes,Fiber optic,Yes,No,No,Yes,Yes,No,Month-to-month,No,Credit card (automatic),95.9,2234.95,Medium,5,1,1,1,High,0,0,0.24942057443558158,0,0.3233333333333333,Medium,Low,24.94,0,Low
7205-BAIAD,Female,0,No,No,40,Yes,No,No,No internet service,No internet service,No internet service,No internet service,No internet service,No internet service,Two year,Yes,Bank transfer (automatic),20.6,827.3,Long-term,1,0,0,0,Low,0,0,0.012265392433510514,0,0.0,Low,Low,1.23,0,Low
3858-VOBET,Male,0,No,No,23,Yes,Yes,Fiber optic,No,No,No,No,No,No,Month-to-month,Yes,Electronic check,74.95,1710.45,Medium,2,0,0,1,High,1,1,0.5264210792478561,0,0.42,Medium,Medium,52.64,1,Medium
5103-MHMHY,Female,0,No,Yes,1,Yes,No,DSL,No,No,No,No,No,No,Month-to-month,No,Mailed check,45.95,45.95,New,1,0,0,1,Medium,1,0,0.31766709767799145,0,0.48,Medium,Medium,31.77,0,Medium
6119-SPUDB,Male,0,No,No,46,No,No phone service,DSL,Yes,No,Yes,Yes,No,No,Two year,No,Mailed check,38.25,1755.35,Long-term,3,1,1,0,Medium,0,0,0.015221793011565449,0,0.03,Low,Low,1.52,0,Low
9389-ACWBI,Female,0,Yes,Yes,5,Yes,No,Fiber optic,No,No,No,No,No,No,Month-to-month,No,Credit card (automatic),69.95,320.4,New,1,0,0,1,Medium,0,0,0.4846139479475045,0,0.3494900917493775,Medium,Medium,48.46,0,Medium
3454-JFUBC,Male,1,No,No,68,Yes,No,No,No internet service,No internet service,No internet service,No internet service,No internet service,No internet service,Two year,Yes,Credit card (automatic),20.0,1396.0,Very Long-term,1,0,0,0,Low,0,0,0.007626468597182959,0,0.0,Low,Low,0.76,0,Low
1768-ZAIFU,Female,1,No,No,1,No,No phone service,DSL,No,No,No,No,No,No,Month-to-month,Yes,Electronic check,25.2,25.2,New,0,0,0,1,Low,1,1,0.6632364933675401,1,0.8966666666666666,High,High,66.32,1,High
7017-VFULY,Female,0,Yes,No,2,Yes,No,No,No internet service,No internet service,No internet service,No internet service,No internet service,No internet service,Month-to-month,No,Bank transfer (automatic),20.1,43.15,New,1,0,0,1,Low,0,0,0.18344446443728823,0,0.12666666666666668,Low,Low,18.34,0,Low
9221-OTIVJ,Female,1,No,No,14,Yes,Yes,Fiber optic,No,Yes,Yes,No,Yes,Yes,Month-to-month,Yes,Electronic check,104.85,1531.4,Medium,6,0,0,1,Very High,1,1,0.7619280037003475,1,0.6333333333333333,High,High,76.19,1,High
2482-CZGBB,Male,0,No,No,10,Yes,No,Fiber optic,No,No,No,No,No,No,Month-to-month,Yes,Electronic check,70.0,740.0,New,1,0,0,1,Medium,1,1,0.6653836964710237,0,0.47,Medium,High,66.54,1,High
7018-WBJNK,Male,0,No,Yes,13,Yes,No,Fiber optic,No,No,No,No,Yes,No,Month-to-month,Yes,Credit card (automatic),78.3,1033.95,Medium,2,0,0,1,High,0,0,0.4623439756944874,0,0.37333333333333335,Medium,Medium,46.23,0,Medium
3331-HQDTW,Female,0,No,No,34,Yes,Yes,Fiber optic,Yes,Yes,Yes,No,Yes,Yes,Month-to-month,Yes,Mailed check,109.8,3587.25,Long-term,7,0,1,1,Very High,1,0,0.440957410328737,0,0.22333333333333333,Low,Medium,44.1,0,Medium
4695-VADHF,Male,0,Yes,Yes,18,Yes,No,DSL,No,No,Yes,No,No,Yes,Month-to-month,No,Electronic check,57.45,990.85,Medium,3,0,0,1,Medium,1,0,0.23560519622647408,0,0.29333333333333333,Low,Low,23.56,0,Low
4086-WITJG,Male,0,Yes,Yes,71,Yes,No,No,No internet service,No internet service,No internet service,No internet service,No internet service,No internet service,Two year,No,Credit card (automatic),19.7,1301.1,Very Long-term,1,0,0,0,Low,0,0,0.0033313279995374283,0,0.0033333333333333335,Low,Low,0.33,0,Low
6297-NOOPG,Female,0,Yes,No,70,Yes,Yes,Fiber optic,No,Yes,Yes,Yes,Yes,Yes,Two year,Yes,Electronic check,110.5,7752.05,Very Long-term,7,1,0,0,Very High,0,0,0.10729482539452605,0,0.06666666666666667,Low,Low,10.73,0,Low
8777-PVYGU,Female,0,Yes,No,52,Yes,No,DSL,Yes,No,Yes,No,Yes,No,One year,Yes,Mailed check,64.3,3410.6,Very Long-term,4,0,1,0,Medium,0,0,0.06482084541774119,0,0.01,Low,Low,6.48,0,Low
4378-MYPGO,Male,0,Yes,Yes,68,Yes,No,Fiber optic,Yes,Yes,Yes,No,Yes,Yes,Two year,Yes,Bank transfer (automatic),105.25,7173.15,Very Long-term,6,0,1,0,Very High,0,0,0.04767270067838236,0,0.056666666666666664,Low,Low,4.77,0,Low
9313-CDOGY,Male,0,Yes,Yes,38,Yes,No,No,No internet service,No internet service,No internet service,No internet service,No internet service,No internet service,Month-to-month,No,Electronic check,19.6,717.3,Long-term,1,0,0,1,Low,0,0,0.04860953786756181,0,0.07423205115678164,Low,Low,4.86,0,Low
4121-AGSIN,Female,0,Yes,Yes,58,Yes,Yes,No,No internet service,No internet service,No internet service,No internet service,No internet service,No internet service,One year,Yes,Credit card (automatic),24.5,1497.9,Very Long-term,2,0,0,0,Low,0,0,0.0244197203467553,0,0.013333333333333334,Low,Low,2.44,0,Low
0432-CAJZV,Male,0,No,No,3,Yes,No,Fiber optic,No,No,No,No,Yes,Yes,Month-to-month,No,Mailed check,90.7,237.65,New,3,0,0,1,High,0,1,0.6641433054367563,1,0.6424488226245415,High,High,66.41,1,High
9097-ZUBYC,Male,0,Yes,No,14,Yes,No,DSL,No,No,No,Yes,No,No,Month-to-month,No,Bank transfer (automatic),48.8,664.4,Medium,2,1,0,1,Medium,0,0,0.14702585174499685,0,0.19333333333333333,Low,Low,14.7,0,Low
9638-JIQYA,Male,0,No,No,2,No,No phone service,DSL,No,No,No,No,No,No,Month-to-month,Yes,Credit card (automatic),24.9,49.7,New,0,0,0,1,Low,0,1,0.530338204899412,1,0.5633333333333334,Medium,Medium,53.03,1,Medium
1024-GUALD,Female,0,Yes,No,1,No,No phone service,DSL,No,No,No,No,No,No,Month-to-month,Yes,Electronic check,24.8,24.8,New,0,0,0,1,Low,1,1,0.638515677077848,1,0.6066666666666667,High,High,63.85,1,High
8024-XNAFQ,Female,1,No,No,72,Yes,Yes,Fiber optic,Yes,Yes,Yes,Yes,No,Yes,Two year,Yes,Bank transfer (automatic),107.4,7748.75,Very Long-term,7,1,1,0,Very High,0,0,0.041900157501727715,0,0.013333333333333334,Low,Low,4.19,0,Low
7587-RZNME,Male,0,No,No,3,Yes,No,DSL,No,No,No,No,No,No,Month-to-month,Yes,Electronic check,43.3,123.65,New,1,0,0,1,Medium,1,1,0.5287903634669455,1,0.7333333333333333,High,Medium,52.88,1,Medium
1346-UFHAX,Female,0,No,No,13,Yes,Yes,Fiber optic,Yes,No,No,No,No,No,Month-to-month,Yes,Credit card (automatic),80.0,1029.35,Medium,3,0,1,1,High,0,0,0.42457548439092857,0,0.20666666666666667,Low,Medium,42.46,0,Medium
6374-NTQLP,Male,1,Yes,Yes,72,Yes,No,Fiber optic,Yes,No,Yes,Yes,Yes,Yes,Two year,Yes,Credit card (automatic),104.1,7447.7,Very Long-term,6,1,1,0,Very High,0,0,0.040014023873419735,0,0.056666666666666664,Low,Low,4.0,0,Low
6625-FLENO,Male,0,Yes,No,58,Yes,No,No,No internet service,No internet service,No internet service,No internet service,No internet service,No internet service,Two year,No,Mailed check,20.75,1185.95,Very Long-term,1,0,0,0,Low,0,0,0.007602597467194454,0,0.006666666666666667,Low,Low,0.76,0,Low
7375-WMVMT,Male,1,Yes,No,71,Yes,No,Fiber optic,No,Yes,Yes,Yes,No,Yes,Two year,Yes,Credit card (automatic),95.5,6707.15,Very Long-term,5,1,0,0,High,0,0,0.036570293462665146,0,0.02,Low,Low,3.66,0,Low
6910-HADCM,Female,0,No,No,1,Yes,No,Fiber optic,No,No,Yes,No,No,No,Month-to-month,No,Electronic check,76.35,76.35,New,2,0,0,1,High,1,1,0.6372884441618413,1,0.57,Medium,High,63.73,1,High
7401-JIXNM,Female,0,Yes,Yes,54,Yes,Yes,DSL,Yes,Yes,Yes,Yes,Yes,Yes,Two year,No,Credit card (automatic),91.3,4965.0,Very Long-term,8,1,1,0,High,0,0,0.01586342294234059,0,0.006666666666666667,Low,Low,1.59,0,Low
7338-ERIVA,Male,0,No,Yes,39,No,No phone service,DSL,Yes,No,No,Yes,Yes,No,One year,No,Bank transfer (automatic),45.05,1790.6,Long-term,3,1,1,0,Medium,0,0,0.04053756610039079,0,0.01,Low,Low,4.05,0,Low
5376-DEQCP,Female,0,No,No,1,Yes,No,Fiber optic,No,No,No,No,No,No,Month-to-month,Yes,Electronic check,70.6,70.6,New,1,0,0,1,High,1,1,0.7265993762939807,1,0.8266666666666667,High,High,72.66,1,High
0909-SELIE,Male,0,Yes,No,61,Yes,Yes,DSL,Yes,Yes,Yes,Yes,No,Yes,Two year,Yes,Bank transfer (automatic),80.8,4860.85,Very Long-term,7,1,1,0,High,0,0,0.017301910314733382,0,0.0,Low,Low,1.73,0,Low
5419-KLXBN,Female,0,Yes,Yes,25,Yes,No,Fiber optic,No,Yes,Yes,No,Yes,No,Month-to-month,Yes,Bank transfer (automatic),89.15,2257.75,Long-term,4,0,0,1,High,1,0,0.36537452607271276,0,0.37,Medium,Medium,36.54,0,Medium
0365-TRTPY,Female,0,No,No,37,Yes,Yes,Fiber optic,Yes,Yes,Yes,No,No,No,Month-to-month,No,Bank transfer (automatic),91.2,3382.3,Long-term,5,0,1,1,High,0,0,0.1719368184482702,0,0.26666666666666666,Low,Low,17.19,0,Low
6712-OAWRH,Female,1,No,No,26,Yes,No,Fiber optic,No,No,No,No,Yes,Yes,Month-to-month,Yes,Electronic check,91.25,2351.8,Long-term,3,0,0,1,High,1,1,0.6196114954047779,0,0.49,Medium,High,61.96,1,High
2428-ZMCTB,Male,0,No,No,10,Yes,No,No,No internet service,No internet service,No internet service,No internet service,No internet service,No internet service,Month-to-month,No,Credit card (automatic),19.75,208.25,New,1,0,0,1,Low,0,0,0.13354623512697414,0,0.03333333333333333,Low,Low,13.35,0,Low
1963-VAUKV,Female,0,No,No,1,Yes,No,No,No internet service,No internet service,No internet service,No internet service,No internet service,No internet service,Month-to-month,No,Mailed check,20.4,20.4,New,1,0,0,1,Low,1,0,0.1914611270512289,0,0.03444435351717074,Low,Low,19.15,0,Low
9381-NDKME,Female,1,Yes,No,24,No,No phone service,DSL,No,No,Yes,No,No,Yes,Month-to-month,Yes,Credit card (automatic),40.65,933.3,Medium,2,0,0,1,Medium,1,0,0.3584058806442841,0,0.3933333333333333,Medium,Medium,35.84,0,Medium
3729-OWRVL,Male,1,No,No,65,Yes,Yes,Fiber optic,Yes,No,Yes,Yes,Yes,Yes,Two year,Yes,Electronic check,110.35,7246.15,Very Long-term,7,1,1,0,Very High,0,0,0.1169083692078799,0,0.3233333333333333,Medium,Low,11.69,0,Low
0895-LMRSF,Male,0,No,No,23,Yes,No,DSL,No,No,No,No,Yes,Yes,One year,Yes,Bank transfer (automatic),64.9,1509.8,Medium,3,0,0,0,Medium,0,0,0.15181114802841159,0,0.14666666666666667,Low,Low,15.18,0,Low
2676-SSLTO,Male,0,No,No,49,Yes,Yes,DSL,No,No,No,Yes,Yes,No,Two year,Yes,Bank transfer (automatic),66.15,3199.0,Very Long-term,4,1,0,0,Medium,0,0,0.04783395448699703,0,0.043333333333333335,Low,Low,4.78,0,Low
8495-PRWFH,Female,1,No,No,42,Yes,Yes,DSL,No,No,Yes,No,No,No,Month-to-month,No,Electronic check,55.65,2421.75,Long-term,3,0,0,1,Medium,0,0,0.172404411513475,0,0.18,Low,Low,17.24,0,Low
9030-QGZNL,Female,0,No,No,8,Yes,No,No,No internet service,No internet service,No internet service,No internet service,No internet service,No internet service,Two year,No,Mailed check,20.85,161.65,New,1,0,0,0,Low,0,0,0.038067861609730955,0,0.006666666666666667,Low,Low,3.81,0,Low
9972-NKTFD,Female,0,No,No,28,Yes,No,DSL,No,Yes,No,Yes,No,No,Month-to-month,No,Bank transfer (automatic),54.65,1517.5,Long-term,3,1,0,1,Medium,0,0,0.08806059000888179,0,0.03666666666666667,Low,Low,8.81,0,Low
7998-WNZEM,Male,0,No,No,71,Yes,Yes,DSL,Yes,Yes,Yes,Yes,No,Yes,Two year,No,Bank transfer (automatic),80.6,5708.2,Very Long-term,7,1,1,0,High,0,0,0.00784127700247968,0,0.0,Low,Low,0.78,0,Low
0979-PHULV,Male,0,Yes,Yes,69,Yes,Yes,Fiber optic,No,No,Yes,No,Yes,Yes,Month-to-month,Yes,Credit card (automatic),99.45,7007.6,Very Long-term,5,0,0,1,High,1,0,0.28114931567389034,0,0.34,Medium,Low,28.11,0,Low
6445-TNRXS,Male,0,Yes,Yes,68,Yes,Yes,Fiber optic,Yes,Yes,Yes,Yes,Yes,Yes,Two year,Yes,Bank transfer (automatic),114.7,7849.85,Very Long-term,8,1,1,0,Very High,0,0,0.04852083388387004,0,0.043333333333333335,Low,Low,4.85,0,Low
9586-JGQKH,Female,0,Yes,No,64,Yes,Yes,Fiber optic,No,Yes,No,Yes,Yes,Yes,Two year,Yes,Bank transfer (automatic),105.4,6794.75,Very Long-term,6,1,0,0,Very High,0,0,0.09582800205914195,0,0.016666666666666666,Low,Low,9.58,0,Low
3966-HRMZA,Female,1,No,No,3,Yes,No,Fiber optic,No,No,Yes,No,No,No,Month-to-month,No,Mailed check,75.05,202.9,New,2,0,0,1,High,0,1,0.5868374038954136,0,0.4738742021655681,Medium,Medium,58.68,1,Medium
5498-IBWPI,Female,0,Yes,Yes,66,Yes,No,DSL,No,No,No,Yes,No,No,One year,Yes,Credit card (automatic),49.4,3251.85,Very Long-term,2,1,0,0,Medium,0,0,0.02345976120777136,0,0.07666666666666666,Low,Low,2.35,0,Low
6823-SIDFQ,Male,0,No,No,28,Yes,No,No,No internet service,No internet service,No internet service,No internet service,No internet service,No internet service,One year,No,Credit card (automatic),18.25,534.7,Long-term,1,0,0,0,Low,0,0,0.03030895366208472,0,0.0,Low,Low,3.03,0,Low
2323-ARSVR,Male,0,Yes,No,67,Yes,No,Fiber optic,Yes,Yes,Yes,Yes,Yes,Yes,Two year,Yes,Electronic check,111.05,7321.05,Very Long-term,7,1,1,0,Very High,0,0,0.060502886573018104,0,0.09666666666666666,Low,Low,6.05,0,Low
5468-BPMMO,Male,0,Yes,No,46,Yes,No,No,No internet service,No internet service,No internet service,No internet service,No internet service,No internet service,Month-to-month,No,Electronic check,19.6,851.2,Long-term,1,0,0,1,Low,0,0,0.04266343605250186,0,0.06089871782344831,Low,Low,4.27,0,Low
0486-HECZI,Male,0,Yes,No,55,Yes,Yes,Fiber optic,Yes,Yes,No,No,Yes,No,Month-to-month,Yes,Electronic check,96.75,5238.9,Very Long-term,5,0,1,1,High,1,0,0.3394314997380011,0,0.25666666666666665,Low,Medium,33.94,0,Medium
2178-PMGCJ,Male,0,No,No,22,Yes,No,Fiber optic,No,No,No,No,No,No,Month-to-month,Yes,Mailed check,69.7,1490.4,Medium,1,0,0,1,Medium,0,0,0.3882287919728889,0,0.24333333333333335,Low,Medium,38.82,0,Medium
4660-IRIBM,Male,0,Yes,Yes,18,Yes,No,Fiber optic,Yes,No,Yes,No,Yes,No,Month-to-month,Yes,Mailed check,87.9,1500.5,Medium,4,0,1,1,High,0,0,0.3396180417756475,0,0.36666666666666664,Medium,Medium,33.96,0,Medium
9674-EHPPG,Male,0,Yes,No,46,No,No phone service,DSL,Yes,No,Yes,Yes,No,No,Two year,No,Credit card (automatic),40.4,1842.7,Long-term,3,1,1,0,Medium,0,0,0.014172998505135787,0,0.043333333333333335,Low,Low,1.42,0,Low
5606-AMZBO,Female,0,Yes,No,10,Yes,Yes,Fiber optic,Yes,No,No,No,No,No,Month-to-month,Yes,Credit card (automatic),78.15,765.15,New,3,0,1,1,High,0,1,0.558850907733436,1,0.52,Medium,Medium,55.89,1,Medium
0665-XHDJU,Male,0,Yes,No,72,Yes,Yes,Fiber optic,No,Yes,No,No,Yes,Yes,Two year,Yes,Electronic check,99.4,7285.7,Very Long-term,5,0,0,0,High,0,0,0.10959356057041428,0,0.09666666666666666,Low,Low,10.96,0,Low
5402-HTOTQ,Male,0,No,No,16,Yes,Yes,DSL,No,Yes,No,No,No,No,Month-to-month,No,Electronic check,55.3,875.35,Medium,3,0,0,1,Medium,0,0,0.26265894623758157,0,0.47333333333333333,Medium,Low,26.27,0,Low
8258-GSTJK,Male,1,No,No,3,Yes,Yes,Fiber optic,No,No,No,No,No,No,Month-to-month,Yes,Electronic check,77.0,237.75,New,2,0,0,1,High,1,1,0.7971987360278697,1,0.94,High,High,79.72,1,High
3787-TRIAL,Male,0,Yes,Yes,21,No,No phone service,DSL,No,No,No,No,No,No,Month-to-month,Yes,Electronic check,26.05,565.75,Medium,0,0,0,1,Low,0,0,0.2992525572751915,0,0.44,Medium,Low,29.93,0,Low
6175-IRFIT,Male,0,No,No,5,Yes,No,Fiber optic,No,No,No,No,No,Yes,Month-to-month,No,Mailed check,78.75,426.35,New,2,0,0,1,High,0,1,0.60248980030536,1,0.61,High,High,60.25,1,High
6317-YPKDH,Female,0,No,No,1,No,No phone service,DSL,No,Yes,No,No,No,No,Month-to-month,No,Bank transfer (automatic),29.95,29.95,New,1,0,0,1,Low,1,0,0.40429012032893064,0,0.30666666666666664,Medium,Medium,40.43,0,Medium
5692-FPTAH,Female,0,No,No,1,Yes,No,DSL,No,No,No,No,No,No,Month-to-month,Yes,Mailed check,45.4,45.4,New,1,0,0,1,Medium,1,0,0.4575866029010038,0,0.25666666666666665,Low,Medium,45.76,0,Medium
5373-SFODM,Male,1,Yes,No,36,Yes,Yes,Fiber optic,No,No,No,No,No,Yes,Month-to-month,Yes,Credit card (automatic),85.25,3132.75,Long-term,3,0,0,1,High,1,0,0.4704351421026309,0,0.4866666666666667,Medium,Medium,47.04,0,Medium
0868-VJRDR,Male,0,Yes,No,64,Yes,No,Fiber optic,Yes,Yes,No,Yes,Yes,Yes,Two year,Yes,Credit card (automatic),104.05,6605.55,Very Long-term,6,1,1,0,Very High,0,0,0.048820238279252415,0,0.11333333333333333,Low,Low,4.88,0,Low
4079-VTGLK,Male,1,Yes,No,30,Yes,Yes,DSL,No,No,Yes,No,Yes,Yes,Two year,No,Electronic check,74.85,2181.75,Long-term,5,0,0,0,High,0,0,0.11425912259321544,0,0.09333333333333334,Low,Low,11.43,0,Low
1166-PQLGG,Female,0,Yes,Yes,72,Yes,No,No,No internet service,No internet service,No internet service,No internet service,No internet service,No internet service,Two year,No,Bank transfer (automatic),19.55,1463.45,Very Long-term,1,0,0,0,Low,0,0,0.003234221151699457,0,0.0033333333333333335,Low,Low,0.32,0,Low
5296-BFCYD,Male,0,Yes,Yes,46,Yes,No,No,No internet service,No internet service,No internet service,No internet service,No internet service,No internet service,Two year,Yes,Mailed check,20.1,936.85,Long-term,1,0,0,0,Low,0,0,0.008660140644617126,0,0.0,Low,Low,0.87,0,Low
6568-POCUI,Female,0,Yes,No,45,Yes,No,Fiber optic,No,No,No,Yes,Yes,Yes,Two year,Yes,Credit card (automatic),95.2,4285.8,Long-term,4,1,0,0,High,0,0,0.07195376306901143,0,0.04666666666666667,Low,Low,7.2,0,Low
2839-RFSQE,Female,0,No,No,2,Yes,No,No,No internet service,No internet service,No internet service,No internet service,No internet service,No internet service,Month-to-month,No,Mailed check,20.65,38.7,New,1,0,0,1,Low,1,0,0.1841271663055733,0,0.04721116208117135,Low,Low,18.41,0,Low
2188-SXWVT,Female,0,No,No,34,Yes,No,DSL,Yes,Yes,No,No,No,No,One year,No,Mailed check,55.0,1885.15,Long-term,3,0,1,0,Medium,0,0,0.03458879399379536,0,0.006666666666666667,Low,Low,3.46,0,Low
8849-GYOKR,Female,0,Yes,No,54,Yes,Yes,Fiber optic,Yes,Yes,No,No,Yes,Yes,One year,No,Bank transfer (automatic),106.55,5763.3,Very Long-term,6,0,1,0,Very High,1,0,0.1718639322455563,0,0.31,Medium,Low,17.19,0,Low
3623-FQBOX,Male,0,No,No,21,Yes,No,No,No internet service,No internet service,No internet service,No internet service,No internet service,No internet service,Month-to-month,Yes,Mailed check,19.95,416.4,Medium,1,0,0,1,Low,0,0,0.09521345538451113,0,0.11666666666666667,Low,Low,9.52,0,Low
2649-HWLYB,Male,0,Yes,No,65,Yes,Yes,DSL,Yes,No,Yes,Yes,No,Yes,Two year,No,Bank transfer (automatic),76.15,4929.55,Very Long-term,6,1,1,0,High,0,0,0.011958181873350082,0,0.05,Low,Low,1.2,0,Low
0599-XNYDO,Female,0,Yes,No,20,Yes,No,Fiber optic,No,No,No,No,No,No,Month-to-month,Yes,Bank transfer (automatic),69.8,1540.35,Medium,1,0,0,1,Medium,0,0,0.40170692346896425,1,0.55,Medium,Medium,40.17,0,Medium
2514-GINMM,Male,0,No,No,1,Yes,No,Fiber optic,No,No,No,No,Yes,No,Month-to-month,Yes,Electronic check,79.5,79.5,New,2,0,0,1,High,1,1,0.7761784381435368,1,0.9866666666666667,High,High,77.62,1,High
8401-EMUWF,Male,0,Yes,Yes,42,Yes,Yes,DSL,Yes,Yes,No,No,Yes,No,Month-to-month,Yes,Bank transfer (automatic),69.4,3058.3,Long-term,5,0,1,1,Medium,0,0,0.10483695784960802,0,0.04666666666666667,Low,Low,10.48,0,Low
5766-ZJYBB,Male,0,No,No,1,Yes,No,No,No internet service,No internet service,No internet service,No internet service,No internet service,No internet service,Month-to-month,No,Mailed check,19.4,19.4,New,1,0,0,1,Low,1,0,0.1972427131360388,0,0.17726333675718756,Low,Low,19.72,0,Low
2604-IJPDU,Female,0,Yes,No,20,Yes,No,Fiber optic,Yes,Yes,No,Yes,Yes,No,Month-to-month,Yes,Electronic check,96.55,1901.65,Medium,5,1,1,1,High,0,0,0.3076131876424718,1,0.5166666666666667,Medium,Medium,30.76,0,Medium
2501-XWWTZ,Male,0,No,No,11,Yes,No,Fiber optic,No,No,No,No,No,No,Month-to-month,No,Electronic check,70.2,760.05,New,1,0,0,1,High,0,1,0.5561796545587857,0,0.36,Medium,Medium,55.62,1,Medium
6370-ZVHDV,Female,0,Yes,No,61,Yes,Yes,No,No internet service,No internet service,No internet service,No internet service,No internet service,No internet service,Two year,No,Bank transfer (automatic),25.3,1554.9,Very Long-term,2,0,0,0,Low,0,0,0.008858354342344357,0,0.0,Low,Low,0.89,0,Low
3027-YNWZU,Female,0,Yes,No,64,Yes,Yes,No,No internet service,No internet service,No internet service,No internet service,No internet service,No internet service,Two year,No,Credit card (automatic),25.0,1584.8,Very Long-term,2,0,0,0,Low,0,0,0.007674118071868312,0,0.0033333333333333335,Low,Low,0.77,0,Low
4526-ZJJTM,Female,1,Yes,No,25,Yes,No,Fiber optic,No,Yes,Yes,No,No,Yes,Month-to-month,No,Bank transfer (automatic),88.4,2191.15,Long-term,4,0,0,1,High,0,0,0.3652205143571655,0,0.31666666666666665,Medium,Medium,36.52,0,Medium
0440-QEXBZ,Female,0,No,No,44,Yes,Yes,DSL,No,No,No,No,No,No,Month-to-month,Yes,Mailed check,50.15,2139.1,Long-term,2,0,0,1,Medium,0,0,0.15077724957346464,0,0.04666666666666667,Low,Low,15.08,0,Low
0330-IVZHA,Female,0,Yes,No,5,Yes,No,Fiber optic,No,No,No,No,No,No,Month-to-month,No,Electronic check,69.95,330.15,New,1,0,0,1,Medium,1,1,0.6298116512483731,0,0.4,Medium,High,62.98,1,High
9758-MFWGD,Female,1,Yes,Yes,48,No,No phone service,DSL,No,Yes,No,No,No,No,One year,No,Bank transfer (automatic),29.9,1388.75,Long-term,1,0,0,0,Low,0,0,0.03719178501071645,0,0.33,Medium,Low,3.72,0,Low
4229-CZMLL,Male,0,No,No,6,Yes,Yes,Fiber optic,No,No,No,No,No,No,Month-to-month,Yes,Electronic check,74.9,469.8,New,2,0,0,1,High,1,1,0.7571431450096701,1,0.8033333333333333,High,High,75.71,1,High
0742-MOABM,Male,0,Yes,No,4,Yes,No,DSL,No,No,No,Yes,No,No,Month-to-month,No,Mailed check,50.05,179.35,New,2,1,0,1,Medium,1,0,0.27568599576577596,0,0.25666666666666665,Low,Low,27.57,0,Low
4277-BWBML,Male,0,Yes,Yes,72,Yes,No,No,No internet service,No internet service,No internet service,No internet service,No internet service,No internet service,Two year,No,Bank transfer (automatic),19.95,1322.85,Very Long-term,1,0,0,0,Low,0,0,0.003238794507343676,0,0.0,Low,Low,0.32,0,Low
5136-GFPMB,Male,0,No,No,54,Yes,Yes,Fiber optic,No,No,Yes,No,No,Yes,Month-to-month,No,Credit card (automatic),89.4,4869.5,Very Long-term,4,0,0,1,High,0,0,0.30458870440918295,0,0.32666666666666666,Medium,Medium,30.46,0,Medium
7520-HQWJU,Female,0,Yes,Yes,66,Yes,Yes,DSL,Yes,Yes,Yes,No,No,No,Month-to-month,Yes,Bank transfer (automatic),67.45,4508.65,Very Long-term,5,0,1,1,Medium,0,0,0.052691259046743225,0,0.06,Low,Low,5.27,0,Low
6304-IJFSQ,Male,0,No,No,3,Yes,No,DSL,No,Yes,No,No,No,No,Month-to-month,Yes,Mailed check,49.9,130.1,New,2,0,0,1,Medium,1,0,0.39992841049448674,0,0.46,Medium,Medium,39.99,0,Medium
0297-RBCSG,Male,0,No,No,19,Yes,No,DSL,No,Yes,No,Yes,No,Yes,One year,Yes,Bank transfer (automatic),65.35,1231.85,Medium,4,1,0,0,Medium,0,0,0.08849578383795807,0,0.3466666666666667,Medium,Low,8.85,0,Low
6013-BHCAW,Male,0,Yes,Yes,61,Yes,Yes,DSL,No,No,Yes,Yes,Yes,Yes,Two year,Yes,Bank transfer (automatic),81.0,4976.15,Very Long-term,6,1,0,0,High,0,0,0.03141246700360269,0,0.03,Low,Low,3.14,0,Low
4402-FTBXC,Male,0,No,No,54,Yes,No,Fiber optic,Yes,No,Yes,No,Yes,No,Month-to-month,No,Mailed check,89.8,4667.0,Very Long-term,4,0,1,1,High,0,0,0.18082050358288917,0,0.24333333333333335,Low,Low,18.08,0,Low
1471-GIQKQ,Female,0,No,No,1,Yes,No,DSL,No,Yes,No,No,No,No,Month-to-month,No,Electronic check,49.95,49.95,New,2,0,0,1,Medium,0,0,0.4004101839509814,0,0.22333333333333333,Low,Medium,40.04,0,Medium
4283-FUTGF,Male,1,No,No,19,Yes,Yes,Fiber optic,No,No,Yes,No,No,No,Month-to-month,Yes,Electronic check,79.85,1471.75,Medium,3,0,0,1,High,1,1,0.5985597353738898,1,0.6066666666666667,High,Medium,59.86,1,Medium
9548-LERKT,Male,0,Yes,No,24,Yes,No,No,No internet service,No internet service,No internet service,No internet service,No internet service,No internet service,Two year,No,Mailed check,19.75,483.15,Medium,1,0,0,0,Low,0,0,0.014884551509425175,0,0.0033333333333333335,Low,Low,1.49,0,Low
8059-UDZFY,Female,1,No,Yes,33,Yes,Yes,Fiber optic,No,Yes,Yes,No,Yes,Yes,Month-to-month,Yes,Bank transfer (automatic),105.35,3465.05,Long-term,6,0,0,1,Very High,0,1,0.5230933252235355,1,0.54,Medium,Medium,52.31,1,Medium
0410-IPFTY,Female,0,Yes,No,31,Yes,No,Fiber optic,No,Yes,No,No,No,Yes,Month-to-month,Yes,Bank transfer (automatic),83.85,2674.15,Long-term,3,0,0,1,High,0,0,0.3650477988433173,0,0.4633333333333333,Medium,Medium,36.5,0,Medium
2478-EEWWM,Male,0,Yes,No,59,No,No phone service,DSL,No,No,No,No,Yes,Yes,Month-to-month,Yes,Electronic check,44.3,2666.75,Very Long-term,2,0,0,1,Medium,0,0,0.3313776070836695,1,0.56,Medium,Medium,33.14,0,Medium
4619-EVPHY,Female,1,Yes,No,20,Yes,No,Fiber optic,No,No,No,No,Yes,Yes,One year,Yes,Bank transfer (automatic),91.0,1859.5,Medium,3,0,0,0,High,0,0,0.3596897362615406,0,0.2,Low,Medium,35.97,0,Medium
2277-DJJDL,Male,1,Yes,No,60,Yes,Yes,Fiber optic,No,No,No,Yes,Yes,Yes,Month-to-month,Yes,Electronic check,99.0,6017.9,Very Long-term,5,1,0,1,High,0,0,0.45628650717204067,0,0.3433333333333333,Medium,Medium,45.63,0,Medium
2911-WDXMV,Male,0,No,Yes,18,Yes,Yes,Fiber optic,No,No,Yes,No,No,No,Month-to-month,Yes,Credit card (automatic),80.55,1406.65,Medium,3,0,0,1,High,0,0,0.4207048920379674,0,0.22333333333333333,Low,Medium,42.07,0,Medium
3639-XJHKQ,Female,0,No,Yes,19,Yes,No,DSL,Yes,Yes,Yes,No,No,No,Month-to-month,Yes,Electronic check,60.6,1297.8,Medium,4,0,1,1,Medium,0,0,0.14645412507955186,0,0.27,Low,Low,14.65,0,Low
8173-RXAYP,Female,0,Yes,Yes,24,Yes,No,No,No internet service,No internet service,No internet service,No internet service,No internet service,No internet service,Two year,No,Mailed check,19.7,452.55,Medium,1,0,0,0,Low,0,0,0.011891364795297307,0,0.0,Low,Low,1.19,0,Low
4537-CIBHB,Female,0,Yes,Yes,9,Yes,No,No,No internet service,No internet service,No internet service,No internet service,No internet service,No internet service,One year,No,Mailed check,20.25,172.35,New,1,0,0,0,Low,0,0,0.06331201395233144,0,0.07,Low,Low,6.33,0,Low
5442-BXVND,Female,0,Yes,Yes,33,Yes,Yes,No,No internet service,No internet service,No internet service,No internet service,No internet service,No internet service,Month-to-month,No,Bank transfer (automatic),24.25,838.5,Long-term,2,0,0,1,Low,0,0,0.05770067855535351,0,0.06666666666666667,Low,Low,5.77,0,Low
2308-STERM,Female,0,No,No,2,Yes,No,No,No internet service,No internet service,No internet service,No internet service,No internet service,No internet service,Month-to-month,No,Mailed check,19.4,61.05,New,1,0,0,1,Low,0,0,0.18803986594919825,0,0.17,Low,Low,18.8,0,Low
7159-NOKYQ,Male,0,Yes,No,67,Yes,Yes,Fiber optic,No,Yes,Yes,No,No,Yes,Two year,Yes,Electronic check,93.15,6368.2,Very Long-term,5,0,0,0,High,0,0,0.103989205270455,0,0.07,Low,Low,10.4,0,Low
6075-QMNRR,Female,0,No,No,52,Yes,No,DSL,Yes,No,No,No,No,No,Month-to-month,Yes,Bank transfer (automatic),49.75,2535.55,Very Long-term,2,0,1,1,Medium,0,0,0.09278350060174445,0,0.05,Low,Low,9.28,0,Low
3694-GLTJM,Female,0,No,No,5,Yes,No,No,No internet service,No internet service,No internet service,No internet service,No internet service,No internet service,Month-to-month,Yes,Credit card (automatic),19.65,92.05,New,1,0,0,1,Low,0,0,0.2147347327343119,0,0.13333333333333333,Low,Low,21.47,0,Low
9629-NHXFW,Female,0,Yes,Yes,1,Yes,No,No,No internet service,No internet service,No internet service,No internet service,No internet service,No internet service,Month-to-month,Yes,Mailed check,19.4,19.4,New,1,0,0,1,Low,0,0,0.22809188748112583,0,0.39156431191574964,Medium,Low,22.81,0,Low
7167-PCEYD,Male,0,No,No,67,Yes,No,No,No internet service,No internet service,No internet service,No internet service,No internet service,No internet service,Two year,Yes,Mailed check,19.8,1311.3,Very Long-term,1,0,0,0,Low,0,0,0.007343280148002852,0,0.01,Low,Low,0.73,0,Low
2748-MYRVK,Female,0,No,No,63,Yes,Yes,Fiber optic,No,Yes,No,No,Yes,Yes,One year,No,Bank transfer (automatic),99.9,6137.0,Very Long-term,5,0,0,0,High,1,0,0.13883229076544992,0,0.16333333333333333,Low,Low,13.88,0,Low
4223-WOZCM,Male,1,No,No,2,Yes,No,DSL,No,No,Yes,No,No,No,Month-to-month,No,Mailed check,49.95,107.1,New,2,0,0,1,Medium,0,0,0.3940518648948877,1,0.6766666666666666,High,Medium,39.41,0,Medium
6946-LMSQS,Male,1,Yes,No,25,Yes,Yes,Fiber optic,Yes,No,No,No,No,Yes,One year,Yes,Electronic check,89.05,2177.45,Long-term,4,0,1,0,High,1,0,0.393884970541048,0,0.17,Low,Medium,39.39,0,Medium
5469-NUJUR,Male,0,No,No,19,Yes,No,No,No internet service,No internet service,No internet service,No internet service,No internet service,No internet service,Two year,Yes,Mailed check,19.95,373.5,Medium,1,0,0,0,Low,0,0,0.02547413667800274,0,0.006666666666666667,Low,Low,2.55,0,Low
6388-TABGU,Male,0,No,Yes,62,Yes,No,DSL,Yes,Yes,No,No,No,No,One year,No,Bank transfer (automatic),56.15,3487.95,Very Long-term,3,0,1,0,Medium,0,0,0.015067832814909287,0,0.013333333333333334,Low,Low,1.51,0,Low
1261-FWTTE,Male,1,No,No,23,No,No phone service,DSL,No,No,No,No,No,Yes,Month-to-month,Yes,Bank transfer (automatic),34.65,768.45,Medium,1,0,0,1,Low,0,0,0.329323111985797,0,0.4033333333333333,Medium,Medium,32.93,0,Medium
8590-YFFQO,Male,0,Yes,No,70,Yes,No,DSL,Yes,Yes,Yes,Yes,No,No,Two year,No,Credit card (automatic),64.95,4523.25,Very Long-term,5,1,1,0,Medium,0,0,0.004741604818648354,0,0.08666666666666667,Low,Low,0.47,0,Low
0082-OQIQY,Male,0,No,No,29,Yes,No,Fiber optic,No,No,No,Yes,Yes,Yes,Month-to-month,Yes,Electronic check,94.2,2607.6,Long-term,4,1,0,1,High,0,0,0.4789960045021701,0,0.4066666666666667,Medium,Medium,47.9,0,Medium
9465-RWMXL,Male,0,Yes,No,32,Yes,Yes,Fiber optic,No,No,Yes,No,No,No,Month-to-month,Yes,Electronic check,78.9,2447.95,Long-term,3,0,0,1,High,1,1,0.5059152075349046,0,0.34,Medium,Medium,50.59,1,Medium
2930-UOTMB,Female,0,No,No,31,Yes,Yes,DSL,Yes,No,Yes,Yes,No,No,Month-to-month,No,Credit card (automatic),65.25,1994.3,Long-term,5,1,1,1,Medium,1,0,0.08278556509986804,0,0.09333333333333334,Low,Low,8.28,0,Low
9128-CPXKI,Female,0,No,No,59,Yes,No,Fiber optic,No,No,Yes,No,Yes,Yes,Two year,No,Electronic check,95.8,5655.45,Very Long-term,4,0,0,0,High,0,0,0.09601709178259814,0,0.3933333333333333,Medium,Low,9.6,0,Low
0484-FFVBJ,Male,0,No,No,32,Yes,No,DSL,No,No,No,No,Yes,Yes,One year,Yes,Bank transfer (automatic),64.85,2010.95,Long-term,3,0,0,0,Medium,0,0,0.13615005639315592,0,0.12666666666666668,Low,Low,13.62,0,Low
1100-DDVRV,Male,0,Yes,No,17,No,No phone service,DSL,No,Yes,No,No,Yes,Yes,Month-to-month,Yes,Mailed check,49.8,836.35,Medium,3,0,0,1,Medium,0,0,0.4370596059158608,0,0.4266666666666667,Medium,Medium,43.71,0,Medium
9313-QOLTZ,Male,0,No,No,26,Yes,No,No,No internet service,No internet service,No internet service,No internet service,No internet service,No internet service,Month-to-month,No,Mailed check,20.9,518.3,Long-term,1,0,0,1,Low,0,0,0.06794803150219889,0,0.006666666666666667,Low,Low,6.79,0,Low
3338-CVVEH,Male,0,No,No,12,Yes,Yes,Fiber optic,No,No,No,No,Yes,Yes,Month-to-month,No,Electronic check,94.55,1173.55,New,4,0,0,1,High,0,1,0.7305797823109533,1,0.7,High,High,73.06,1,High
1131-SUEKT,Male,0,Yes,Yes,61,Yes,No,Fiber optic,No,Yes,No,Yes,Yes,Yes,One year,Yes,Bank transfer (automatic),98.45,6145.2,Very Long-term,5,1,0,0,High,0,0,0.10219183113067178,0,0.11333333333333333,Low,Low,10.22,0,Low
7602-DBTOU,Female,0,Yes,No,71,Yes,No,No,No internet service,No internet service,No internet service,No internet service,No internet service,No internet service,Two year,No,Mailed check,19.6,1416.5,Very Long-term,1,0,0,0,Low,0,0,0.004372157598222185,0,0.006666666666666667,Low,Low,0.44,0,Low
1385-TQOZW,Female,0,No,No,9,Yes,No,No,No internet service,No internet service,No internet service,No internet service,No internet service,No internet service,Month-to-month,Yes,Credit card (automatic),20.45,147.55,New,1,0,0,1,Low,0,0,0.1845142819519222,0,0.07666666666666666,Low,Low,18.45,0,Low
6892-XPFPU,Male,1,Yes,No,24,Yes,Yes,Fiber optic,No,Yes,Yes,No,Yes,Yes,Month-to-month,Yes,Electronic check,104.25,2433.9,Medium,6,0,0,1,Very High,1,1,0.6982416699972491,1,0.5466666666666666,Medium,High,69.82,1,High
4115-NZRKS,Female,1,No,No,7,Yes,No,Fiber optic,No,No,No,No,Yes,Yes,Month-to-month,Yes,Electronic check,89.15,574.35,New,3,0,0,1,High,0,1,0.7983447825524911,0,0.43333333333333335,Medium,High,79.83,1,High
5514-YQENT,Male,0,No,Yes,41,Yes,No,Fiber optic,Yes,Yes,Yes,Yes,Yes,Yes,Two year,Yes,Electronic check,111.15,4507.15,Long-term,7,1,1,0,Very High,0,0,0.07140283881320804,0,0.12333333333333334,Low,Low,7.14,0,Low
6319-IEJWJ,Male,0,Yes,Yes,20,Yes,No,Fiber optic,No,No,No,No,Yes,Yes,Month-to-month,Yes,Electronic check,90.2,1776.55,Medium,3,0,0,1,High,1,1,0.5476059537258935,1,0.62,High,Medium,54.76,1,Medium
8849-AYPTR,Male,0,Yes,No,33,Yes,No,Fiber optic,No,No,No,No,Yes,Yes,Month-to-month,No,Electronic check,91.25,2964.05,Long-term,3,0,0,1,High,0,0,0.4353325509969346,0,0.24,Low,Medium,43.53,0,Medium
5893-PYOLZ,Male,0,No,No,56,Yes,No,DSL,No,Yes,Yes,Yes,Yes,Yes,Two year,Yes,Credit card (automatic),81.8,4534.45,Very Long-term,6,1,0,0,High,0,0,0.02654975648767659,0,0.0033333333333333335,Low,Low,2.65,0,Low
7180-PISOG,Male,0,Yes,Yes,1,Yes,Yes,Fiber optic,No,No,No,No,No,No,Month-to-month,Yes,Electronic check,74.5,74.5,New,2,0,0,1,High,1,1,0.763322695783568,1,0.8833333333333333,High,High,76.33,1,High
8443-ZRDBZ,Male,0,No,No,4,Yes,Yes,Fiber optic,No,No,No,No,No,No,Month-to-month,Yes,Electronic check,76.05,318.9,New,2,0,0,1,High,1,1,0.7675071550580533,1,0.78,High,High,76.75,1,High
9079-YEXQJ,Female,0,No,No,54,Yes,Yes,Fiber optic,No,Yes,Yes,Yes,Yes,Yes,Month-to-month,No,Electronic check,111.1,6014.85,Very Long-term,7,1,0,1,Very High,1,0,0.3881553014435277,0,0.2,Low,Medium,38.82,0,Medium
3780-YVMFA,Female,0,Yes,Yes,8,Yes,No,DSL,No,No,No,Yes,Yes,Yes,Month-to-month,Yes,Electronic check,68.55,564.35,New,4,1,0,1,Medium,0,0,0.45505488343573675,0,0.4266666666666667,Medium,Medium,45.51,0,Medium
6968-MHOMU,Male,0,Yes,No,58,No,No phone service,DSL,No,No,No,No,Yes,Yes,One year,Yes,Credit card (automatic),45.0,2689.35,Very Long-term,2,0,0,0,Medium,0,0,0.1427863783466487,0,0.18333333333333332,Low,Low,14.28,0,Low
0899-LIIBW,Male,0,Yes,No,34,Yes,Yes,Fiber optic,No,No,Yes,No,Yes,Yes,Month-to-month,No,Electronic check,100.85,3527.3,Long-term,5,0,0,1,Very High,0,1,0.579434475244273,0,0.33,Medium,Medium,57.94,1,Medium
3677-IYRBF,Female,1,No,No,2,No,No phone service,DSL,No,No,Yes,No,No,No,Month-to-month,Yes,Electronic check,30.4,78.65,New,1,0,0,1,Low,1,1,0.6473683760239702,1,0.71,High,High,64.74,1,High
8393-DLHGA,Male,0,No,Yes,25,Yes,No,Fiber optic,No,Yes,No,No,Yes,Yes,Month-to-month,Yes,Electronic check,95.9,2448.75,Long-term,4,0,0,1,High,1,1,0.5048825785371228,0,0.49333333333333335,Medium,Medium,50.49,1,Medium
7691-XVTZH,Female,0,Yes,No,68,Yes,Yes,Fiber optic,No,No,Yes,No,Yes,No,Two year,Yes,Bank transfer (automatic),89.95,5974.3,Very Long-term,4,0,0,0,High,0,0,0.07893902117528645,0,0.17333333333333334,Low,Low,7.89,0,Low
5360-LJCNJ,Female,0,Yes,No,71,Yes,Yes,Fiber optic,No,Yes,Yes,No,Yes,Yes,Two year,Yes,Bank transfer (automatic),105.15,7555.0,Very Long-term,6,0,0,0,Very High,0,0,0.10221959400824267,0,0.13666666666666666,Low,Low,10.22,0,Low
3891-PUQOD,Female,0,No,Yes,1,Yes,No,DSL,No,No,Yes,No,No,Yes,Month-to-month,No,Electronic check,59.2,59.2,New,3,0,0,1,Medium,1,0,0.4458095121184347,0,0.4766666666666667,Medium,Medium,44.58,0,Medium
0952-KMEEH,Male,0,No,No,13,Yes,Yes,Fiber optic,Yes,No,No,No,Yes,Yes,Month-to-month,No,Mailed check,98.15,1230.25,Medium,5,0,1,1,High,1,0,0.47802437881509663,0,0.3933333333333333,Medium,Medium,47.8,0,Medium
4919-IKATY,Male,0,Yes,Yes,5,Yes,Yes,Fiber optic,Yes,No,Yes,No,No,No,Month-to-month,Yes,Electronic check,84.5,453.75,New,4,0,1,1,High,1,1,0.6408325126468766,0,0.42,Medium,High,64.08,1,High
9746-UGFAC,Female,0,No,No,22,Yes,No,No,No internet service,No internet service,No internet service,No internet service,No internet service,No internet service,One year,No,Bank transfer (automatic),20.85,450.65,Medium,1,0,0,0,Low,0,0,0.029457437708500164,0,0.01,Low,Low,2.95,0,Low
9108-EQPNQ,Female,0,Yes,Yes,10,Yes,Yes,No,No internet service,No internet service,No internet service,No internet service,No internet service,No internet service,Two year,No,Credit card (automatic),26.1,225.55,New,2,0,0,0,Low,0,0,0.037791186153126745,0,0.023333333333333334,Low,Low,3.78,0,Low
0531-ZZJWQ,Male,1,Yes,No,55,Yes,Yes,Fiber optic,No,No,No,No,No,No,Month-to-month,Yes,Electronic check,74.0,4052.4,Very Long-term,2,0,0,1,High,0,0,0.4596124921746251,0,0.4033333333333333,Medium,Medium,45.96,0,Medium
8763-KIAFH,Female,0,Yes,Yes,27,Yes,No,No,No internet service,No internet service,No internet service,No internet service,No internet service,No internet service,One year,Yes,Mailed check,20.55,583.3,Long-term,1,0,0,0,Low,0,0,0.03890554348612375,0,0.013333333333333334,Low,Low,3.89,0,Low
5863-OOKCL,Female,0,No,No,10,Yes,No,No,No internet service,No internet service,No internet service,No internet service,No internet service,No internet service,Month-to-month,No,Mailed check,18.85,163.2,New,1,0,0,1,Low,0,0,0.14185675184757912,0,0.04666666666666667,Low,Low,14.19,0,Low
2958-NHPPS,Male,0,No,No,23,Yes,No,No,No internet service,No internet service,No internet service,No internet service,No internet service,No internet service,Month-to-month,No,Electronic check,20.85,473.9,Medium,1,0,0,1,Low,0,0,0.08181521109788788,0,0.030898717823448305,Low,Low,8.18,0,Low
9530-GRMJG,Male,0,Yes,Yes,70,Yes,Yes,DSL,No,Yes,Yes,Yes,Yes,Yes,Two year,Yes,Electronic check,84.1,5979.7,Very Long-term,7,1,0,0,High,0,0,0.02798535006939628,0,0.006666666666666667,Low,Low,2.8,0,Low
1809-DMJHQ,Female,0,No,Yes,5,Yes,No,DSL,No,No,No,No,No,No,Month-to-month,No,Mailed check,46.0,221.7,New,1,0,0,1,Medium,1,0,0.2824540434110062,0,0.3333333333333333,Medium,Low,28.25,0,Low
0164-XAIRP,Female,0,No,No,24,Yes,No,No,No internet service,No internet service,No internet service,No internet service,No internet service,No internet service,Two year,Yes,Bank transfer (automatic),19.55,470.2,Medium,1,0,0,0,Low,0,0,0.01941711684502897,0,0.0,Low,Low,1.94,0,Low
2926-JEJJC,Female,0,No,No,8,Yes,No,No,No internet service,No internet service,No internet service,No internet service,No internet service,No internet service,One year,Yes,Bank transfer (automatic),20.2,140.95,New,1,0,0,0,Low,0,0,0.10369393167076006,0,0.07666666666666666,Low,Low,10.37,0,Low
1169-WCVAK,Male,0,Yes,No,19,Yes,Yes,Fiber optic,Yes,Yes,No,Yes,No,No,Month-to-month,Yes,Credit card (automatic),88.8,1672.35,Medium,5,1,1,1,High,0,0,0.2705737110329333,0,0.20666666666666667,Low,Low,27.06,0,Low
1217-VASWC,Male,1,Yes,No,43,Yes,No,Fiber optic,No,Yes,Yes,No,Yes,Yes,One year,Yes,Bank transfer (automatic),100.55,4304.0,Long-term,5,0,0,0,Very High,0,0,0.24828456721934533,0,0.20333333333333334,Low,Low,24.83,0,Low
2452-KDRRH,Male,1,No,No,67,Yes,Yes,Fiber optic,No,No,Yes,No,Yes,Yes,Month-to-month,Yes,Credit card (automatic),101.4,6841.05,Very Long-term,5,0,0,1,Very High,0,0,0.42823212256430027,0,0.4666666666666667,Medium,Medium,42.82,0,Medium
6402-EJMWF,Male,0,No,No,4,Yes,No,DSL,No,No,No,No,No,Yes,Month-to-month,Yes,Mailed check,55.3,238.5,New,2,0,0,1,Medium,0,0,0.48846443660331773,0,0.39,Medium,Medium,48.85,0,Medium
7663-CUXZB,Male,0,Yes,No,59,Yes,Yes,Fiber optic,Yes,Yes,Yes,Yes,Yes,Yes,Two year,No,Electronic check,113.75,6561.25,Very Long-term,8,1,1,0,Very High,0,0,0.0805628093283154,0,0.14,Low,Low,8.06,0,Low
4312-KFRXN,Male,0,Yes,No,72,Yes,Yes,No,No internet service,No internet service,No internet service,No internet service,No internet service,No internet service,Two year,No,Mailed check,25.4,1710.9,Very Long-term,2,0,0,0,Low,0,0,0.005899095045361111,0,0.0,Low,Low,0.59,0,Low
3011-WQKSZ,Male,0,No,Yes,19,Yes,No,No,No internet service,No internet service,No internet service,No internet service,No internet service,No internet service,Month-to-month,Yes,Electronic check,20.0,377.55,Medium,1,0,0,1,Low,0,0,0.1125417992623794,0,0.4808987178234483,Medium,Low,11.25,0,Low
9747-DDZOS,Female,0,No,No,1,Yes,No,Fiber optic,No,No,Yes,No,No,No,Month-to-month,No,Bank transfer (automatic),73.5,73.5,New,2,0,0,1,High,1,1,0.5636707257654976,1,0.5957714368285049,Medium,Medium,56.37,1,Medium
2091-MJTFX,Female,0,Yes,Yes,30,No,No phone service,DSL,No,No,No,Yes,Yes,Yes,Month-to-month,No,Credit card (automatic),51.2,1561.5,Long-term,3,1,0,1,Medium,1,0,0.19392304474090252,0,0.1,Low,Low,19.39,0,Low
0388-EOPEX,Female,0,Yes,No,2,Yes,No,Fiber optic,Yes,No,No,No,No,No,Month-to-month,Yes,Electronic check,74.4,139.4,New,2,0,1,1,High,1,1,0.6424612559024002,1,0.64,High,High,64.25,1,High
3161-ONRWK,Male,0,Yes,Yes,60,Yes,No,DSL,Yes,Yes,Yes,Yes,No,No,One year,Yes,Bank transfer (automatic),65.85,3928.3,Very Long-term,5,1,1,0,Medium,0,0,0.017426487385991212,0,0.02,Low,Low,1.74,0,Low
2587-EKXTS,Male,0,No,No,44,Yes,Yes,Fiber optic,Yes,Yes,Yes,No,Yes,Yes,Month-to-month,Yes,Electronic check,111.5,4915.15,Long-term,7,0,1,1,Very High,0,0,0.42343758802881226,0,0.22333333333333333,Low,Medium,42.34,0,Medium
9752-ZNQUT,Female,0,No,No,1,Yes,No,DSL,No,Yes,No,No,No,No,Month-to-month,Yes,Electronic check,48.6,48.6,New,2,0,0,1,Medium,0,0,0.49923336467826523,0,0.38,Medium,Medium,49.92,0,Medium
9572-WUKSB,Male,0,Yes,No,3,No,No phone service,DSL,No,No,No,Yes,No,No,Month-to-month,Yes,Electronic check,29.9,92.25,New,1,1,0,1,Low,0,1,0.5353982537154344,0,0.28,Low,Medium,53.54,1,Medium
3836-FZSDJ,Male,1,Yes,No,71,Yes,Yes,No,No internet service,No internet service,No internet service,No internet service,No internet service,No internet service,Two year,No,Bank transfer (automatic),24.85,1901.0,Very Long-term,2,0,0,0,Low,0,0,0.006963719899598326,0,0.0033333333333333335,Low,Low,0.7,0,Low
8805-JNRAZ,Female,0,No,No,2,Yes,No,DSL,No,Yes,No,No,No,No,Month-to-month,No,Mailed check,49.2,103.7,New,2,0,0,1,Medium,0,0,0.32280852267473564,0,0.26,Low,Medium,32.28,0,Medium
3069-SSVSN,Female,0,No,No,1,No,No phone service,DSL,No,No,No,No,No,No,One year,No,Mailed check,25.85,25.85,New,0,0,0,0,Low,0,0,0.28642679247942376,0,0.4166666666666667,Medium,Low,28.64,0,Low
8015-IHCGW,Female,0,Yes,Yes,72,Yes,Yes,Fiber optic,Yes,Yes,Yes,Yes,Yes,Yes,Two year,Yes,Electronic check,115.5,8425.15,Very Long-term,8,1,1,0,Very High,0,0,0.057887579317387715,0,0.0,Low,Low,5.79,0,Low
8132-YPVBX,Female,0,No,No,6,Yes,No,Fiber optic,No,Yes,No,No,No,Yes,Month-to-month,Yes,Mailed check,85.95,514.6,New,3,0,0,1,High,0,1,0.6250676161045547,1,0.5733333333333334,Medium,High,62.51,1,High
0235-KGSLC,Female,0,No,No,1,Yes,No,Fiber optic,No,No,Yes,No,Yes,No,Month-to-month,Yes,Credit card (automatic),85.55,85.55,New,3,0,0,1,High,1,1,0.6894951539061513,1,0.7533333333333333,High,High,68.95,1,High
1302-UHBDD,Male,1,No,No,20,Yes,No,Fiber optic,No,No,No,No,Yes,Yes,Month-to-month,No,Electronic check,89.95,1648.45,Medium,3,0,0,1,High,0,1,0.5350417606123526,0,0.37666666666666665,Medium,Medium,53.5,1,Medium
3722-WPXTK,Male,0,No,No,1,Yes,No,Fiber optic,No,No,No,No,Yes,Yes,Month-to-month,Yes,Electronic check,88.35,88.35,New,3,0,0,1,High,1,1,0.8165036642797957,1,0.8166666666666667,High,High,81.65,1,High
7531-GQHME,Male,0,No,No,12,Yes,No,No,No internet service,No internet service,No internet service,No internet service,No internet service,No internet service,Month-to-month,No,Credit card (automatic),20.05,265.45,New,1,0,0,1,Low,0,0,0.12335601179481802,0,0.08333333333333333,Low,Low,12.34,0,Low
1335-NTIUC,Male,0,No,No,9,No,No phone service,DSL,No,No,No,No,No,No,Month-to-month,Yes,Electronic check,24.95,190.25,New,0,0,0,1,Low,0,1,0.5503230428820571,1,0.5466666666666666,Medium,Medium,55.03,1,Medium
9367-TCUYN,Female,0,No,No,12,Yes,No,No,No internet service,No internet service,No internet service,No internet service,No internet service,No internet service,Month-to-month,No,Mailed check,20.1,223.6,New,1,0,0,1,Low,0,0,0.12903763533281337,0,0.09666666666666666,Low,Low,12.9,0,Low
1536-HBSWP,Female,0,No,No,1,Yes,No,DSL,No,No,No,Yes,No,No,Month-to-month,Yes,Electronic check,49.9,49.9,New,2,1,0,1,Medium,0,0,0.4483975347570224,0,0.47333333333333333,Medium,Medium,44.84,0,Medium
8573-JGCZW,Male,0,No,No,17,Yes,No,No,No internet service,No internet service,No internet service,No internet service,No internet service,No internet service,One year,Yes,Bank transfer (automatic),19.65,351.55,Medium,1,0,0,0,Low,0,0,0.053947111236294476,0,0.013333333333333334,Low,Low,5.39,0,Low
2694-CIUMO,Female,0,No,No,12,Yes,Yes,Fiber optic,No,No,No,Yes,No,No,Month-to-month,Yes,Credit card (automatic),79.55,958.25,New,3,1,0,1,High,0,1,0.5370322650108442,1,0.5333333333333333,Medium,Medium,53.7,1,Medium
2027-FECZV,Male,0,No,No,12,Yes,Yes,Fiber optic,No,Yes,Yes,No,Yes,Yes,Month-to-month,Yes,Electronic check,106.7,1253.9,New,6,0,0,1,Very High,1,1,0.8042033608177698,1,0.59,Medium,High,80.42,1,High
9103-TCIHJ,Female,0,No,No,15,Yes,Yes,DSL,Yes,No,No,No,No,No,Month-to-month,Yes,Mailed check,55.7,899.8,Medium,3,0,1,1,Medium,1,0,0.23493460100337912,0,0.23333333333333334,Low,Low,23.49,0,Low
1545-JFUML,Male,0,Yes,No,71,Yes,Yes,Fiber optic,Yes,Yes,Yes,No,Yes,No,Two year,Yes,Electronic check,99.0,6994.6,Very Long-term,6,0,1,0,High,0,0,0.06165388782537752,0,0.03333333333333333,Low,Low,6.17,0,Low
0524-IAVZO,Female,0,Yes,No,30,Yes,Yes,Fiber optic,No,No,No,No,No,Yes,Month-to-month,Yes,Electronic check,85.0,2624.25,Long-term,3,0,0,1,High,1,1,0.582893615042258,0,0.4866666666666667,Medium,Medium,58.29,1,Medium
5519-TEEUH,Male,0,No,Yes,33,Yes,No,No,No internet service,No internet service,No internet service,No internet service,No internet service,No internet service,One year,Yes,Mailed check,20.15,682.15,Long-term,1,0,0,0,Low,0,0,0.029931621117489683,0,0.006666666666666667,Low,Low,2.99,0,Low
6654-QGBZZ,Female,0,No,No,1,Yes,No,No,No internet service,No internet service,No internet service,No internet service,No internet service,No internet service,Month-to-month,No,Mailed check,19.9,19.9,New,1,0,0,1,Low,0,0,0.19298157131410762,1,0.5027487658333124,Medium,Low,19.3,0,Low
2294-DMMUS,Female,0,Yes,Yes,62,Yes,Yes,DSL,No,No,No,No,Yes,Yes,Month-to-month,Yes,Credit card (automatic),70.45,4300.45,Very Long-term,4,0,0,1,High,0,0,0.1576209087336479,0,0.10666666666666667,Low,Low,15.76,0,Low
0017-IUDMW,Female,0,Yes,Yes,72,Yes,Yes,Fiber optic,Yes,Yes,Yes,Yes,Yes,Yes,Two year,Yes,Credit card (automatic),116.8,8456.75,Very Long-term,8,1,1,0,Very High,0,0,0.039304192412708244,0,0.0,Low,Low,3.93,0,Low
5018-LXQQG,Female,0,Yes,Yes,30,Yes,No,DSL,Yes,No,No,Yes,No,Yes,Month-to-month,No,Bank transfer (automatic),66.3,1923.5,Long-term,4,1,1,1,Medium,0,0,0.06825986477593324,0,0.04,Low,Low,6.83,0,Low
5808-TOTXO,Female,0,No,Yes,3,Yes,No,No,No internet service,No internet service,No internet service,No internet service,No internet service,No internet service,One year,Yes,Credit card (automatic),20.55,57.4,New,1,0,0,0,Low,0,0,0.10188752882352,0,0.07,Low,Low,10.19,0,Low
1174-FGIFN,Female,0,Yes,Yes,28,Yes,Yes,Fiber optic,No,No,No,Yes,No,Yes,One year,Yes,Electronic check,90.45,2509.25,Long-term,4,1,0,0,High,0,0,0.28929576284224395,0,0.24,Low,Low,28.93,0,Low
0730-KOAVE,Male,0,No,No,30,Yes,Yes,Fiber optic,Yes,Yes,No,No,No,Yes,Month-to-month,Yes,Credit card (automatic),94.3,2679.7,Long-term,5,0,1,1,High,0,0,0.3447893753445932,1,0.5266666666666666,Medium,Medium,34.48,0,Medium
1218-VKFPE,Female,0,Yes,Yes,12,Yes,No,No,No internet service,No internet service,No internet service,No internet service,No internet service,No internet service,Month-to-month,No,Mailed check,19.0,233.55,New,1,0,0,1,Low,1,0,0.11307329812064831,0,0.05,Low,Low,11.31,0,Low
5313-FPXWG,Male,0,No,No,51,Yes,Yes,No,No internet service,No internet service,No internet service,No internet service,No internet service,No internet service,One year,Yes,Bank transfer (automatic),24.6,1266.4,Very Long-term,2,0,0,0,Low,0,0,0.039775390378708045,0,0.06,Low,Low,3.98,0,Low
2834-JKOOW,Female,0,No,No,15,No,No phone service,DSL,Yes,Yes,Yes,Yes,No,No,One year,No,Mailed check,45.9,693.45,Medium,4,1,1,0,Medium,0,0,0.06850856341280227,0,0.06,Low,Low,6.85,0,Low
9430-NKQLY,Male,0,Yes,Yes,72,Yes,Yes,No,No internet service,No internet service,No internet service,No internet service,No internet service,No internet service,Two year,Yes,Credit card (automatic),25.1,1790.8,Very Long-term,2,0,0,0,Low,0,0,0.006535184227224497,0,0.016666666666666666,Low,Low,0.65,0,Low
0363-QJVFX,Male,0,No,No,32,Yes,Yes,Fiber optic,Yes,Yes,No,Yes,Yes,Yes,Month-to-month,Yes,Credit card (automatic),108.15,3432.9,Long-term,7,1,1,1,Very High,1,0,0.37451255563319713,0,0.17,Low,Medium,37.45,0,Medium
1658-TJVOA,Female,1,No,No,6,Yes,No,Fiber optic,Yes,No,No,No,No,No,Month-to-month,Yes,Electronic check,74.1,450.9,New,2,0,1,1,High,0,1,0.6340373161327231,1,0.6066666666666667,High,High,63.4,1,High
6685-GBWJZ,Male,0,Yes,No,63,Yes,No,DSL,Yes,Yes,No,Yes,Yes,No,One year,No,Credit card (automatic),70.8,4448.8,Very Long-term,5,1,1,0,High,0,0,0.016188871438394457,0,0.02666666666666667,Low,Low,1.62,0,Low
6328-ZPBGN,Female,1,No,No,11,Yes,Yes,Fiber optic,No,No,No,No,Yes,Yes,Month-to-month,Yes,Bank transfer (automatic),95.15,997.65,New,4,0,0,1,High,1,1,0.7626285586050008,1,0.9133333333333333,High,High,76.26,1,High
4003-FUSHP,Male,0,No,No,19,Yes,No,DSL,No,No,No,Yes,Yes,No,Month-to-month,Yes,Credit card (automatic),61.55,1093.2,Medium,3,1,0,1,Medium,0,0,0.18779106633807416,0,0.38666666666666666,Medium,Low,18.78,0,Low
7690-KPNCU,Male,0,Yes,Yes,64,Yes,No,DSL,Yes,No,Yes,No,Yes,Yes,One year,Yes,Credit card (automatic),73.05,4688.65,Very Long-term,5,0,1,0,High,0,0,0.03990461859358953,0,0.14666666666666667,Low,Low,3.99,0,Low
2969-WGHQO,Female,0,Yes,Yes,7,Yes,No,DSL,Yes,Yes,Yes,No,Yes,No,One year,No,Electronic check,69.45,477.05,New,5,0,1,0,Medium,0,0,0.14721825347940895,0,0.17,Low,Low,14.72,0,Low
1855-CFULU,Female,1,No,No,4,Yes,No,No,No internet service,No internet service,No internet service,No internet service,No internet service,No internet service,Month-to-month,No,Mailed check,20.05,91.45,New,1,0,0,1,Low,0,0,0.19645539009034954,0,0.17333333333333334,Low,Low,19.65,0,Low
9788-YTFGE,Male,0,No,No,7,Yes,No,No,No internet service,No internet service,No internet service,No internet service,No internet service,No internet service,Month-to-month,Yes,Mailed check,19.95,147.5,New,1,0,0,1,Low,0,0,0.2144707796271043,0,0.05,Low,Low,21.45,0,Low
8266-VBFQL,Male,0,No,No,4,Yes,No,Fiber optic,No,No,Yes,Yes,No,Yes,Month-to-month,Yes,Electronic check,90.4,356.65,New,4,1,0,1,High,0,1,0.6738358506599831,1,0.6533333333333333,High,High,67.38,1,High
2325-NBPZG,Female,0,No,No,3,Yes,No,Fiber optic,Yes,No,No,No,No,No,Month-to-month,Yes,Electronic check,74.55,233.65,New,2,0,1,1,High,0,1,0.6241677711491447,1,0.6666666666666666,High,High,62.42,1,High
9906-NHHVC,Female,1,No,No,65,No,No phone service,DSL,No,Yes,Yes,No,Yes,Yes,Two year,Yes,Bank transfer (automatic),53.5,3517.9,Very Long-term,4,0,0,0,Medium,0,0,0.054683543676726606,0,0.11333333333333333,Low,Low,5.47,0,Low
2541-YGPKE,Male,0,Yes,Yes,42,Yes,No,DSL,Yes,No,No,Yes,No,Yes,One year,No,Credit card (automatic),63.7,2763.35,Long-term,4,1,1,0,Medium,0,0,0.02216872020599801,0,0.13333333333333333,Low,Low,2.22,0,Low
5049-MUBWG,Male,0,No,No,26,Yes,No,DSL,Yes,No,No,Yes,Yes,Yes,One year,No,Bank transfer (automatic),75.0,1908.35,Long-term,5,1,1,0,High,0,0,0.05866872753861708,0,0.05,Low,Low,5.87,0,Low
2332-TODQS,Female,0,No,No,48,Yes,Yes,No,No internet service,No internet service,No internet service,No internet service,No internet service,No internet service,One year,No,Credit card (automatic),25.05,1171.5,Long-term,2,0,0,0,Low,0,0,0.017302343454502704,0,0.03,Low,Low,1.73,0,Low
4419-UJMUS,Male,0,Yes,Yes,69,Yes,Yes,Fiber optic,No,No,No,Yes,Yes,Yes,Two year,Yes,Electronic check,99.35,6856.45,Very Long-term,5,1,0,0,High,0,0,0.08518345618159304,0,0.08333333333333333,Low,Low,8.52,0,Low
2233-TXSIU,Male,0,Yes,Yes,17,No,No phone service,DSL,Yes,No,Yes,No,Yes,No,One year,No,Credit card (automatic),44.45,792.15,Medium,3,0,1,0,Medium,0,0,0.10643682988790157,0,0.1,Low,Low,10.64,0,Low
6770-XUAGN,Female,0,Yes,Yes,1,Yes,No,No,No internet service,No internet service,No internet service,No internet service,No internet service,No internet service,Month-to-month,Yes,Electronic check,21.0,21.0,New,1,0,0,1,Low,1,0,0.28095580671863685,0,0.36423205115678164,Medium,Low,28.1,0,Low
2919-HBCJO,Female,0,No,No,4,Yes,No,Fiber optic,No,Yes,No,No,No,No,Month-to-month,Yes,Bank transfer (automatic),76.65,333.6,New,2,0,0,1,High,1,1,0.5736101808711527,1,0.5266666666666666,Medium,Medium,57.36,1,Medium
9508-ILZDG,Female,1,No,No,34,Yes,Yes,Fiber optic,No,Yes,No,Yes,Yes,No,Month-to-month,Yes,Electronic check,96.35,3190.25,Long-term,5,1,0,1,High,0,0,0.4362591563817526,1,0.6166666666666667,High,Medium,43.63,0,Medium
5442-BHQNG,Female,0,No,No,2,Yes,No,Fiber optic,No,No,No,No,No,No,Month-to-month,No,Electronic check,70.35,139.25,New,1,0,0,1,High,0,1,0.63825729004318,1,0.75,High,High,63.83,1,High
7250-EQKIY,Female,0,Yes,Yes,1,Yes,No,DSL,No,No,Yes,No,No,No,Month-to-month,No,Mailed check,50.45,50.45,New,2,0,0,1,Medium,1,0,0.3224393341608771,1,0.7166666666666667,High,Medium,32.24,0,Medium
6838-HVLXG,Female,0,No,No,12,Yes,No,No,No internet service,No internet service,No internet service,No internet service,No internet service,No internet service,Month-to-month,No,Mailed check,20.3,246.7,New,1,0,0,1,Low,0,0,0.12874539577469044,0,0.02666666666666667,Low,Low,12.87,0,Low
9767-FFLEM,Male,0,No,No,38,Yes,No,Fiber optic,No,No,No,No,No,No,Month-to-month,Yes,Credit card (automatic),69.5,2625.25,Long-term,1,0,0,1,Medium,0,0,0.28404591904509285,0,0.35,Medium,Low,28.4,0,Low
2245-ADZFJ,Female,0,Yes,Yes,31,Yes,Yes,DSL,No,Yes,No,Yes,Yes,Yes,Two year,No,Bank transfer (automatic),80.55,2471.6,Long-term,6,1,0,0,High,0,0,0.03405613382684976,0,0.023333333333333334,Low,Low,3.41,0,Low
1150-WFARN,Female,0,Yes,Yes,67,Yes,Yes,Fiber optic,Yes,No,Yes,Yes,Yes,Yes,Two year,Yes,Credit card (automatic),108.75,7156.2,Very Long-term,7,1,1,0,Very High,1,0,0.05675187674336791,0,0.08,Low,Low,5.68,0,Low
9054-FOWNV,Male,0,Yes,Yes,22,Yes,Yes,Fiber optic,No,No,Yes,No,Yes,No,Month-to-month,Yes,Electronic check,88.75,1885.15,Medium,4,0,0,1,High,0,1,0.5529665219705711,1,0.5766666666666667,Medium,Medium,55.3,1,Medium
7997-EASSD,Female,0,Yes,No,63,Yes,Yes,Fiber optic,No,No,No,Yes,No,No,One year,Yes,Credit card (automatic),81.2,4965.1,Very Long-term,3,1,0,0,High,0,0,0.10362086456093521,0,0.016666666666666666,Low,Low,10.36,0,Low
7560-QJAVJ,Female,0,No,No,70,Yes,No,DSL,Yes,No,Yes,Yes,Yes,Yes,Two year,No,Bank transfer (automatic),79.6,5589.45,Very Long-term,6,1,1,0,High,0,0,0.008822011316806466,0,0.006666666666666667,Low,Low,0.88,0,Low
2668-TZSPS,Male,0,No,No,1,Yes,No,No,No internet service,No internet service,No internet service,No internet service,No internet service,No internet service,Month-to-month,No,Mailed check,20.45,20.45,New,1,0,0,1,Low,0,0,0.19400698335903205,0,0.19,Low,Low,19.4,0,Low
9139-WQQDY,Female,0,Yes,Yes,49,Yes,Yes,Fiber optic,No,Yes,No,No,Yes,Yes,One year,No,Mailed check,100.45,4941.8,Very Long-term,5,0,0,0,Very High,1,0,0.24564354843490613,0,0.20333333333333334,Low,Low,24.56,0,Low
6726-NNFWD,Female,1,Yes,No,71,Yes,No,Fiber optic,No,Yes,Yes,No,No,Yes,Two year,No,Credit card (automatic),89.45,6435.25,Very Long-term,4,0,0,0,High,0,0,0.035573101663967065,0,0.08,Low,Low,3.56,0,Low
9330-DHBFL,Female,0,Yes,Yes,23,Yes,No,DSL,Yes,Yes,Yes,Yes,No,No,One year,Yes,Mailed check,66.25,1533.8,Medium,5,1,1,0,Medium,0,0,0.03524378407750664,0,0.016666666666666666,Low,Low,3.52,0,Low
5727-MYATE,Male,0,Yes,Yes,72,Yes,Yes,DSL,Yes,Yes,Yes,Yes,Yes,Yes,Two year,Yes,Credit card (automatic),90.8,6397.6,Very Long-term,8,1,1,0,High,0,0,0.011655822341878282,0,0.0,Low,Low,1.17,0,Low
2824-DXNKN,Female,0,Yes,Yes,72,Yes,Yes,DSL,Yes,No,Yes,No,Yes,No,Two year,Yes,Bank transfer (automatic),71.45,5025.85,Very Long-term,5,0,1,0,High,0,0,0.01450759833195829,0,0.03,Low,Low,1.45,0,Low
6166-ILMNY,Female,0,No,No,2,Yes,No,Fiber optic,No,No,No,No,No,No,Month-to-month,No,Bank transfer (automatic),69.75,144.55,New,1,0,0,1,Medium,1,1,0.563896776715357,1,0.691054403665127,High,Medium,56.39,1,Medium
5236-XMZJY,Female,0,No,No,42,Yes,No,DSL,Yes,Yes,Yes,No,No,No,Month-to-month,No,Bank transfer (automatic),59.65,2536.55,Long-term,4,0,1,1,Medium,0,0,0.048465473400853366,0,0.12333333333333334,Low,Low,4.85,0,Low
1709-EJDOX,Female,0,Yes,Yes,47,Yes,No,No,No internet service,No internet service,No internet service,No internet service,No internet service,No internet service,Two year,No,Mailed check,19.75,948.9,Long-term,1,0,0,0,Low,0,0,0.005660417285779642,0,0.0,Low,Low,0.57,0,Low
4962-CHQPW,Male,0,No,Yes,29,Yes,No,No,No internet service,No internet service,No internet service,No internet service,No internet service,No internet service,One year,No,Mailed check,19.85,535.05,Long-term,1,0,0,0,Low,0,0,0.024642291669283375,0,0.0,Low,Low,2.46,0,Low
0301-FIDRB,Female,0,Yes,Yes,72,No,No phone service,DSL,Yes,Yes,Yes,Yes,Yes,Yes,Two year,Yes,Bank transfer (automatic),63.8,4684.3,Very Long-term,6,1,1,0,Medium,0,0,0.014859073950269716,0,0.0,Low,Low,1.49,0,Low
1820-TQVEV,Male,0,No,No,1,Yes,No,Fiber optic,No,No,No,No,No,No,Month-to-month,Yes,Electronic check,69.55,69.55,New,1,0,0,1,Medium,1,1,0.7418860204738004,1,0.9933333333333333,High,High,74.19,1,High
9115-YQHGA,Male,0,No,No,40,Yes,No,DSL,No,No,No,Yes,No,No,Month-to-month,Yes,Electronic check,51.1,2092.9,Long-term,2,1,0,1,Medium,0,0,0.12680340732063317,0,0.06666666666666667,Low,Low,12.68,0,Low
1541-ETJZO,Male,0,No,No,1,Yes,Yes,DSL,No,No,Yes,Yes,No,No,Month-to-month,No,Mailed check,62.05,62.05,New,4,1,0,1,Medium,1,0,0.3509871750167546,0,0.37666666666666665,Medium,Medium,35.1,0,Medium
6230-BSUXY,Female,1,No,No,1,Yes,No,Fiber optic,No,No,Yes,No,No,Yes,Month-to-month,Yes,Electronic check,85.0,85.0,New,3,0,0,1,High,1,1,0.793272190918375,1,0.9233333333333333,High,High,79.33,1,High
6797-LNAQX,Male,0,Yes,Yes,70,Yes,Yes,Fiber optic,No,Yes,No,No,Yes,Yes,Two year,No,Bank transfer (automatic),98.3,6859.5,Very Long-term,5,0,0,0,High,1,0,0.04943812289733124,0,0.03333333333333333,Low,Low,4.94,0,Low
9588-YRFHY,Male,0,No,No,49,Yes,No,No,No internet service,No internet service,No internet service,No internet service,No internet service,No internet service,Two year,Yes,Credit card (automatic),19.9,1022.6,Very Long-term,1,0,0,0,Low,0,0,0.014755252797232185,0,0.03,Low,Low,1.48,0,Low
1092-GANHU,Male,0,No,No,17,Yes,No,Fiber optic,No,No,Yes,No,No,No,Month-to-month,Yes,Electronic check,76.65,1313.55,Medium,2,0,0,1,High,1,0,0.49075843801908753,0,0.31666666666666665,Medium,Medium,49.08,0,Medium
5951-AOFIH,Male,0,No,No,33,Yes,No,DSL,No,Yes,Yes,No,Yes,No,Month-to-month,Yes,Credit card (automatic),66.4,2245.4,Long-term,4,0,0,1,Medium,0,0,0.1652094044732866,0,0.16333333333333333,Low,Low,16.52,0,Low
7029-RPUAV,Male,1,Yes,No,17,Yes,Yes,Fiber optic,No,No,Yes,No,Yes,Yes,Month-to-month,Yes,Credit card (automatic),100.45,1622.45,Medium,5,0,0,1,Very High,1,1,0.7057194925718336,1,0.58,Medium,High,70.57,1,High
4700-UBQMV,Male,0,Yes,Yes,21,Yes,Yes,DSL,Yes,No,No,No,Yes,Yes,One year,Yes,Bank transfer (automatic),75.9,1549.75,Medium,5,0,1,0,High,0,0,0.1248674161262401,0,0.08666666666666667,Low,Low,12.49,0,Low
3594-UVONA,Female,0,No,No,35,Yes,Yes,DSL,Yes,No,Yes,Yes,Yes,Yes,One year,Yes,Credit card (automatic),85.95,3110.1,Long-term,7,1,1,0,High,1,0,0.07697018565787238,0,0.07333333333333333,Low,Low,7.7,0,Low
7750-EYXWZ,Female,0,No,No,12,No,No phone service,DSL,No,Yes,Yes,Yes,Yes,Yes,One year,No,Electronic check,60.65,743.3,New,5,1,0,0,Medium,0,0,0.27999631025743255,0,0.15666666666666668,Low,Low,28.0,0,Low
7054-ENNGU,Female,0,Yes,No,9,Yes,No,DSL,No,Yes,No,No,No,No,Month-to-month,No,Mailed check,50.85,466.6,New,2,0,0,1,Medium,0,0,0.2640445708648963,0,0.09333333333333334,Low,Low,26.4,0,Low
0402-OAMEN,Female,0,Yes,Yes,72,Yes,Yes,No,No internet service,No internet service,No internet service,No internet service,No internet service,No internet service,Two year,No,Bank transfer (automatic),24.45,1709.1,Very Long-term,2,0,0,0,Low,0,0,0.004550827165392794,0,0.0,Low,Low,0.46,0,Low
2195-VVRJF,Male,1,Yes,No,18,Yes,No,DSL,Yes,No,No,No,No,Yes,Month-to-month,Yes,Credit card (automatic),59.1,1011.05,Medium,3,0,1,1,Medium,0,0,0.22438065616095879,0,0.25,Low,Low,22.44,0,Low
8819-ZBYNA,Female,0,Yes,No,58,Yes,Yes,Fiber optic,Yes,Yes,No,Yes,Yes,Yes,Two year,Yes,Credit card (automatic),109.1,6393.65,Very Long-term,7,1,1,0,Very High,0,0,0.08257273097224506,0,0.21666666666666667,Low,Low,8.26,0,Low
7748-UMTRK,Female,1,No,Yes,30,Yes,Yes,Fiber optic,No,No,No,Yes,Yes,Yes,Month-to-month,Yes,Electronic check,101.3,2974.5,Long-term,5,1,0,1,Very High,0,1,0.5958539036535764,1,0.5733333333333334,Medium,Medium,59.59,1,Medium
1741-WTPON,Male,0,Yes,Yes,56,Yes,Yes,Fiber optic,Yes,Yes,Yes,Yes,Yes,Yes,Two year,No,Mailed check,115.85,6567.9,Very Long-term,8,1,1,0,Very High,0,0,0.054009967900764,0,0.10666666666666667,Low,Low,5.4,0,Low
7209-JCUDS,Male,0,No,No,10,Yes,No,Fiber optic,No,No,Yes,No,Yes,Yes,Month-to-month,Yes,Electronic check,94.9,1048.85,New,4,0,0,1,High,1,1,0.7491885451773048,1,0.5633333333333334,Medium,High,74.92,1,High
2485-ITVKB,Female,0,Yes,No,2,No,No phone service,DSL,No,No,No,No,No,Yes,Month-to-month,Yes,Electronic check,35.1,68.75,New,1,0,0,1,Medium,1,1,0.7223250654272456,1,0.81,High,High,72.23,1,High
9648-BCHKM,Female,0,Yes,Yes,18,Yes,Yes,No,No internet service,No internet service,No internet service,No internet service,No internet service,No internet service,Two year,Yes,Credit card (automatic),24.65,471.35,Medium,2,0,0,0,Low,0,0,0.028643195960576517,0,0.023333333333333334,Low,Low,2.86,0,Low
0743-HRVFF,Female,0,Yes,Yes,51,No,No phone service,DSL,No,No,Yes,Yes,Yes,Yes,One year,Yes,Electronic check,56.15,2898.95,Very Long-term,4,1,0,0,Medium,0,0,0.1518513845907078,0,0.14,Low,Low,15.19,0,Low
2522-AHJXR,Male,0,Yes,No,60,Yes,Yes,Fiber optic,Yes,No,Yes,Yes,Yes,Yes,Month-to-month,Yes,Bank transfer (automatic),109.45,6572.85,Very Long-term,7,1,1,1,Very High,0,0,0.30509136691831085,0,0.17666666666666667,Low,Medium,30.51,0,Medium
9143-CANJF,Female,0,Yes,Yes,24,Yes,No,DSL,Yes,No,No,Yes,No,No,Month-to-month,No,Electronic check,55.15,1319.85,Medium,3,1,1,1,Medium,0,0,0.07839172843709387,0,0.25666666666666665,Low,Low,7.84,0,Low
1444-VVSGW,Male,0,Yes,No,70,Yes,Yes,Fiber optic,Yes,Yes,Yes,Yes,Yes,Yes,One year,No,Credit card (automatic),115.65,7968.85,Very Long-term,8,1,1,0,Very High,1,0,0.07438358027469118,0,0.25333333333333335,Low,Low,7.44,0,Low
6898-MDLZW,Male,0,No,No,12,Yes,No,DSL,No,Yes,No,Yes,No,No,Month-to-month,Yes,Mailed check,53.75,648.65,New,3,1,0,1,Medium,0,0,0.2479904682791238,0,0.23,Low,Low,24.8,0,Low
0074-HDKDG,Male,0,Yes,Yes,25,Yes,No,DSL,Yes,Yes,Yes,No,No,No,One year,Yes,Bank transfer (automatic),61.6,1611.0,Long-term,4,0,1,0,Medium,0,0,0.05537028561661947,0,0.05,Low,Low,5.54,0,Low
3982-JGSFD,Male,0,No,No,36,Yes,No,No,No internet service,No internet service,No internet service,No internet service,No internet service,No internet service,One year,Yes,Credit card (automatic),20.35,695.85,Long-term,1,0,0,0,Low,0,0,0.029970747985106547,0,0.0,Low,Low,3.0,0,Low
7928-VJYAB,Male,0,Yes,Yes,11,Yes,No,Fiber optic,No,No,No,No,Yes,Yes,Month-to-month,No,Electronic check,90.6,1020.2,New,3,0,0,1,High,0,1,0.6255515524790551,1,0.51,Medium,High,62.56,1,High
1522-VVDMG,Male,0,Yes,Yes,7,Yes,No,Fiber optic,No,Yes,No,Yes,Yes,No,Month-to-month,Yes,Electronic check,89.75,608.8,New,4,1,0,1,High,1,1,0.5729901898579587,1,0.7,High,Medium,57.3,1,Medium
2665-NPTGL,Female,1,Yes,No,26,Yes,Yes,Fiber optic,No,No,Yes,No,Yes,Yes,Month-to-month,Yes,Bank transfer (automatic),98.1,2510.7,Long-term,5,0,0,1,High,0,1,0.630454078997183,1,0.7166666666666667,High,High,63.05,1,High
8728-SKJLR,Male,0,No,No,41,Yes,No,Fiber optic,No,No,No,Yes,No,No,Month-to-month,Yes,Electronic check,74.25,3089.1,Long-term,2,1,0,1,High,0,0,0.26095826714619885,1,0.5266666666666666,Medium,Low,26.1,0,Low
7733-UDMTP,Female,1,No,No,57,No,No phone service,DSL,No,Yes,Yes,No,Yes,Yes,Month-to-month,Yes,Electronic check,55.0,3094.05,Very Long-term,4,0,0,1,Medium,0,0,0.33007172923791994,0,0.48333333333333334,Medium,Medium,33.01,0,Medium
0431-APWVY,Female,0,Yes,Yes,28,Yes,No,Fiber optic,No,No,No,No,Yes,Yes,One year,Yes,Bank transfer (automatic),90.1,2598.95,Long-term,3,0,0,0,High,1,0,0.27043905436754684,0,0.26666666666666666,Low,Low,27.04,0,Low
5081-NWSUP,Female,0,No,No,10,Yes,No,DSL,No,Yes,No,Yes,No,Yes,One year,No,Mailed check,64.9,685.55,New,4,1,0,0,Medium,0,0,0.12499810019929913,0,0.14666666666666667,Low,Low,12.5,0,Low
2746-DIJLO,Female,0,No,No,41,Yes,Yes,DSL,No,Yes,No,No,No,No,One year,Yes,Credit card (automatic),56.3,2364.0,Long-term,3,0,0,0,Medium,0,0,0.06938256519356095,0,0.04666666666666667,Low,Low,6.94,0,Low
7277-OZCGZ,Female,0,No,No,22,Yes,No,Fiber optic,Yes,No,No,Yes,No,Yes,Month-to-month,Yes,Electronic check,89.05,1886.25,Medium,4,1,1,1,High,0,0,0.3296612494487832,0,0.32666666666666666,Medium,Medium,32.97,0,Medium
5236-PERKL,Female,0,No,No,57,Yes,Yes,Fiber optic,Yes,Yes,Yes,No,Yes,Yes,Two year,Yes,Bank transfer (automatic),112.95,6465.0,Very Long-term,7,0,1,0,Very High,1,0,0.10718090568660706,0,0.33,Medium,Low,10.72,0,Low
2788-CJQAQ,Male,0,No,No,13,Yes,No,No,No internet service,No internet service,No internet service,No internet service,No internet service,No internet service,One year,No,Mailed check,19.45,270.2,Medium,1,0,0,0,Low,0,0,0.046987588407751406,0,0.0,Low,Low,4.7,0,Low
3096-WPXBT,Female,0,Yes,Yes,61,Yes,Yes,Fiber optic,Yes,Yes,Yes,No,No,Yes,One year,Yes,Credit card (automatic),100.7,6018.65,Very Long-term,6,0,1,0,Very High,0,0,0.12375600984529868,0,0.18666666666666668,Low,Low,12.38,0,Low
9962-BFPDU,Female,0,Yes,Yes,1,Yes,No,No,No internet service,No internet service,No internet service,No internet service,No internet service,No internet service,Month-to-month,No,Mailed check,20.05,20.05,New,1,0,0,1,Low,0,0,0.1671311029579218,1,0.6376082194912536,High,Low,16.71,0,Low
2892-GESUL,Female,0,Yes,Yes,18,Yes,No,No,No internet service,No internet service,No internet service,No internet service,No internet service,No internet service,Two year,No,Mailed check,19.35,309.25,Medium,1,0,0,0,Low,0,0,0.015428911048017552,0,0.0033333333333333335,Low,Low,1.54,0,Low
9741-YLNTD,Male,0,No,No,6,Yes,Yes,Fiber optic,No,No,No,Yes,No,Yes,Month-to-month,Yes,Bank transfer (automatic),87.95,522.35,New,4,1,0,1,High,0,1,0.6644875732256837,1,0.6366666666666667,High,High,66.45,1,High
1205-WNWPJ,Female,0,No,No,7,Yes,No,DSL,No,No,No,Yes,Yes,No,Month-to-month,Yes,Mailed check,59.5,415.95,New,3,1,0,1,Medium,1,0,0.3710440563009156,0,0.17,Low,Medium,37.1,0,Medium
3173-NVMPX,Female,0,Yes,Yes,9,Yes,Yes,DSL,No,Yes,No,No,No,No,Month-to-month,Yes,Mailed check,55.3,501.2,New,3,0,0,1,Medium,0,0,0.37269816198907796,0,0.17333333333333334,Low,Medium,37.27,0,Medium
9661-MHUMO,Male,1,Yes,Yes,1,Yes,No,DSL,No,No,No,Yes,No,No,Month-to-month,Yes,Credit card (automatic),49.25,49.25,New,2,1,0,1,Medium,1,0,0.35921111170843667,0,0.3466666666666667,Medium,Medium,35.92,0,Medium
6000-APYLU,Male,0,No,No,9,Yes,No,Fiber optic,No,No,No,No,No,Yes,Month-to-month,Yes,Electronic check,80.8,713.1,New,2,0,0,1,High,1,1,0.710971302330204,1,0.5133333333333333,Medium,High,71.1,1,High
0048-PIHNL,Female,0,Yes,No,49,Yes,No,No,No internet service,No internet service,No internet service,No internet service,No internet service,No internet service,One year,No,Bank transfer (automatic),20.45,900.9,Very Long-term,1,0,0,0,Low,0,0,0.021573348105549107,0,0.08,Low,Low,2.16,0,Low
9420-LOJKX,Female,0,No,No,15,Yes,No,Fiber optic,Yes,Yes,No,No,Yes,Yes,Month-to-month,Yes,Credit card (automatic),99.1,1426.4,Medium,5,0,1,1,High,1,0,0.4000590418477005,1,0.52,Medium,Medium,40.01,0,Medium
7061-OVMIM,Female,0,Yes,Yes,30,Yes,No,No,No internet service,No internet service,No internet service,No internet service,No internet service,No internet service,One year,No,Bank transfer (automatic),19.55,608.5,Long-term,1,0,0,0,Low,0,0,0.02308059104381715,0,0.04,Low,Low,2.31,0,Low
5671-RQRLP,Female,1,Yes,No,70,Yes,Yes,Fiber optic,No,No,No,No,No,No,Two year,Yes,Credit card (automatic),75.65,5411.4,Very Long-term,2,0,0,0,High,0,0,0.06545041005030122,0,0.08,Low,Low,6.55,0,Low
5129-JLPIS,Male,0,No,No,25,Yes,No,Fiber optic,Yes,No,Yes,Yes,Yes,Yes,Month-to-month,Yes,Electronic check,105.5,2686.05,Long-term,6,1,1,1,Very High,0,0,0.4795048999718764,0,0.43333333333333335,Medium,Medium,47.95,0,Medium
5170-PTRKA,Female,0,Yes,Yes,49,No,No phone service,DSL,Yes,No,No,Yes,No,No,One year,Yes,Credit card (automatic),35.8,1782.0,Very Long-term,2,1,1,0,Medium,0,0,0.05159969005113105,0,0.02666666666666667,Low,Low,5.16,0,Low
4819-HJPIW,Male,0,No,No,18,No,No phone service,DSL,No,No,No,No,No,No,Month-to-month,No,Mailed check,25.15,476.8,Medium,0,0,0,1,Low,0,0,0.22825818548838375,0,0.06333333333333334,Low,Low,22.83,0,Low
8780-RSYYU,Female,0,No,No,25,Yes,No,No,No internet service,No internet service,No internet service,No internet service,No internet service,No internet service,Month-to-month,Yes,Credit card (automatic),19.2,532.1,Long-term,1,0,0,1,Low,0,0,0.09486889526948084,0,0.013333333333333334,Low,Low,9.49,0,Low
2335-GSODA,Male,0,No,Yes,23,No,No phone service,DSL,Yes,No,Yes,Yes,No,No,Two year,No,Mailed check,40.1,857.75,Medium,3,1,1,0,Medium,0,0,0.02434315514368619,0,0.02,Low,Low,2.43,0,Low
5696-CEIQJ,Male,0,Yes,Yes,67,Yes,No,Fiber optic,No,Yes,Yes,Yes,Yes,Yes,Two year,No,Bank transfer (automatic),103.15,6895.5,Very Long-term,6,1,0,0,Very High,0,0,0.037490262563489904,0,0.043333333333333335,Low,Low,3.75,0,Low
6169-PPETC,Male,0,Yes,Yes,35,Yes,No,No,No internet service,No internet service,No internet service,No internet service,No internet service,No internet service,Two year,No,Bank transfer (automatic),20.5,759.35,Long-term,1,0,0,0,Low,0,0,0.00902450285266076,0,0.0,Low,Low,0.9,0,Low
4237-RLAQD,Male,0,No,No,1,Yes,No,DSL,No,No,No,No,No,No,Month-to-month,Yes,Mailed check,45.85,45.85,New,1,0,0,1,Medium,1,0,0.4597043411631725,1,0.78,High,Medium,45.97,0,Medium
7359-WWYJV,Male,0,Yes,No,72,Yes,Yes,Fiber optic,Yes,Yes,Yes,Yes,Yes,Yes,Two year,No,Credit card (automatic),114.45,8375.05,Very Long-term,8,1,1,0,Very High,0,0,0.03549112624006042,0,0.0,Low,Low,3.55,0,Low
8620-RJPZN,Female,0,No,No,1,Yes,No,No,No internet service,No internet service,No internet service,No internet service,No internet service,No internet service,Month-to-month,No,Electronic check,20.7,20.7,New,1,0,0,1,Low,0,0,0.24311203918633525,0,0.19245738970782555,Low,Low,24.31,0,Low
7426-WEIJX,Male,1,Yes,Yes,60,Yes,Yes,Fiber optic,Yes,No,No,No,No,No,Month-to-month,Yes,Electronic check,80.95,4859.1,Very Long-term,3,0,1,1,High,0,0,0.2696958329287811,0,0.27,Low,Low,26.97,0,Low
7629-WIXZF,Female,0,No,No,7,Yes,No,DSL,Yes,No,No,No,No,Yes,One year,Yes,Electronic check,59.1,369.25,New,3,0,1,0,Medium,0,0,0.2679144650899869,0,0.30333333333333334,Medium,Low,26.79,0,Low
2616-FLVQC,Male,0,No,No,64,Yes,No,No,No internet service,No internet service,No internet service,No internet service,No internet service,No internet service,Two year,No,Mailed check,19.55,1240.15,Very Long-term,1,0,0,0,Low,0,0,0.00578123570778902,0,0.04666666666666667,Low,Low,0.58,0,Low
9163-GHAYE,Female,0,No,No,15,Yes,No,DSL,No,Yes,No,No,No,No,Month-to-month,No,Electronic check,48.85,736.8,Medium,2,0,0,1,Medium,0,0,0.21222571937838358,0,0.20666666666666667,Low,Low,21.22,0,Low
4464-JCOLN,Male,0,Yes,Yes,2,Yes,No,No,No internet service,No internet service,No internet service,No internet service,No internet service,No internet service,One year,No,Mailed check,19.85,35.9,New,1,0,0,0,Low,1,0,0.08569944452858289,0,0.006666666666666667,Low,Low,8.57,0,Low
2971-SGAFL,Female,0,No,No,13,Yes,Yes,DSL,Yes,No,Yes,No,Yes,Yes,Month-to-month,Yes,Electronic check,78.75,995.35,Medium,6,0,1,1,High,0,0,0.4132696140812932,0,0.25,Low,Medium,41.33,0,Medium
4735-ASGMA,Male,0,No,No,26,Yes,Yes,Fiber optic,No,No,Yes,No,Yes,Yes,Month-to-month,Yes,Electronic check,98.35,2515.3,Long-term,5,0,0,1,High,1,1,0.6725011194784499,1,0.6966666666666667,High,High,67.25,1,High
5245-VDBUR,Female,0,Yes,No,52,No,No phone service,DSL,Yes,No,Yes,No,No,No,One year,No,Mailed check,35.45,1958.95,Very Long-term,2,0,1,0,Medium,0,0,0.0580438833805982,0,0.03333333333333333,Low,Low,5.8,0,Low
1493-AMTIE,Male,0,No,No,1,Yes,No,No,No internet service,No internet service,No internet service,No internet service,No internet service,No internet service,Month-to-month,Yes,Bank transfer (automatic),20.2,20.2,New,1,0,0,1,Low,1,0,0.25017781599000116,0,0.44333333333333336,Medium,Low,25.02,0,Low
1112-CUNAO,Female,1,No,No,15,Yes,Yes,Fiber optic,No,Yes,No,No,No,Yes,Month-to-month,No,Electronic check,89.85,1424.95,Medium,4,0,0,1,High,1,1,0.5632119049325813,0,0.49,Medium,Medium,56.32,1,Medium
7571-YXDAD,Female,0,No,No,2,Yes,Yes,Fiber optic,No,No,No,No,No,No,Month-to-month,No,Credit card (automatic),74.9,147.15,New,2,0,0,1,High,1,1,0.6273579418868426,1,0.751938914373919,High,High,62.74,1,High
8714-EUHJO,Female,0,Yes,Yes,31,Yes,Yes,Fiber optic,No,Yes,No,No,No,Yes,Month-to-month,Yes,Electronic check,91.15,2995.45,Long-term,4,0,0,1,High,1,0,0.475132944696637,0,0.42333333333333334,Medium,Medium,47.51,0,Medium
9040-KZVWO,Male,0,No,No,26,Yes,No,Fiber optic,No,Yes,No,No,No,No,One year,No,Bank transfer (automatic),75.5,2018.1,Long-term,2,0,0,0,High,0,0,0.14657217910147408,0,0.08333333333333333,Low,Low,14.66,0,Low
6713-OKOMC,Female,0,No,No,10,No,No phone service,DSL,Yes,No,No,No,No,No,Month-to-month,No,Mailed check,29.75,301.9,New,1,0,1,1,Low,0,0,0.27970575547625925,0,0.12333333333333334,Low,Low,27.97,0,Low
8749-CLJXC,Male,0,No,No,1,Yes,No,No,No internet service,No internet service,No internet service,No internet service,No internet service,No internet service,Month-to-month,No,Mailed check,20.05,20.05,New,1,0,0,1,Low,0,0,0.1952348665393642,0,0.06763340181911724,Low,Low,19.52,0,Low
4713-LZDRV,Female,1,No,No,2,Yes,No,Fiber optic,No,No,No,No,No,Yes,Month-to-month,Yes,Electronic check,79.6,195.05,New,2,0,0,1,High,1,1,0.792469838835129,1,0.8533333333333334,High,High,79.25,1,High
6598-RFFVI,Male,0,No,No,2,Yes,No,No,No internet service,No internet service,No internet service,No internet service,No internet service,No internet service,One year,No,Credit card (automatic),19.3,28.3,New,1,0,0,0,Low,1,0,0.0947649125559561,0,0.04,Low,Low,9.48,0,Low
7470-MCQTK,Female,0,Yes,No,13,No,No phone service,DSL,No,No,Yes,No,Yes,Yes,Month-to-month,Yes,Bank transfer (automatic),48.75,633.4,Medium,3,0,0,1,Medium,1,1,0.504227575853746,0,0.4266666666666667,Medium,Medium,50.42,1,Medium
5524-KHNJP,Male,0,Yes,Yes,33,Yes,No,DSL,Yes,No,Yes,No,Yes,Yes,One year,No,Credit card (automatic),74.75,2453.3,Long-term,5,0,1,0,High,0,0,0.0517538336546774,0,0.10333333333333333,Low,Low,5.18,0,Low
1707-HABPF,Female,1,No,No,46,Yes,No,Fiber optic,No,Yes,Yes,No,Yes,No,One year,Yes,Bank transfer (automatic),91.3,4126.35,Long-term,4,0,0,0,High,0,0,0.13836004276829478,0,0.16333333333333333,Low,Low,13.84,0,Low
4581-LNWUM,Female,0,No,No,13,No,No phone service,DSL,No,No,Yes,No,Yes,Yes,Month-to-month,No,Electronic check,49.15,649.4,Medium,3,0,0,1,Medium,0,0,0.49051538916183507,0,0.4766666666666667,Medium,Medium,49.05,0,Medium
9710-ZUSHQ,Female,1,No,No,37,Yes,Yes,Fiber optic,Yes,Yes,No,No,Yes,Yes,Month-to-month,Yes,Bank transfer (automatic),106.75,4056.75,Long-term,6,0,1,1,Very High,1,0,0.436567975213131,0,0.3233333333333333,Medium,Medium,43.66,0,Medium
1697-LYYYX,Female,0,Yes,Yes,61,Yes,No,No,No internet service,No internet service,No internet service,No internet service,No internet service,No internet service,One year,No,Credit card (automatic),19.1,1143.8,Very Long-term,1,0,0,0,Low,0,0,0.010625460114939589,0,0.03666666666666667,Low,Low,1.06,0,Low
4013-GUXND,Male,0,No,No,1,Yes,No,No,No internet service,No internet service,No internet service,No internet service,No internet service,No internet service,Month-to-month,No,Mailed check,20.8,20.8,New,1,0,0,1,Low,0,0,0.1929374030434352,1,0.6113153502592223,High,Low,19.29,0,Low
5022-JNQEQ,Female,0,Yes,Yes,9,Yes,No,Fiber optic,No,No,No,Yes,No,No,Month-to-month,Yes,Electronic check,75.85,647.5,New,2,1,0,1,High,0,1,0.530340423268389,1,0.63,High,Medium,53.03,1,Medium
4983-CCWMC,Male,0,No,No,3,Yes,No,Fiber optic,No,No,No,No,No,No,Month-to-month,Yes,Mailed check,69.6,207.4,New,1,0,0,1,Medium,0,1,0.6600553400042558,1,0.5266666666666666,Medium,High,66.01,1,High
6345-FZOQH,Male,0,Yes,No,69,Yes,No,No,No internet service,No internet service,No internet service,No internet service,No internet service,No internet service,Two year,No,Mailed check,19.9,1363.45,Very Long-term,1,0,0,0,Low,0,0,0.004814695468088993,0,0.0,Low,Low,0.48,0,Low
0962-CQPWQ,Female,0,Yes,Yes,62,Yes,No,No,No internet service,No internet service,No internet service,No internet service,No internet service,No internet service,Two year,No,Bank transfer (automatic),20.3,1296.15,Very Long-term,1,0,0,0,Low,0,0,0.004904023060758978,0,0.0,Low,Low,0.49,0,Low
5495-GPSRW,Male,0,No,No,20,Yes,No,No,No internet service,No internet service,No internet service,No internet service,No internet service,No internet service,Two year,Yes,Mailed check,19.7,419.4,Medium,1,0,0,0,Low,0,0,0.024579145779444537,0,0.006666666666666667,Low,Low,2.46,0,Low
2252-JHJGE,Male,0,No,No,61,Yes,Yes,Fiber optic,Yes,No,Yes,No,Yes,Yes,One year,No,Electronic check,104.0,6363.45,Very Long-term,6,0,1,0,Very High,0,0,0.2142043907757187,0,0.24666666666666667,Low,Low,21.42,0,Low
7356-AYNJP,Female,0,No,No,4,Yes,Yes,No,No internet service,No internet service,No internet service,No internet service,No internet service,No internet service,One year,No,Electronic check,23.9,97.5,New,2,0,0,0,Low,0,0,0.16232919183754574,0,0.01,Low,Low,16.23,0,Low
2019-HDCZY,Male,0,Yes,No,63,Yes,Yes,Fiber optic,No,No,Yes,No,Yes,Yes,Two year,No,Electronic check,102.6,6296.75,Very Long-term,5,0,0,0,Very High,0,0,0.14759528148685158,0,0.12333333333333334,Low,Low,14.76,0,Low
8582-KRHPJ,Male,0,No,No,50,No,No phone service,DSL,Yes,Yes,No,No,No,No,Month-to-month,Yes,Mailed check,35.0,1782.4,Very Long-term,2,0,1,1,Low,0,0,0.12255630316734833,0,0.09333333333333334,Low,Low,12.26,0,Low
2867-UIMSS,Male,0,No,No,1,Yes,No,Fiber optic,No,No,No,No,No,Yes,Month-to-month,No,Electronic check,80.5,80.5,New,2,0,0,1,High,1,1,0.7004136178094671,1,0.94,High,High,70.04,1,High
3487-EARAT,Female,0,Yes,Yes,70,Yes,No,DSL,Yes,Yes,Yes,Yes,No,Yes,One year,No,Credit card (automatic),74.1,5222.3,Very Long-term,6,1,1,0,High,0,0,0.010037903495127742,0,0.15333333333333332,Low,Low,1.0,0,Low
9926-PJHDQ,Female,0,Yes,Yes,72,Yes,Yes,DSL,No,No,Yes,No,Yes,Yes,Two year,Yes,Bank transfer (automatic),76.8,5468.45,Very Long-term,5,0,0,0,High,0,0,0.027597275378826655,0,0.1,Low,Low,2.76,0,Low
0289-IVARM,Female,0,No,No,35,Yes,No,DSL,Yes,Yes,Yes,No,No,No,Month-to-month,No,Electronic check,60.55,1982.6,Long-term,4,0,1,1,Medium,0,0,0.08676903158335786,0,0.10666666666666667,Low,Low,8.68,0,Low
4672-FOTSD,Male,0,No,No,12,Yes,Yes,DSL,Yes,Yes,No,Yes,No,No,Month-to-month,Yes,Electronic check,67.25,832.3,New,5,1,1,1,Medium,0,0,0.2805484076195252,0,0.24666666666666667,Low,Low,28.05,0,Low
6198-PNNSZ,Female,0,Yes,No,56,Yes,Yes,Fiber optic,Yes,Yes,Yes,No,Yes,Yes,One year,No,Bank transfer (automatic),109.8,6109.65,Very Long-term,7,0,1,0,Very High,0,0,0.16357673320883856,0,0.18666666666666668,Low,Low,16.36,0,Low
7603-USHJS,Male,0,No,Yes,12,Yes,Yes,Fiber optic,No,No,No,No,No,No,Month-to-month,Yes,Credit card (automatic),73.75,871.4,New,2,0,0,1,High,1,1,0.5805263067776795,0,0.24333333333333335,Low,Medium,58.05,1,Medium
6784-XYJAE,Female,0,No,No,36,Yes,Yes,DSL,No,No,Yes,No,No,No,One year,No,Electronic check,55.8,1941.5,Long-term,3,0,0,0,Medium,0,0,0.09738130898457777,0,0.06,Low,Low,9.74,0,Low
3858-XHYJO,Female,0,Yes,No,40,Yes,Yes,Fiber optic,Yes,No,Yes,No,Yes,Yes,One year,No,Bank transfer (automatic),105.75,4228.55,Long-term,6,0,1,0,Very High,0,0,0.19243548625512247,0,0.17666666666666667,Low,Low,19.24,0,Low
1087-UDSIH,Female,0,No,No,3,Yes,No,No,No internet service,No internet service,No internet service,No internet service,No internet service,No internet service,Month-to-month,Yes,Mailed check,19.6,59.75,New,1,0,0,1,Low,1,0,0.2429126316083243,0,0.13333333333333333,Low,Low,24.29,0,Low
7251-LJBQN,Female,1,No,No,40,Yes,Yes,Fiber optic,No,No,Yes,Yes,Yes,Yes,One year,Yes,Credit card (automatic),103.75,4188.4,Long-term,6,1,0,0,Very High,0,0,0.2947952644191197,0,0.17,Low,Low,29.48,0,Low
3200-MNQTF,Male,0,Yes,No,67,Yes,Yes,DSL,Yes,Yes,Yes,Yes,No,No,Two year,No,Credit card (automatic),70.9,4677.1,Very Long-term,6,1,1,0,High,0,0,0.0071218219034063415,0,0.03333333333333333,Low,Low,0.71,0,Low
9359-UGBTK,Female,0,No,No,67,Yes,No,DSL,Yes,No,Yes,Yes,No,Yes,One year,Yes,Bank transfer (automatic),72.35,4991.5,Very Long-term,5,1,1,0,High,0,0,0.02209331479165311,0,0.1,Low,Low,2.21,0,Low
8160-HOWOX,Female,0,No,No,7,Yes,No,DSL,No,No,No,No,Yes,Yes,Month-to-month,Yes,Electronic check,66.85,458.1,New,3,0,0,1,Medium,0,1,0.5801392229005827,0,0.21333333333333335,Low,Medium,58.01,1,Medium
0258-NOKBL,Male,0,No,No,3,Yes,No,Fiber optic,No,Yes,Yes,No,No,Yes,Month-to-month,No,Electronic check,90.4,268.45,New,4,0,0,1,High,0,1,0.638560684518231,0,0.47333333333333333,Medium,High,63.86,1,High
2800-QQUSO,Male,0,No,No,42,Yes,Yes,Fiber optic,No,No,No,Yes,Yes,Yes,Month-to-month,Yes,Electronic check,100.3,4222.95,Long-term,5,1,0,1,Very High,0,1,0.5054653671696603,1,0.6,High,Medium,50.55,1,Medium
2129-ALKBS,Female,0,Yes,Yes,40,Yes,Yes,No,No internet service,No internet service,No internet service,No internet service,No internet service,No internet service,Month-to-month,Yes,Electronic check,26.2,1077.5,Long-term,2,0,0,1,Low,0,0,0.08396716427048362,0,0.034232051156781636,Low,Low,8.4,0,Low
9972-VAFJJ,Female,1,Yes,No,53,Yes,No,Fiber optic,No,Yes,Yes,Yes,Yes,No,One year,Yes,Electronic check,94.0,4871.45,Very Long-term,5,1,0,0,High,0,0,0.19070522925315153,0,0.09333333333333334,Low,Low,19.07,0,Low
4693-VWVBO,Female,0,No,No,3,Yes,No,No,No internet service,No internet service,No internet service,No internet service,No internet service,No internet service,Month-to-month,No,Electronic check,19.55,61.05,New,1,0,0,1,Low,0,0,0.23160961597263743,0,0.48423205115678164,Medium,Low,23.16,0,Low
6969-MVBAI,Female,1,No,No,9,Yes,Yes,Fiber optic,No,No,Yes,No,Yes,No,Month-to-month,Yes,Electronic check,90.1,816.8,New,4,0,0,1,High,0,1,0.7954642768477925,1,0.73,High,High,79.55,1,High
4821-WQOYN,Female,0,Yes,Yes,72,Yes,No,No,No internet service,No internet service,No internet service,No internet service,No internet service,No internet service,Two year,Yes,Credit card (automatic),20.1,1326.25,Very Long-term,1,0,0,0,Low,0,0,0.0045196997279699875,0,0.006666666666666667,Low,Low,0.45,0,Low
6769-DYBQN,Male,1,No,No,46,Yes,No,Fiber optic,Yes,No,No,No,No,Yes,Month-to-month,No,Electronic check,85.0,3969.4,Long-term,3,0,1,1,High,1,0,0.21848620694890544,0,0.45666666666666667,Medium,Low,21.85,0,Low
4018-PPNDW,Female,0,Yes,Yes,61,Yes,Yes,No,No internet service,No internet service,No internet service,No internet service,No internet service,No internet service,Two year,Yes,Mailed check,24.1,1551.6,Very Long-term,2,0,0,0,Low,0,0,0.011243435530625059,0,0.01,Low,Low,1.12,0,Low
6288-CHQJB,Female,0,Yes,Yes,54,Yes,No,DSL,Yes,No,Yes,Yes,No,Yes,Two year,No,Bank transfer (automatic),69.95,3871.85,Very Long-term,5,1,1,0,Medium,0,0,0.011228239755323981,0,0.01,Low,Low,1.12,0,Low
4905-JEFDW,Male,0,No,No,11,No,No phone service,DSL,No,No,Yes,No,Yes,No,One year,Yes,Electronic check,41.6,470.6,New,2,0,0,0,Medium,1,0,0.44225518101138733,0,0.36,Medium,Medium,44.23,0,Medium
0559-CKHUS,Female,0,Yes,No,29,Yes,No,No,No internet service,No internet service,No internet service,No internet service,No internet service,No internet service,Two year,Yes,Mailed check,19.55,521.8,Long-term,1,0,0,0,Low,0,0,0.021681318864013234,0,0.016666666666666666,Low,Low,2.17,0,Low
2659-VXMWZ,Male,0,Yes,Yes,67,Yes,Yes,Fiber optic,Yes,Yes,Yes,No,Yes,Yes,One year,Yes,Electronic check,111.3,7482.1,Very Long-term,7,0,1,0,Very High,1,0,0.17894031728530543,0,0.11666666666666667,Low,Low,17.89,0,Low
6559-RAKOZ,Male,0,Yes,Yes,49,Yes,Yes,Fiber optic,No,No,No,Yes,Yes,Yes,One year,Yes,Electronic check,97.95,4917.9,Very Long-term,5,1,0,0,High,0,0,0.3028908268412739,0,0.25,Low,Medium,30.29,0,Medium
8809-XKHMD,Male,0,Yes,No,72,Yes,Yes,Fiber optic,Yes,Yes,No,Yes,No,Yes,Two year,Yes,Bank transfer (automatic),100.55,7325.1,Very Long-term,6,1,1,0,Very High,0,0,0.039476248700808375,0,0.01,Low,Low,3.95,0,Low
6365-HITVU,Female,0,Yes,Yes,71,Yes,No,DSL,Yes,Yes,Yes,Yes,Yes,Yes,Two year,No,Credit card (automatic),87.25,6328.7,Very Long-term,7,1,1,0,High,0,0,0.005784296780647096,0,0.0,Low,Low,0.58,0,Low
0134-XWXCE,Female,1,No,No,44,Yes,No,DSL,No,No,Yes,Yes,Yes,Yes,One year,No,Bank transfer (automatic),74.85,3268.05,Long-term,5,1,0,0,High,0,0,0.04890822153657096,0,0.12333333333333334,Low,Low,4.89,0,Low
9720-JJJOR,Male,0,Yes,Yes,41,Yes,No,DSL,Yes,Yes,Yes,No,No,No,One year,Yes,Bank transfer (automatic),60.3,2511.3,Long-term,4,0,1,0,Medium,0,0,0.03026016534808083,0,0.07666666666666666,Low,Low,3.03,0,Low
2782-LFZVW,Female,0,No,No,11,Yes,Yes,DSL,No,No,No,No,No,Yes,Month-to-month,Yes,Mailed check,58.95,601.6,New,3,0,0,1,Medium,0,1,0.5002621483435099,0,0.16666666666666666,Low,Medium,50.03,1,Medium
6112-KTHFQ,Female,0,No,No,13,Yes,No,No,No internet service,No internet service,No internet service,No internet service,No internet service,No internet service,Month-to-month,Yes,Mailed check,19.3,279.3,Medium,1,0,0,1,Low,0,0,0.12895844357431213,0,0.12,Low,Low,12.9,0,Low
9220-ZNKJI,Female,1,Yes,No,55,Yes,No,Fiber optic,No,No,Yes,Yes,Yes,No,Two year,No,Credit card (automatic),88.8,4805.3,Very Long-term,4,1,0,0,High,0,0,0.05461634709444852,0,0.03666666666666667,Low,Low,5.46,0,Low
9820-RMCQV,Female,0,No,No,11,Yes,No,DSL,Yes,No,No,No,No,No,Month-to-month,No,Credit card (automatic),48.55,501.0,New,2,0,1,1,Medium,1,0,0.19654157358213895,0,0.20666666666666667,Low,Low,19.65,0,Low
9013-AQORL,Female,0,No,Yes,48,No,No phone service,DSL,No,Yes,Yes,No,No,Yes,Month-to-month,No,Credit card (automatic),45.55,2108.35,Long-term,3,0,0,1,Medium,0,0,0.09221582688152993,0,0.24666666666666667,Low,Low,9.22,0,Low
2040-OBMLJ,Male,0,No,No,31,Yes,Yes,Fiber optic,No,No,No,Yes,No,No,One year,No,Credit card (automatic),81.7,2548.65,Long-term,3,1,0,0,High,0,0,0.1361698976150131,0,0.08666666666666667,Low,Low,13.62,0,Low
5574-NXZIU,Male,0,No,No,63,Yes,No,Fiber optic,Yes,Yes,Yes,Yes,Yes,Yes,Two year,No,Credit card (automatic),109.2,7049.75,Very Long-term,7,1,1,0,Very High,0,0,0.034249624626503855,0,0.22666666666666666,Low,Low,3.42,0,Low
5446-DKWYW,Female,1,Yes,Yes,61,Yes,Yes,DSL,No,No,Yes,No,Yes,No,One year,Yes,Electronic check,65.2,3965.05,Very Long-term,4,0,0,0,Medium,0,0,0.11308816015261737,0,0.07333333333333333,Low,Low,11.31,0,Low
0480-KYJVA,Female,0,Yes,Yes,72,Yes,Yes,No,No internet service,No internet service,No internet service,No internet service,No internet service,No internet service,Two year,No,Credit card (automatic),24.25,1784.5,Very Long-term,2,0,0,0,Low,0,0,0.004499598471467859,0,0.0,Low,Low,0.45,0,Low
1074-AMIOH,Female,0,Yes,Yes,53,Yes,No,Fiber optic,No,Yes,Yes,Yes,Yes,Yes,Month-to-month,Yes,Bank transfer (automatic),108.25,5935.1,Very Long-term,6,1,0,1,Very High,0,0,0.27970048804596404,0,0.21333333333333335,Low,Low,27.97,0,Low
0015-UOCOJ,Female,1,No,No,7,Yes,No,DSL,Yes,No,No,No,No,No,Month-to-month,Yes,Electronic check,48.2,340.35,New,2,0,1,1,Medium,0,0,0.4200489576997507,0,0.4666666666666667,Medium,Medium,42.0,0,Medium
0256-LTHVJ,Female,0,Yes,Yes,28,Yes,No,Fiber optic,No,No,No,No,No,Yes,Month-to-month,Yes,Electronic check,81.05,2227.1,Long-term,2,0,0,1,High,1,0,0.46095311275256196,0,0.39,Medium,Medium,46.1,0,Medium
4547-LYTDD,Female,0,No,No,16,Yes,Yes,Fiber optic,No,No,No,No,No,No,Month-to-month,No,Electronic check,72.65,1194.3,Medium,2,0,0,1,High,1,1,0.5098339154894168,0,0.3233333333333333,Medium,Medium,50.98,1,Medium
1077-HUUJM,Female,0,No,Yes,7,Yes,No,Fiber optic,No,No,No,No,No,No,Month-to-month,Yes,Electronic check,71.05,472.65,New,1,0,0,1,High,0,1,0.6264165755661542,1,0.5866666666666667,Medium,High,62.64,1,High
2041-JIJCI,Female,0,No,No,5,Yes,Yes,DSL,No,Yes,No,No,No,Yes,Month-to-month,Yes,Electronic check,64.0,370.25,New,4,0,0,1,Medium,0,1,0.594744365441267,0,0.31333333333333335,Medium,Medium,59.47,1,Medium
1555-HAPSU,Female,0,Yes,Yes,71,Yes,Yes,No,No internet service,No internet service,No internet service,No internet service,No internet service,No internet service,Two year,No,Credit card (automatic),23.9,1663.5,Very Long-term,2,0,0,0,Low,0,0,0.004701793133901025,0,0.0,Low,Low,0.47,0,Low
4323-SADQS,Male,0,Yes,Yes,7,No,No phone service,DSL,Yes,No,No,Yes,No,No,Month-to-month,Yes,Electronic check,34.5,279.25,New,2,1,1,1,Low,1,0,0.34578757493792167,0,0.2833333333333333,Low,Medium,34.58,0,Medium
3292-PBZEJ,Male,1,No,No,11,Yes,Yes,Fiber optic,No,Yes,Yes,Yes,Yes,Yes,Month-to-month,Yes,Electronic check,111.4,1183.05,New,7,1,0,1,Very High,0,1,0.7780981098051379,1,0.65,High,High,77.81,1,High
6203-HBZPA,Male,0,No,No,52,No,No phone service,DSL,Yes,Yes,Yes,Yes,Yes,Yes,Two year,No,Credit card (automatic),63.9,3334.95,Very Long-term,6,1,1,0,Medium,0,0,0.026775092898326948,0,0.0033333333333333335,Low,Low,2.68,0,Low
9755-JHNMN,Female,0,No,No,49,Yes,No,DSL,Yes,Yes,Yes,Yes,No,No,Two year,No,Bank transfer (automatic),67.4,3306.85,Very Long-term,5,1,1,0,Medium,0,0,0.010246644388433975,0,0.016666666666666666,Low,Low,1.02,0,Low
7369-TRPFD,Male,0,No,No,19,Yes,No,No,No internet service,No internet service,No internet service,No internet service,No internet service,No internet service,One year,No,Mailed check,18.8,279.2,Medium,1,0,0,0,Low,0,0,0.03690424300820215,0,0.006666666666666667,Low,Low,3.69,0,Low
9878-TNQGW,Male,0,No,No,2,Yes,No,Fiber optic,No,No,No,No,No,Yes,Month-to-month,Yes,Electronic check,80.95,171.15,New,2,0,0,1,High,1,1,0.764165579240323,1,0.7766666666666666,High,High,76.42,1,High
2279-AXJJK,Male,0,Yes,No,52,Yes,Yes,Fiber optic,No,Yes,No,Yes,No,Yes,Month-to-month,Yes,Credit card (automatic),95.65,5088.4,Very Long-term,5,1,0,1,High,0,0,0.299475864996217,0,0.19,Low,Low,29.95,0,Low
5016-IBERQ,Male,0,Yes,No,23,Yes,Yes,Fiber optic,No,Yes,Yes,No,No,No,Month-to-month,No,Electronic check,84.25,1968.1,Medium,4,0,0,1,High,0,0,0.3995469428137987,0,0.4033333333333333,Medium,Medium,39.95,0,Medium
1016-DJTSV,Male,1,No,No,8,Yes,No,Fiber optic,No,No,No,No,No,No,Month-to-month,Yes,Electronic check,69.7,572.85,New,1,0,0,1,Medium,0,1,0.7162251268809261,1,0.6733333333333333,High,High,71.62,1,High
8433-WPJTV,Female,1,Yes,Yes,65,Yes,Yes,Fiber optic,No,No,Yes,Yes,Yes,Yes,One year,Yes,Bank transfer (automatic),103.9,6767.1,Very Long-term,6,1,0,0,Very High,0,0,0.19420212154740724,0,0.19666666666666666,Low,Low,19.42,0,Low
8903-XEBGX,Male,0,No,Yes,2,Yes,No,DSL,No,No,No,No,No,Yes,Month-to-month,Yes,Electronic check,55.3,108.65,New,2,0,0,1,Medium,0,1,0.5339852487389664,1,0.6733333333333333,High,Medium,53.4,1,Medium
2632-TACXW,Female,0,Yes,No,62,Yes,Yes,No,No internet service,No internet service,No internet service,No internet service,No internet service,No internet service,Two year,No,Bank transfer (automatic),23.65,1416.75,Very Long-term,2,0,0,0,Low,0,0,0.008686656432354363,0,0.0,Low,Low,0.87,0,Low
7952-OBOYL,Male,0,No,No,3,Yes,No,Fiber optic,No,No,Yes,Yes,Yes,No,Month-to-month,Yes,Mailed check,89.85,244.45,New,4,1,0,1,High,0,1,0.6139345395525613,1,0.8933333333333333,High,High,61.39,1,High
1470-PSXNM,Male,0,Yes,Yes,49,Yes,Yes,Fiber optic,No,Yes,Yes,No,Yes,No,One year,Yes,Electronic check,93.65,4520.15,Very Long-term,5,0,0,0,High,0,0,0.28031508387028226,0,0.22,Low,Low,28.03,0,Low
6227-HWPWX,Female,0,No,Yes,15,Yes,No,Fiber optic,No,No,No,No,No,No,Month-to-month,No,Bank transfer (automatic),69.0,994.8,Medium,1,0,0,1,Medium,1,0,0.30714250402518495,0,0.22,Low,Medium,30.71,0,Medium
5924-SNGKP,Female,0,No,Yes,41,Yes,No,No,No internet service,No internet service,No internet service,No internet service,No internet service,No internet service,One year,Yes,Credit card (automatic),20.25,865.0,Long-term,1,0,0,0,Low,0,0,0.019582479858854238,0,0.0033333333333333335,Low,Low,1.96,0,Low
8818-DOPVL,Female,1,No,No,46,Yes,Yes,Fiber optic,No,Yes,Yes,No,Yes,Yes,Month-to-month,Yes,Electronic check,104.45,4863.85,Long-term,6,0,0,1,Very High,0,1,0.5469141392825166,0,0.28,Low,Medium,54.69,1,Medium
4521-WFJAI,Male,0,No,No,56,Yes,Yes,No,No internet service,No internet service,No internet service,No internet service,No internet service,No internet service,Two year,Yes,Bank transfer (automatic),25.95,1444.05,Very Long-term,2,0,0,0,Low,0,0,0.01535387831733458,0,0.09333333333333334,Low,Low,1.54,0,Low
4724-WXVWF,Male,0,No,No,48,Yes,Yes,Fiber optic,Yes,No,No,Yes,No,Yes,Month-to-month,Yes,Electronic check,95.4,4445.3,Long-term,5,1,1,1,High,0,0,0.2397503869027231,0,0.36333333333333334,Medium,Low,23.98,0,Low
3717-OEAUQ,Male,0,No,No,2,Yes,No,Fiber optic,No,No,No,No,No,No,Month-to-month,No,Mailed check,70.7,129.2,New,1,0,0,1,High,0,1,0.5663495846175346,1,0.6507114323378348,High,Medium,56.63,1,Medium
8165-ZJRNM,Female,0,Yes,Yes,72,Yes,Yes,No,No internet service,No internet service,No internet service,No internet service,No internet service,No internet service,Two year,No,Bank transfer (automatic),23.75,1679.25,Very Long-term,2,0,0,0,Low,0,0,0.004605679590008405,0,0.0,Low,Low,0.46,0,Low
7838-LAZFO,Male,0,Yes,No,45,Yes,No,DSL,Yes,Yes,Yes,No,Yes,Yes,One year,No,Bank transfer (automatic),78.8,3597.5,Long-term,6,0,1,0,High,0,0,0.035408829519924544,0,0.09333333333333334,Low,Low,3.54,0,Low
0513-RBGPE,Male,0,Yes,Yes,37,Yes,Yes,DSL,Yes,No,Yes,Yes,No,No,Two year,Yes,Credit card (automatic),62.8,2278.75,Long-term,5,1,1,0,Medium,0,0,0.02052191433475473,0,0.02666666666666667,Low,Low,2.05,0,Low
7251-XFOIL,Female,0,No,No,61,Yes,Yes,Fiber optic,No,No,Yes,No,No,Yes,Month-to-month,No,Mailed check,89.2,5500.6,Very Long-term,4,0,0,1,High,0,0,0.2611352145748589,0,0.13,Low,Low,26.11,0,Low
2525-GVKQU,Female,0,No,No,60,Yes,No,No,No internet service,No internet service,No internet service,No internet service,No internet service,No internet service,Two year,No,Mailed check,20.6,1093.0,Very Long-term,1,0,0,0,Low,0,0,0.006581826782785279,0,0.08333333333333333,Low,Low,0.66,0,Low
7579-OOPEC,Female,1,Yes,No,2,Yes,No,DSL,No,Yes,No,No,No,No,Month-to-month,No,Credit card (automatic),50.15,115.1,New,2,0,0,1,Medium,1,0,0.3451427743439061,1,0.5066666666666667,Medium,Medium,34.51,0,Medium
3795-GWTRD,Female,0,Yes,Yes,63,Yes,No,DSL,Yes,Yes,Yes,Yes,Yes,No,Two year,No,Credit card (automatic),75.55,4707.85,Very Long-term,6,1,1,0,High,0,0,0.006188766531343337,0,0.016666666666666666,Low,Low,0.62,0,Low
4750-ZRXIU,Female,1,No,No,4,Yes,Yes,Fiber optic,No,No,No,No,No,Yes,Month-to-month,Yes,Electronic check,84.6,360.1,New,3,0,0,1,High,1,1,0.8302888911315116,1,0.91,High,High,83.03,1,High
5445-PZWGX,Male,0,No,No,62,Yes,Yes,Fiber optic,Yes,Yes,No,Yes,No,Yes,One year,No,Electronic check,102.0,6529.25,Very Long-term,6,1,1,0,Very High,1,0,0.10602225539171924,0,0.12,Low,Low,10.6,0,Low
0516-UXRMT,Female,0,No,No,62,Yes,Yes,Fiber optic,Yes,Yes,Yes,No,No,No,One year,Yes,Electronic check,92.05,5755.8,Very Long-term,5,0,1,0,High,0,0,0.11951909873126934,0,0.17333333333333334,Low,Low,11.95,0,Low
0727-BNRLG,Male,0,No,No,69,Yes,Yes,Fiber optic,No,Yes,Yes,Yes,Yes,No,Two year,Yes,Credit card (automatic),97.65,6743.55,Very Long-term,6,1,0,0,High,0,0,0.04796058594731097,0,0.06333333333333334,Low,Low,4.8,0,Low
3932-CMDTD,Female,0,No,No,4,Yes,No,Fiber optic,No,Yes,Yes,Yes,Yes,Yes,One year,Yes,Electronic check,105.65,443.9,New,6,1,0,0,Very High,1,1,0.574334246671639,0,0.28,Low,Medium,57.43,1,Medium
1264-FUHCX,Female,0,Yes,No,49,No,No phone service,DSL,No,Yes,No,Yes,Yes,Yes,One year,Yes,Credit card (automatic),56.3,2780.6,Very Long-term,4,1,0,0,Medium,0,0,0.12248669406687081,0,0.13333333333333333,Low,Low,12.25,0,Low
6194-HBGQN,Male,0,No,No,51,Yes,Yes,DSL,Yes,Yes,Yes,Yes,Yes,No,One year,Yes,Credit card (automatic),81.15,4126.2,Very Long-term,7,1,1,0,High,0,0,0.049129281314830096,0,0.06,Low,Low,4.91,0,Low
4524-QCSSM,Male,0,No,No,26,No,No phone service,DSL,Yes,Yes,No,No,No,Yes,Month-to-month,Yes,Bank transfer (automatic),44.65,1156.55,Long-term,3,0,1,1,Medium,0,0,0.24662896682906807,0,0.23333333333333334,Low,Low,24.66,0,Low
4570-QHXHL,Female,0,No,No,9,Yes,No,DSL,No,No,No,No,No,No,Month-to-month,Yes,Electronic check,43.75,405.7,New,1,0,0,1,Medium,0,0,0.4600670295098443,1,0.7133333333333334,High,Medium,46.01,0,Medium
2972-YDYUW,Female,0,No,No,57,Yes,Yes,Fiber optic,No,Yes,No,Yes,No,Yes,One year,No,Electronic check,94.7,5468.95,Very Long-term,5,1,0,0,High,0,0,0.1400066888509645,0,0.14666666666666667,Low,Low,14.0,0,Low
2061-VVFST,Female,0,Yes,No,37,Yes,No,No,No internet service,No internet service,No internet service,No internet service,No internet service,No internet service,Month-to-month,No,Bank transfer (automatic),19.5,805.2,Long-term,1,0,0,1,Low,0,0,0.04334966504638748,0,0.20666666666666667,Low,Low,4.33,0,Low
6874-SGLHU,Male,0,No,No,30,Yes,No,Fiber optic,No,Yes,No,No,Yes,Yes,One year,Yes,Bank transfer (automatic),97.0,3021.3,Long-term,4,0,0,0,High,0,0,0.25285293334194586,0,0.28,Low,Low,25.29,0,Low
9844-FELAJ,Female,1,Yes,Yes,70,Yes,Yes,Fiber optic,No,Yes,Yes,Yes,Yes,Yes,One year,Yes,Electronic check,107.9,7475.85,Very Long-term,7,1,0,0,Very High,0,0,0.19786805658173165,0,0.23,Low,Low,19.79,0,Low
1902-XBTFB,Male,0,No,Yes,22,Yes,No,Fiber optic,No,Yes,Yes,No,Yes,No,Month-to-month,Yes,Electronic check,89.4,2001.5,Medium,4,0,0,1,High,1,0,0.416660046928,1,0.5366666666666666,Medium,Medium,41.67,0,Medium
9039-RBEEE,Male,0,No,No,39,No,No phone service,DSL,Yes,Yes,No,Yes,Yes,No,Month-to-month,Yes,Credit card (automatic),48.95,1880.85,Long-term,4,1,1,1,Medium,1,0,0.11780232045215996,0,0.12333333333333334,Low,Low,11.78,0,Low
9369-XFEHK,Female,1,Yes,No,33,Yes,Yes,Fiber optic,No,Yes,No,No,No,No,Month-to-month,Yes,Bank transfer (automatic),80.6,2656.5,Long-term,3,0,0,1,High,1,0,0.39577287351416807,0,0.4533333333333333,Medium,Medium,39.58,0,Medium
3680-CTHUH,Male,0,No,No,60,Yes,Yes,Fiber optic,Yes,Yes,Yes,Yes,Yes,Yes,One year,Yes,Credit card (automatic),116.6,7049.5,Very Long-term,8,1,1,0,Very High,0,0,0.14025991683261088,0,0.11666666666666667,Low,Low,14.03,0,Low
3679-XASPY,Female,0,Yes,Yes,1,Yes,No,No,No internet service,No internet service,No internet service,No internet service,No internet service,No internet service,Month-to-month,No,Electronic check,19.45,19.45,New,1,0,0,1,Low,0,0,0.2169345338505645,0,0.407565384490115,Medium,Low,21.69,0,Low
9089-UOWJG,Female,0,Yes,Yes,12,Yes,No,DSL,No,No,Yes,No,Yes,No,Month-to-month,Yes,Credit card (automatic),58.35,740.55,New,3,0,0,1,Medium,0,0,0.3498702705479969,0,0.11666666666666667,Low,Medium,34.99,0,Medium
1574-DYCWE,Female,0,Yes,Yes,51,Yes,No,No,No internet service,No internet service,No internet service,No internet service,No internet service,No internet service,Two year,No,Mailed check,19.95,1028.75,Very Long-term,1,0,0,0,Low,0,0,0.008308613742903183,0,0.0033333333333333335,Low,Low,0.83,0,Low
9779-DPNEJ,Female,0,Yes,Yes,22,Yes,No,Fiber optic,No,No,No,No,No,Yes,Month-to-month,Yes,Electronic check,80.15,1790.65,Medium,2,0,0,1,High,0,0,0.465146301735712,0,0.36,Medium,Medium,46.51,0,Medium
2967-MXRAV,Male,0,Yes,Yes,1,Yes,No,No,No internet service,No internet service,No internet service,No internet service,No internet service,No internet service,One year,No,Mailed check,18.8,18.8,New,1,0,0,0,Low,0,0,0.09083822316612342,0,0.06,Low,Low,9.08,0,Low
0327-WFZSY,Male,0,Yes,Yes,39,Yes,Yes,Fiber optic,No,No,Yes,No,Yes,Yes,One year,No,Electronic check,100.0,3835.55,Long-term,5,0,0,0,High,0,0,0.25013052915733447,0,0.31333333333333335,Medium,Low,25.01,0,Low
1731-TVIUK,Female,0,No,No,4,Yes,Yes,Fiber optic,No,Yes,No,Yes,No,Yes,Month-to-month,Yes,Electronic check,93.5,362.2,New,5,1,0,1,High,1,1,0.7147495589540054,1,0.7566666666666667,High,High,71.47,1,High
7666-WKRON,Female,0,No,No,39,Yes,No,Fiber optic,No,No,Yes,Yes,No,No,Two year,Yes,Electronic check,80.45,3201.55,Long-term,3,1,0,0,High,1,0,0.07650058478424114,0,0.11666666666666667,Low,Low,7.65,0,Low
3865-ZYKAD,Male,1,Yes,No,69,Yes,Yes,Fiber optic,Yes,Yes,No,No,No,No,Month-to-month,Yes,Credit card (automatic),84.9,5785.65,Very Long-term,4,0,1,1,High,0,0,0.15799169559011403,0,0.15,Low,Low,15.8,0,Low
1465-LNTLJ,Male,1,Yes,No,8,Yes,No,DSL,No,No,Yes,Yes,No,Yes,Month-to-month,Yes,Credit card (automatic),64.4,581.7,New,4,1,0,1,Medium,0,0,0.3892871852339793,0,0.12333333333333334,Low,Medium,38.93,0,Medium
2696-RZVZW,Male,0,Yes,No,68,Yes,Yes,No,No internet service,No internet service,No internet service,No internet service,No internet service,No internet service,Two year,No,Credit card (automatic),25.05,1629.2,Very Long-term,2,0,0,0,Low,0,0,0.0065598862130376604,0,0.0033333333333333335,Low,Low,0.66,0,Low
0685-MLYYM,Female,1,No,No,2,Yes,No,Fiber optic,No,No,No,No,No,No,Month-to-month,No,Electronic check,70.75,154.85,New,1,0,0,1,High,1,1,0.6714001372873535,1,0.7233333333333334,High,High,67.14,1,High
2778-OCLGR,Male,1,Yes,No,24,No,No phone service,DSL,Yes,No,No,No,No,Yes,Month-to-month,No,Bank transfer (automatic),39.1,971.3,Medium,2,0,1,1,Medium,1,0,0.21866532090982616,1,0.6,High,Low,21.87,0,Low
3982-XWFZQ,Female,0,Yes,No,42,Yes,Yes,DSL,No,No,No,No,No,No,Month-to-month,Yes,Electronic check,50.25,2203.65,Long-term,2,0,0,1,Medium,1,0,0.21575539147174794,0,0.10333333333333333,Low,Low,21.58,0,Low
4759-PXTAN,Female,0,Yes,No,59,Yes,Yes,DSL,No,Yes,No,Yes,Yes,Yes,One year,Yes,Electronic check,80.1,4693.2,Very Long-term,6,1,0,0,High,0,0,0.0999430107398324,0,0.05333333333333334,Low,Low,9.99,0,Low
1448-PWKYE,Male,0,Yes,Yes,1,Yes,No,Fiber optic,No,No,No,No,No,Yes,Month-to-month,No,Electronic check,80.0,80.0,New,2,0,0,1,High,1,1,0.6652217705814202,1,0.6866666666666666,High,High,66.52,1,High
8741-LQOBK,Female,0,Yes,Yes,46,No,No phone service,DSL,Yes,Yes,No,No,No,No,Month-to-month,No,Bank transfer (automatic),35.05,1620.25,Long-term,2,0,1,1,Medium,0,0,0.05881837718665914,0,0.2633333333333333,Low,Low,5.88,0,Low
8650-RHRKE,Male,0,No,No,4,No,No phone service,DSL,No,No,Yes,No,No,No,Month-to-month,Yes,Electronic check,29.65,118.5,New,1,0,0,1,Low,1,1,0.5986201098246559,1,0.5666666666666667,Medium,Medium,59.86,1,Medium
7266-GSSJX,Male,0,Yes,Yes,11,Yes,No,No,No internet service,No internet service,No internet service,No internet service,No internet service,No internet service,Month-to-month,Yes,Electronic check,20.45,250.8,New,1,0,0,1,Low,0,0,0.20739997831380558,0,0.034232051156781636,Low,Low,20.74,0,Low
1265-HVPZB,Male,0,Yes,No,59,Yes,No,DSL,Yes,Yes,Yes,No,Yes,No,One year,No,Credit card (automatic),66.4,3958.2,Very Long-term,5,0,1,0,Medium,0,0,0.029347646391617074,0,0.19,Low,Low,2.93,0,Low
9640-ZSLDC,Female,0,Yes,Yes,53,Yes,No,DSL,No,No,Yes,No,No,Yes,One year,No,Credit card (automatic),60.6,3297.0,Very Long-term,3,0,0,0,Medium,0,0,0.047876356017179225,0,0.02666666666666667,Low,Low,4.79,0,Low
0988-JRWWP,Female,0,No,No,3,Yes,No,DSL,No,No,No,No,Yes,No,Month-to-month,Yes,Electronic check,54.2,140.4,New,2,0,0,1,Medium,0,1,0.5763647250223106,0,0.46,Medium,Medium,57.64,1,Medium
1926-QUZNN,Female,0,Yes,No,72,Yes,Yes,No,No internet service,No internet service,No internet service,No internet service,No internet service,No internet service,Two year,Yes,Bank transfer (automatic),25.25,1841.2,Very Long-term,2,0,0,0,Low,0,0,0.008063285730478596,0,0.0,Low,Low,0.81,0,Low
9025-ZRPVR,Male,0,No,No,9,Yes,No,No,No internet service,No internet service,No internet service,No internet service,No internet service,No internet service,Month-to-month,Yes,Mailed check,18.95,185.6,New,1,0,0,1,Low,1,0,0.20345944697171994,0,0.03,Low,Low,20.35,0,Low
6527-PZFPV,Male,0,Yes,Yes,24,Yes,No,No,No internet service,No internet service,No internet service,No internet service,No internet service,No internet service,One year,Yes,Credit card (automatic),20.8,469.65,Medium,1,0,0,0,Low,0,0,0.032871227115341586,0,0.006666666666666667,Low,Low,3.29,0,Low
7460-ITWWP,Female,1,Yes,No,45,Yes,No,Fiber optic,No,No,Yes,No,No,Yes,Month-to-month,Yes,Electronic check,86.1,3861.45,Long-term,3,0,0,1,High,0,0,0.38281005882404434,1,0.55,Medium,Medium,38.28,0,Medium
1530-ZTDOZ,Female,0,Yes,No,49,No,No phone service,DSL,Yes,No,No,No,Yes,No,Month-to-month,No,Bank transfer (automatic),40.65,2070.75,Very Long-term,2,0,1,1,Medium,0,0,0.15274338931786574,0,0.14,Low,Low,15.27,0,Low
4785-FCIFB,Female,0,Yes,No,61,Yes,Yes,No,No internet service,No internet service,No internet service,No internet service,No internet service,No internet service,Two year,No,Mailed check,24.4,1417.9,Very Long-term,2,0,0,0,Low,0,0,0.009423784664626922,0,0.0033333333333333335,Low,Low,0.94,0,Low
9717-QEBGU,Male,0,No,No,2,Yes,No,Fiber optic,No,No,No,No,No,No,Month-to-month,Yes,Electronic check,70.3,144.0,New,1,0,0,1,High,0,1,0.7232531484694084,1,0.6266666666666667,High,High,72.33,1,High
0876-WDUUZ,Female,0,No,No,5,Yes,No,Fiber optic,No,No,No,Yes,No,Yes,Month-to-month,Yes,Credit card (automatic),85.4,425.9,New,3,1,0,1,High,1,1,0.5769282319788608,1,0.6733333333333333,High,Medium,57.69,1,Medium
7881-EVUAD,Female,0,No,No,2,No,No phone service,DSL,Yes,Yes,No,No,No,Yes,Month-to-month,Yes,Electronic check,42.6,72.4,New,3,0,1,1,Medium,1,1,0.593236708487349,1,0.66,High,Medium,59.32,1,Medium
4002-BQWPQ,Male,0,No,No,25,Yes,Yes,DSL,Yes,Yes,Yes,Yes,No,Yes,Month-to-month,No,Bank transfer (automatic),81.75,2028.8,Long-term,7,1,1,1,High,0,0,0.10680990499185891,0,0.11333333333333333,Low,Low,10.68,0,Low
6377-WHAOX,Female,0,Yes,No,60,Yes,Yes,Fiber optic,No,Yes,Yes,No,Yes,Yes,Month-to-month,Yes,Electronic check,106.15,6411.25,Very Long-term,6,0,0,1,Very High,0,1,0.5176147757690994,0,0.45666666666666667,Medium,Medium,51.76,1,Medium
5027-YOCXN,Male,0,Yes,Yes,51,Yes,Yes,Fiber optic,Yes,Yes,No,Yes,Yes,Yes,One year,No,Credit card (automatic),110.05,5686.4,Very Long-term,7,1,1,0,Very High,0,0,0.12085624973100013,0,0.27,Low,Low,12.09,0,Low
8450-JOVAH,Male,0,Yes,Yes,2,Yes,Yes,DSL,Yes,No,No,No,No,No,Month-to-month,No,Mailed check,56.7,113.55,New,3,0,1,1,Medium,1,0,0.2994048824401677,0,0.32,Medium,Low,29.94,0,Low
6646-QVXLR,Male,1,Yes,No,62,Yes,Yes,Fiber optic,No,Yes,Yes,No,Yes,Yes,One year,Yes,Electronic check,103.75,6383.35,Very Long-term,6,0,0,0,Very High,1,0,0.36805369337110716,0,0.17666666666666667,Low,Medium,36.81,0,Medium
0254-KCJGT,Male,0,Yes,No,52,Yes,Yes,DSL,Yes,Yes,Yes,Yes,No,Yes,One year,Yes,Credit card (automatic),81.4,4354.45,Very Long-term,7,1,1,0,High,0,0,0.049155007171928125,0,0.12333333333333334,Low,Low,4.92,0,Low
3442-ZHHCC,Male,0,No,No,68,Yes,Yes,DSL,Yes,Yes,Yes,No,No,Yes,One year,Yes,Credit card (automatic),76.9,5023.0,Very Long-term,6,0,1,0,High,0,0,0.03487115331975377,0,0.21666666666666667,Low,Low,3.49,0,Low
9167-APMXZ,Female,0,No,No,22,Yes,Yes,Fiber optic,No,No,No,No,Yes,No,Month-to-month,Yes,Bank transfer (automatic),84.15,1821.95,Medium,3,0,0,1,High,0,1,0.5045149748934479,0,0.3433333333333333,Medium,Medium,50.45,1,Medium
0616-ATFGB,Male,1,Yes,No,1,No,No phone service,DSL,No,No,No,No,No,No,Month-to-month,No,Electronic check,25.05,25.05,New,0,0,0,1,Low,1,1,0.5892342109728019,1,0.8433333333333334,High,Medium,58.92,1,Medium
7273-TEFQD,Male,1,No,No,3,No,No phone service,DSL,No,No,Yes,No,No,Yes,Month-to-month,Yes,Electronic check,41.15,132.2,New,2,0,0,1,Medium,1,1,0.7317741310638115,1,0.82,High,High,73.18,1,High
8245-UMPYT,Female,1,No,No,16,Yes,Yes,Fiber optic,No,No,No,No,Yes,Yes,Month-to-month,Yes,Electronic check,96.4,1581.2,Medium,4,0,0,1,High,1,1,0.7248521809474988,1,0.6833333333333333,High,High,72.49,1,High
6022-UGGSO,Female,1,No,No,32,Yes,No,Fiber optic,No,Yes,No,No,No,No,Month-to-month,Yes,Electronic check,74.4,2276.95,Long-term,2,0,0,1,High,1,0,0.4067207914652148,0,0.42,Medium,Medium,40.67,0,Medium
6292-TOSSS,Male,0,No,No,50,Yes,Yes,No,No internet service,No internet service,No internet service,No internet service,No internet service,No internet service,Two year,No,Bank transfer (automatic),24.9,1195.25,Very Long-term,2,0,0,0,Low,0,0,0.013878309246729177,0,0.03,Low,Low,1.39,0,Low
5207-PLSTK,Male,0,Yes,Yes,1,Yes,No,DSL,Yes,No,No,No,No,No,Month-to-month,Yes,Mailed check,48.75,48.75,New,2,0,1,1,Medium,0,0,0.330878871982958,1,0.5333333333333333,Medium,Medium,33.09,0,Medium
3908-BLSYF,Female,0,No,No,6,Yes,No,Fiber optic,No,No,Yes,No,No,Yes,Month-to-month,No,Electronic check,83.9,497.55,New,3,0,0,1,High,1,1,0.6549739996252041,1,0.55,Medium,High,65.5,1,High
4317-VTEOA,Male,0,No,No,1,Yes,No,DSL,No,Yes,No,No,No,No,Month-to-month,Yes,Electronic check,50.75,50.75,New,2,0,0,1,Medium,1,0,0.49304280805677614,1,0.5833333333333334,Medium,Medium,49.3,0,Medium
0625-AFOHS,Female,0,Yes,Yes,29,Yes,No,No,No internet service,No internet service,No internet service,No internet service,No internet service,No internet service,Two year,No,Mailed check,20.2,558.8,Long-term,1,0,0,0,Low,0,0,0.012084082876549189,0,0.0,Low,Low,1.21,0,Low
4667-OHGKG,Male,0,No,No,1,Yes,No,No,No internet service,No internet service,No internet service,No internet service,No internet service,No internet service,Month-to-month,Yes,Mailed check,19.3,19.3,New,1,0,0,1,Low,1,0,0.26358692016771995,0,0.19526862112498244,Low,Low,26.36,0,Low
2386-OWURY,Female,0,No,No,58,Yes,No,Fiber optic,No,No,No,Yes,Yes,Yes,Month-to-month,Yes,Electronic check,95.3,5817.7,Very Long-term,4,1,0,1,High,0,0,0.3410335186577711,0,0.2966666666666667,Low,Medium,34.1,0,Medium
3780-DDGSE,Male,1,Yes,Yes,35,Yes,No,DSL,No,Yes,No,Yes,Yes,Yes,Month-to-month,Yes,Electronic check,76.05,2747.2,Long-term,5,1,0,1,High,0,0,0.18916206933391655,0,0.15666666666666668,Low,Low,18.92,0,Low
1047-RNXZV,Male,0,No,No,43,Yes,No,No,No internet service,No internet service,No internet service,No internet service,No internet service,No internet service,Two year,No,Mailed check,19.55,876.15,Long-term,1,0,0,0,Low,0,0,0.008145049087995083,0,0.0,Low,Low,0.81,0,Low
3926-YZVVX,Female,0,No,No,41,Yes,No,DSL,No,No,No,Yes,No,No,One year,No,Bank transfer (automatic),50.05,2029.05,Long-term,2,1,0,0,Medium,0,0,0.03074178768461112,0,0.06333333333333334,Low,Low,3.07,0,Low
4742-TXUEX,Female,0,Yes,Yes,47,Yes,No,No,No internet service,No internet service,No internet service,No internet service,No internet service,No internet service,Two year,No,Bank transfer (automatic),19.3,890.5,Long-term,1,0,0,0,Low,0,0,0.005401170545887926,0,0.0,Low,Low,0.54,0,Low
8709-KRDVL,Female,0,No,No,33,Yes,Yes,Fiber optic,No,Yes,No,No,Yes,Yes,Month-to-month,Yes,Electronic check,100.0,3320.6,Long-term,5,0,0,1,High,0,1,0.5627390685432948,1,0.7566666666666667,High,Medium,56.27,1,Medium
0397-ZXWQF,Male,0,No,No,67,Yes,No,No,No internet service,No internet service,No internet service,No internet service,No internet service,No internet service,Two year,No,Bank transfer (automatic),20.5,1430.95,Very Long-term,1,0,0,0,Low,0,0,0.004771251993414502,0,0.0,Low,Low,0.48,0,Low
3910-MRQOY,Female,0,Yes,No,72,Yes,No,No,No internet service,No internet service,No internet service,No internet service,No internet service,No internet service,Two year,No,Bank transfer (automatic),19.4,1496.45,Very Long-term,1,0,0,0,Low,0,0,0.00400396286207961,0,0.0,Low,Low,0.4,0,Low
2511-MORQY,Male,0,Yes,Yes,50,Yes,Yes,DSL,No,No,Yes,No,No,No,One year,No,Bank transfer (automatic),54.9,2614.1,Very Long-term,3,0,0,0,Medium,0,0,0.06035359580228691,0,0.056666666666666664,Low,Low,6.04,0,Low
4039-PIMHX,Male,1,Yes,No,49,Yes,No,DSL,No,Yes,No,No,No,No,Two year,No,Mailed check,49.8,2398.4,Very Long-term,2,0,0,0,Medium,0,0,0.028856238041924095,0,0.06333333333333334,Low,Low,2.89,0,Low
8083-YTZES,Male,0,No,No,4,Yes,Yes,Fiber optic,No,No,No,No,No,No,Month-to-month,Yes,Electronic check,74.35,265.35,New,2,0,0,1,High,1,1,0.772873177555124,1,0.7966666666666666,High,High,77.29,1,High
1346-PJWTK,Male,0,Yes,No,61,Yes,No,Fiber optic,No,Yes,Yes,Yes,No,Yes,Month-to-month,No,Credit card (automatic),94.15,5731.85,Very Long-term,5,1,0,1,High,0,0,0.12924376599178888,0,0.08666666666666667,Low,Low,12.92,0,Low
3750-YHRYO,Male,0,Yes,Yes,7,Yes,No,No,No internet service,No internet service,No internet service,No internet service,No internet service,No internet service,One year,No,Mailed check,20.65,150.0,New,1,0,0,0,Low,0,0,0.06929194979637392,0,0.013333333333333334,Low,Low,6.93,0,Low
1236-WFCDV,Male,1,No,No,14,Yes,No,Fiber optic,No,No,No,No,Yes,Yes,Month-to-month,No,Credit card (automatic),90.45,1266.1,Medium,3,0,0,1,High,1,0,0.4977544557693677,0,0.4666666666666667,Medium,Medium,49.78,0,Medium
5949-HGVJL,Female,0,Yes,No,26,Yes,No,DSL,No,Yes,No,Yes,Yes,Yes,Month-to-month,Yes,Electronic check,73.05,1959.5,Long-term,5,1,0,1,High,0,0,0.2679042514895209,0,0.15,Low,Low,26.79,0,Low
9112-WSNPU,Female,1,No,No,35,Yes,No,Fiber optic,No,No,No,No,No,No,Month-to-month,No,Electronic check,70.55,2419.0,Long-term,1,0,0,1,High,0,0,0.327472421099005,0,0.47333333333333333,Medium,Medium,32.75,0,Medium
1360-JYXKQ,Female,1,Yes,No,54,Yes,No,Fiber optic,No,No,Yes,Yes,Yes,Yes,One year,Yes,Electronic check,99.1,5437.1,Very Long-term,5,1,0,0,High,0,0,0.258516995027497,0,0.24,Low,Low,25.85,0,Low
3585-ISXZP,Female,0,No,No,8,Yes,Yes,Fiber optic,No,No,No,No,Yes,Yes,Month-to-month,No,Bank transfer (automatic),95.65,778.1,New,4,0,0,1,High,1,1,0.6790653472155412,1,0.84,High,High,67.91,1,High
8380-PEFPE,Male,0,No,Yes,1,Yes,No,Fiber optic,No,No,No,No,No,No,Month-to-month,Yes,Electronic check,71.65,71.65,New,1,0,0,1,High,1,1,0.6823920673752566,1,0.7966666666666666,High,High,68.24,1,High
9402-ROUMJ,Female,0,Yes,Yes,67,Yes,Yes,Fiber optic,Yes,No,Yes,Yes,No,Yes,One year,Yes,Bank transfer (automatic),100.25,6689.0,Very Long-term,6,1,1,0,Very High,0,0,0.08831479388587599,0,0.16,Low,Low,8.83,0,Low
4335-UPJSI,Female,0,No,Yes,24,Yes,No,No,No internet service,No internet service,No internet service,No internet service,No internet service,No internet service,Two year,No,Mailed check,19.75,498.1,Medium,1,0,0,0,Low,0,0,0.011482645848304595,0,0.0,Low,Low,1.15,0,Low
6096-EGVTU,Female,0,Yes,Yes,64,Yes,Yes,No,No internet service,No internet service,No internet service,No internet service,No internet service,No internet service,One year,No,Mailed check,24.9,1595.5,Very Long-term,2,0,0,0,Low,0,0,0.013963364256121002,0,0.03,Low,Low,1.4,0,Low
8988-ECPJR,Female,1,Yes,Yes,34,Yes,Yes,Fiber optic,No,Yes,No,No,No,No,Month-to-month,Yes,Mailed check,79.6,2718.3,Long-term,3,0,0,1,High,1,0,0.3541267928612422,0,0.2733333333333333,Low,Medium,35.41,0,Medium
7677-SJJJK,Male,0,Yes,Yes,8,Yes,No,No,No internet service,No internet service,No internet service,No internet service,No internet service,No internet service,One year,No,Credit card (automatic),19.9,153.95,New,1,0,0,0,Low,0,0,0.06302388217514143,0,0.02666666666666667,Low,Low,6.3,0,Low
5850-BDWCY,Female,0,No,No,6,Yes,No,No,No internet service,No internet service,No internet service,No internet service,No internet service,No internet service,Month-to-month,No,Mailed check,20.2,123.65,New,1,0,0,1,Low,0,0,0.16086194060999084,0,0.03333333333333333,Low,Low,16.09,0,Low
2025-JKFWI,Male,0,No,No,13,Yes,Yes,Fiber optic,No,No,No,Yes,Yes,Yes,Month-to-month,Yes,Mailed check,99.0,1301.7,Medium,5,1,0,1,High,1,1,0.5811488147396546,0,0.45666666666666667,Medium,Medium,58.11,1,Medium
8028-PNXHQ,Male,0,Yes,Yes,62,Yes,Yes,No,No internet service,No internet service,No internet service,No internet service,No internet service,No internet service,Two year,Yes,Bank transfer (automatic),24.25,1424.6,Very Long-term,2,0,0,0,Low,0,0,0.010288231747491198,0,0.0,Low,Low,1.03,0,Low
8397-MVTAZ,Male,0,Yes,No,34,Yes,Yes,Fiber optic,No,No,Yes,No,Yes,Yes,Month-to-month,Yes,Electronic check,100.05,3480.0,Long-term,5,0,0,1,Very High,1,1,0.6698932764878726,0,0.4666666666666667,Medium,High,66.99,1,High
4445-ZJNMU,Male,0,No,No,9,Yes,Yes,Fiber optic,No,Yes,No,No,Yes,Yes,Month-to-month,Yes,Credit card (automatic),99.3,918.75,New,5,0,0,1,High,0,1,0.7175894841304343,1,0.88,High,High,71.76,1,High
3125-RAHBV,Male,0,No,No,22,Yes,No,No,No internet service,No internet service,No internet service,No internet service,No internet service,No internet service,One year,No,Credit card (automatic),20.3,467.15,Medium,1,0,0,0,Low,0,0,0.029729239907115092,0,0.0033333333333333335,Low,Low,2.97,0,Low
6682-QJDGB,Male,0,No,Yes,40,Yes,No,DSL,Yes,Yes,No,No,No,No,Month-to-month,Yes,Mailed check,55.25,2139.2,Long-term,3,0,1,1,Medium,1,0,0.06516848330431875,0,0.06333333333333334,Low,Low,6.52,0,Low
8840-DQLGN,Female,1,Yes,No,35,Yes,Yes,Fiber optic,Yes,Yes,No,Yes,Yes,No,Month-to-month,Yes,Bank transfer (automatic),100.5,3653.35,Long-term,6,1,1,1,Very High,1,0,0.32908625421477156,0,0.22,Low,Medium,32.91,0,Medium
6258-NGCNG,Male,0,No,No,7,Yes,Yes,No,No internet service,No internet service,No internet service,No internet service,No internet service,No internet service,Month-to-month,No,Mailed check,23.5,173.0,New,2,0,0,1,Low,0,0,0.21153311263856417,0,0.17,Low,Low,21.15,0,Low
5917-RYRMG,Male,1,No,No,32,Yes,No,No,No internet service,No internet service,No internet service,No internet service,No internet service,No internet service,One year,No,Credit card (automatic),19.8,587.7,Long-term,1,0,0,0,Low,0,0,0.02885562374311208,0,0.0,Low,Low,2.89,0,Low
7157-SMCFK,Male,0,No,Yes,61,Yes,No,No,No internet service,No internet service,No internet service,No internet service,No internet service,No internet service,Two year,No,Mailed check,19.75,1124.2,Very Long-term,1,0,0,0,Low,0,0,0.0053003497304610495,0,0.18666666666666668,Low,Low,0.53,0,Low
0816-TSPHQ,Male,0,No,No,2,Yes,No,No,No internet service,No internet service,No internet service,No internet service,No internet service,No internet service,Month-to-month,No,Mailed check,20.75,44.2,New,1,0,0,1,Low,0,0,0.1864964366281418,0,0.08666666666666667,Low,Low,18.65,0,Low
6766-HFKLA,Female,0,Yes,No,56,Yes,Yes,Fiber optic,No,No,Yes,Yes,Yes,Yes,Two year,No,Bank transfer (automatic),103.2,5744.35,Very Long-term,6,1,0,0,Very High,0,0,0.10641846055381426,0,0.08333333333333333,Low,Low,10.64,0,Low
7067-KSAZT,Female,1,Yes,No,65,Yes,Yes,Fiber optic,No,Yes,Yes,No,Yes,Yes,One year,Yes,Electronic check,106.25,6979.8,Very Long-term,6,0,0,0,Very High,1,0,0.33059854048901305,0,0.18666666666666668,Low,Medium,33.06,0,Medium
5155-AZQPB,Female,0,Yes,Yes,28,Yes,Yes,DSL,No,No,No,No,No,No,Month-to-month,No,Mailed check,49.9,1410.25,Long-term,2,0,0,1,Medium,0,0,0.16736078228843035,0,0.016666666666666666,Low,Low,16.74,0,Low
6890-PFRQX,Male,0,No,No,18,Yes,Yes,DSL,Yes,No,Yes,No,Yes,No,Month-to-month,No,Mailed check,69.5,1199.4,Medium,5,0,1,1,Medium,0,0,0.1934078942928532,0,0.07333333333333333,Low,Low,19.34,0,Low
3508-VLHCZ,Female,0,Yes,Yes,71,Yes,Yes,DSL,Yes,Yes,Yes,Yes,Yes,Yes,Two year,Yes,Credit card (automatic),90.55,6239.05,Very Long-term,8,1,1,0,High,0,0,0.011920219423849686,0,0.0,Low,Low,1.19,0,Low
3649-JPUGY,Male,0,No,No,72,Yes,Yes,DSL,No,Yes,Yes,Yes,Yes,Yes,Two year,Yes,Bank transfer (automatic),88.6,6201.95,Very Long-term,7,1,0,0,High,0,0,0.01978732993782068,0,0.006666666666666667,Low,Low,1.98,0,Low
9248-OJYKK,Male,1,No,No,1,Yes,Yes,Fiber optic,No,No,No,No,No,No,Month-to-month,Yes,Electronic check,76.45,76.45,New,2,0,0,1,High,1,1,0.8113612869934521,1,0.9933333333333333,High,High,81.14,1,High
7239-HZZCX,Male,0,No,No,1,Yes,No,No,No internet service,No internet service,No internet service,No internet service,No internet service,No internet service,Month-to-month,No,Mailed check,19.75,19.75,New,1,0,0,1,Low,1,0,0.19615963548011234,1,0.6673541621492162,High,Low,19.62,0,Low
9860-LISIZ,Female,0,No,No,34,Yes,No,No,No internet service,No internet service,No internet service,No internet service,No internet service,No internet service,Month-to-month,No,Mailed check,20.35,673.2,Long-term,1,0,0,1,Low,0,0,0.04879430253341406,0,0.016666666666666666,Low,Low,4.88,0,Low
6979-ZNSFF,Female,0,No,No,8,Yes,Yes,Fiber optic,No,No,No,No,Yes,No,Month-to-month,Yes,Electronic check,87.05,762.1,New,3,0,0,1,High,1,1,0.7742494245189957,1,0.7333333333333333,High,High,77.42,1,High
8938-UMKPI,Female,0,No,No,47,Yes,Yes,Fiber optic,No,Yes,Yes,No,Yes,Yes,Month-to-month,Yes,Electronic check,106.4,5127.95,Long-term,6,0,0,1,Very High,1,0,0.4917902837432297,0,0.29333333333333333,Low,Medium,49.18,0,Medium
1820-DJFPH,Female,0,Yes,Yes,72,Yes,Yes,No,No internet service,No internet service,No internet service,No internet service,No internet service,No internet service,Two year,Yes,Bank transfer (automatic),24.05,1709.15,Very Long-term,2,0,0,0,Low,0,0,0.006654570381449852,0,0.0,Low,Low,0.67,0,Low
0732-OCQOC,Female,0,Yes,Yes,52,Yes,Yes,No,No internet service,No internet service,No internet service,No internet service,No internet service,No internet service,Two year,Yes,Bank transfer (automatic),25.05,1270.25,Very Long-term,2,0,0,0,Low,0,0,0.015276428851264423,0,0.023333333333333334,Low,Low,1.53,0,Low
6776-TLWOI,Male,0,No,No,3,Yes,No,No,No internet service,No internet service,No internet service,No internet service,No internet service,No internet service,Month-to-month,No,Mailed check,19.85,64.55,New,1,0,0,1,Low,1,0,0.18267615035616225,0,0.23333333333333334,Low,Low,18.27,0,Low
4940-KHCWD,Female,0,Yes,No,60,No,No phone service,DSL,Yes,Yes,No,Yes,No,No,Two year,No,Bank transfer (automatic),37.7,2288.7,Very Long-term,3,1,1,0,Medium,0,0,0.012471016565673664,0,0.013333333333333334,Low,Low,1.25,0,Low
9057-SIHCH,Female,0,No,No,3,Yes,Yes,Fiber optic,No,No,No,No,Yes,Yes,Month-to-month,Yes,Electronic check,96.6,291.9,New,4,0,0,1,High,1,1,0.8404615781533687,1,0.8566666666666667,High,High,84.05,1,High
9866-QEVEE,Male,0,No,No,19,Yes,Yes,Fiber optic,No,No,No,No,No,Yes,Month-to-month,Yes,Bank transfer (automatic),86.0,1532.45,Medium,3,0,0,1,High,1,1,0.5286451639169512,0,0.4666666666666667,Medium,Medium,52.86,1,Medium
5542-TBBWB,Male,0,No,No,1,Yes,No,Fiber optic,No,No,No,No,No,No,Month-to-month,Yes,Electronic check,69.9,69.9,New,1,0,0,1,Medium,0,1,0.7405712677497183,1,1.0,High,High,74.06,1,High
4587-VVTOX,Female,0,Yes,No,6,Yes,Yes,Fiber optic,No,Yes,Yes,No,Yes,Yes,Month-to-month,Yes,Electronic check,105.3,545.2,New,6,0,0,1,Very High,1,1,0.8435194536386023,1,0.7266666666666667,High,High,84.35,1,High
6322-HRPFA,Male,0,Yes,Yes,49,Yes,No,DSL,Yes,Yes,No,Yes,No,No,Month-to-month,No,Credit card (automatic),59.6,2970.3,Very Long-term,4,1,1,1,Medium,0,0,0.038954007526731095,0,0.08333333333333333,Low,Low,3.9,0,Low
6284-AHOOQ,Male,1,No,No,22,Yes,Yes,Fiber optic,No,No,No,Yes,Yes,No,Month-to-month,Yes,Bank transfer (automatic),90.5,1910.6,Medium,4,1,0,1,High,1,0,0.45258302005052287,0,0.30333333333333334,Medium,Medium,45.26,0,Medium
4530-NDRKU,Female,0,Yes,Yes,42,Yes,No,No,No internet service,No internet service,No internet service,No internet service,No internet service,No internet service,One year,Yes,Electronic check,19.05,761.85,Long-term,1,0,0,0,Low,0,0,0.02875087119982043,0,0.006666666666666667,Low,Low,2.88,0,Low
1751-NCDLI,Male,1,Yes,No,46,Yes,Yes,Fiber optic,No,No,Yes,No,Yes,Yes,Month-to-month,Yes,Electronic check,98.85,4564.9,Long-term,5,0,0,1,High,0,1,0.5333145828490762,1,0.82,High,Medium,53.33,1,Medium
3893-JRNFS,Male,0,No,No,68,No,No phone service,DSL,No,No,Yes,No,No,Yes,Month-to-month,Yes,Bank transfer (automatic),39.9,2796.35,Very Long-term,2,0,0,1,Medium,0,0,0.1472238768138574,0,0.3566666666666667,Medium,Low,14.72,0,Low
5857-XRECV,Female,0,No,Yes,2,Yes,No,No,No internet service,No internet service,No internet service,No internet service,No internet service,No internet service,One year,No,Bank transfer (automatic),20.5,38.25,New,1,0,0,0,Low,0,0,0.07677891735568917,0,0.03,Low,Low,7.68,0,Low
3115-CZMZD,Male,0,No,Yes,0,Yes,No,No,No internet service,No internet service,No internet service,No internet service,No internet service,No internet service,Two year,No,Mailed check,20.25,0.0,New,1,0,0,0,Low,0,0,0.04456020213216833,0,0.03333333333333333,Low,Low,4.46,0,Low
4489-SNOJF,Female,0,Yes,Yes,35,Yes,Yes,DSL,Yes,No,Yes,Yes,Yes,No,Month-to-month,No,Electronic check,72.25,2568.55,Long-term,6,1,1,1,High,1,0,0.10974392624290567,0,0.14333333333333334,Low,Low,10.97,0,Low
1051-GEJLJ,Female,0,No,No,2,Yes,No,No,No internet service,No internet service,No internet service,No internet service,No internet service,No internet service,Month-to-month,No,Mailed check,19.5,27.55,New,1,0,0,1,Low,0,0,0.18744719519613734,1,0.664420646100098,High,Low,18.74,0,Low
3563-SVYLG,Male,0,Yes,Yes,68,Yes,No,DSL,Yes,Yes,Yes,Yes,No,No,Two year,No,Credit card (automatic),62.65,4375.8,Very Long-term,5,1,1,0,Medium,0,0,0.004360120948014397,0,0.013333333333333334,Low,Low,0.44,0,Low
4301-VVZKA,Male,0,Yes,No,16,Yes,Yes,Fiber optic,No,No,No,No,No,No,Month-to-month,Yes,Electronic check,75.4,1189.4,Medium,2,0,0,1,High,0,1,0.601964903798511,0,0.45666666666666667,Medium,High,60.2,1,High
9351-HXDMR,Male,0,Yes,No,72,Yes,Yes,Fiber optic,Yes,No,Yes,Yes,Yes,Yes,Two year,Yes,Credit card (automatic),110.9,8240.85,Very Long-term,7,1,1,0,Very High,0,0,0.05814030490025217,0,0.04666666666666667,Low,Low,5.81,0,Low
5161-XEUVX,Male,0,Yes,No,37,Yes,Yes,Fiber optic,No,No,Yes,Yes,Yes,No,Two year,No,Mailed check,94.3,3460.95,Long-term,5,1,0,0,High,0,0,0.08001538392348455,0,0.04666666666666667,Low,Low,8.0,0,Low
3088-FVYWK,Male,0,Yes,Yes,53,Yes,Yes,No,No internet service,No internet service,No internet service,No internet service,No internet service,No internet service,Two year,No,Credit card (automatic),25.55,1336.1,Very Long-term,2,0,0,0,Low,0,0,0.01002244033228968,0,0.08333333333333333,Low,Low,1.0,0,Low
9812-GHVRI,Female,0,No,No,40,Yes,Yes,Fiber optic,No,No,No,No,No,Yes,Month-to-month,No,Bank transfer (automatic),83.85,3532.25,Long-term,3,0,0,1,High,0,0,0.30841286020133335,0,0.31666666666666665,Medium,Medium,30.84,0,Medium
1370-GGAWX,Female,0,No,No,46,Yes,Yes,Fiber optic,No,Yes,Yes,No,No,Yes,One year,Yes,Electronic check,94.15,4408.45,Long-term,5,0,0,0,High,0,0,0.22538965403978609,0,0.09666666666666666,Low,Low,22.54,0,Low
6023-YEBUP,Male,0,No,No,3,Yes,Yes,Fiber optic,No,No,Yes,No,Yes,Yes,Month-to-month,Yes,Electronic check,100.95,329.95,New,5,0,0,1,Very High,1,1,0.8756434455819045,1,0.9233333333333333,High,High,87.56,1,High
9940-RHLFB,Female,0,No,No,1,Yes,No,Fiber optic,No,No,Yes,No,No,No,Month-to-month,No,Electronic check,75.3,75.3,New,2,0,0,1,High,1,1,0.6420281947777288,0,0.38738195496838806,Medium,High,64.2,1,High
4541-RMRLG,Male,0,No,No,7,Yes,No,No,No internet service,No internet service,No internet service,No internet service,No internet service,No internet service,Month-to-month,No,Electronic check,19.25,112.3,New,1,0,0,1,Low,1,0,0.20587375117867185,0,0.06423205115678164,Low,Low,20.59,0,Low
2606-RMDHZ,Male,0,No,No,6,No,No phone service,DSL,No,Yes,No,No,No,No,Month-to-month,Yes,Credit card (automatic),30.5,208.7,New,1,0,0,1,Low,1,0,0.4409422601278537,0,0.23333333333333334,Low,Medium,44.09,0,Medium
5575-TPIZQ,Male,0,No,No,46,Yes,Yes,Fiber optic,Yes,No,No,No,Yes,No,Month-to-month,Yes,Credit card (automatic),89.15,4245.55,Long-term,4,0,1,1,High,0,0,0.25404254638860885,0,0.20333333333333334,Low,Low,25.4,0,Low
9378-FXTIZ,Female,0,Yes,No,54,Yes,Yes,DSL,No,No,No,No,Yes,Yes,One year,Yes,Credit card (automatic),70.15,3715.65,Very Long-term,4,0,0,0,High,1,0,0.13243251884805268,0,0.043333333333333335,Low,Low,13.24,0,Low
4631-OACRM,Male,1,No,No,15,Yes,No,Fiber optic,No,No,No,No,No,Yes,Month-to-month,Yes,Electronic check,79.4,1156.1,Medium,2,0,0,1,High,1,1,0.6205066798275707,0,0.3566666666666667,Medium,High,62.05,1,High
8593-WHYHV,Male,0,No,No,3,Yes,Yes,Fiber optic,No,No,No,No,No,Yes,Month-to-month,Yes,Electronic check,85.3,264.8,New,3,0,0,1,High,1,1,0.8140207020286038,1,0.8766666666666667,High,High,81.4,1,High
1403-GYAFU,Male,0,Yes,Yes,70,Yes,No,No,No internet service,No internet service,No internet service,No internet service,No internet service,No internet service,Two year,No,Credit card (automatic),20.05,1360.25,Very Long-term,1,0,0,0,Low,0,0,0.0034693928911139135,0,0.0,Low,Low,0.35,0,Low
7641-TQFHN,Male,0,No,Yes,39,Yes,Yes,Fiber optic,No,No,No,Yes,Yes,Yes,Two year,No,Mailed check,100.55,3895.35,Long-term,5,1,0,0,Very High,0,0,0.09601804312872639,0,0.09,Low,Low,9.6,0,Low
4237-CLSMM,Male,0,Yes,No,2,Yes,No,No,No internet service,No internet service,No internet service,No internet service,No internet service,No internet service,Month-to-month,No,Mailed check,20.0,38.0,New,1,0,0,1,Low,0,0,0.19441999241927013,0,0.08,Low,Low,19.44,0,Low
4360-PNRQB,Male,0,No,No,18,Yes,Yes,Fiber optic,No,No,No,No,No,No,Month-to-month,Yes,Bank transfer (automatic),75.6,1395.05,Medium,2,0,0,1,High,0,0,0.48318099357415667,0,0.32,Medium,Medium,48.32,0,Medium
5334-AFQJB,Male,1,No,No,72,Yes,Yes,No,No internet service,No internet service,No internet service,No internet service,No internet service,No internet service,Two year,Yes,Credit card (automatic),25.1,1789.9,Very Long-term,2,0,0,0,Low,0,0,0.009031504649534573,0,0.01,Low,Low,0.9,0,Low
9308-ANMVE,Male,0,No,Yes,47,Yes,No,DSL,Yes,Yes,No,No,No,No,Month-to-month,Yes,Electronic check,55.3,2654.05,Long-term,3,0,1,1,Medium,0,0,0.06700105017693209,0,0.11333333333333333,Low,Low,6.7,0,Low
3530-VWVGU,Female,0,Yes,Yes,22,Yes,No,No,No internet service,No internet service,No internet service,No internet service,No internet service,No internet service,Month-to-month,No,Mailed check,19.9,400.3,Medium,1,0,0,1,Low,0,0,0.05417958449847529,0,0.006666666666666667,Low,Low,5.42,0,Low
4674-HGNUA,Male,0,Yes,Yes,71,Yes,Yes,DSL,Yes,Yes,Yes,Yes,Yes,Yes,Two year,No,Credit card (automatic),89.9,6457.15,Very Long-term,8,1,1,0,High,0,0,0.008584683605439307,0,0.0,Low,Low,0.86,0,Low
3030-YDNRM,Male,0,No,No,8,Yes,Yes,Fiber optic,No,No,No,No,No,No,Month-to-month,Yes,Electronic check,74.85,572.45,New,2,0,0,1,High,0,1,0.7418291455088434,1,0.6433333333333333,High,High,74.18,1,High
3642-BYHDO,Female,0,Yes,Yes,71,Yes,No,No,No internet service,No internet service,No internet service,No internet service,No internet service,No internet service,Two year,No,Bank transfer (automatic),19.9,1389.35,Very Long-term,1,0,0,0,Low,0,0,0.003342704656556489,0,0.0,Low,Low,0.33,0,Low
0440-UEDAI,Female,0,No,No,53,Yes,No,Fiber optic,No,Yes,Yes,Yes,No,Yes,One year,Yes,Credit card (automatic),94.45,5042.75,Very Long-term,5,1,0,0,High,0,0,0.117268401381791,0,0.08,Low,Low,11.73,0,Low
9819-FBNSV,Male,1,Yes,No,37,Yes,No,Fiber optic,No,No,No,No,No,No,Month-to-month,Yes,Bank transfer (automatic),72.25,2575.45,Long-term,1,0,0,1,High,0,0,0.31707418554013195,0,0.4,Medium,Medium,31.71,0,Medium
9289-LBQVU,Male,0,Yes,No,64,Yes,Yes,DSL,No,Yes,No,Yes,No,Yes,One year,Yes,Mailed check,70.15,4480.7,Very Long-term,5,1,0,0,High,0,0,0.04963295747655872,0,0.11,Low,Low,4.96,0,Low
4468-YDOVK,Male,0,No,Yes,5,Yes,No,DSL,No,No,No,Yes,No,No,Month-to-month,Yes,Bank transfer (automatic),48.65,235.2,New,2,1,0,1,Medium,0,0,0.28816432674018816,0,0.46,Medium,Low,28.82,0,Low
2001-EWBQU,Female,0,No,No,60,Yes,Yes,Fiber optic,No,Yes,Yes,No,Yes,Yes,Two year,No,Electronic check,104.7,6333.8,Very Long-term,6,0,0,0,Very High,0,0,0.14240579324197047,0,0.14666666666666667,Low,Low,14.24,0,Low
9992-UJOEL,Male,0,No,No,2,Yes,No,DSL,No,Yes,No,No,No,No,Month-to-month,Yes,Mailed check,50.3,92.75,New,2,0,0,1,Medium,0,0,0.40816998479460403,1,0.5133333333333333,Medium,Medium,40.82,0,Medium
8409-WQJUX,Female,0,No,No,25,No,No phone service,DSL,No,No,Yes,Yes,Yes,Yes,One year,No,Electronic check,54.2,1423.15,Long-term,4,1,0,0,Medium,0,0,0.20081932740077227,0,0.02666666666666667,Low,Low,20.08,0,Low
3077-RSNTJ,Female,0,Yes,Yes,6,Yes,No,No,No internet service,No internet service,No internet service,No internet service,No internet service,No internet service,Month-to-month,No,Mailed check,19.7,113.5,New,1,0,0,1,Low,0,0,0.14003508663314732,0,0.05333333333333334,Low,Low,14.0,0,Low
6993-YCOBK,Male,0,Yes,Yes,60,Yes,Yes,Fiber optic,Yes,No,Yes,Yes,Yes,Yes,Two year,Yes,Electronic check,110.6,6586.85,Very Long-term,7,1,1,0,Very High,0,0,0.10250194757453443,0,0.13666666666666666,Low,Low,10.25,0,Low
4817-VYYWS,Female,0,No,No,30,Yes,Yes,Fiber optic,No,Yes,No,No,Yes,Yes,Month-to-month,Yes,Electronic check,100.2,2983.8,Long-term,5,0,0,1,Very High,1,1,0.6558221758330158,1,0.6266666666666667,High,High,65.58,1,High
4702-HDRKD,Male,0,No,No,67,No,No phone service,DSL,Yes,No,Yes,Yes,Yes,No,One year,Yes,Bank transfer (automatic),49.35,3321.35,Very Long-term,4,1,1,0,Medium,0,0,0.03993680840356117,0,0.016666666666666666,Low,Low,3.99,0,Low
3251-YMVWZ,Male,0,No,No,53,Yes,Yes,No,No internet service,No internet service,No internet service,No internet service,No internet service,No internet service,One year,No,Bank transfer (automatic),24.05,1301.9,Very Long-term,2,0,0,0,Low,0,0,0.02573616590031281,0,0.11333333333333333,Low,Low,2.57,0,Low
4190-MFLUW,Female,0,Yes,Yes,10,Yes,No,DSL,No,No,Yes,Yes,No,No,Month-to-month,No,Credit card (automatic),55.2,528.35,New,3,1,0,1,Medium,1,0,0.1767611498248581,0,0.14333333333333334,Low,Low,17.68,0,Low
4678-DVQEO,Female,0,No,No,1,Yes,No,DSL,No,No,No,Yes,No,No,Month-to-month,Yes,Electronic check,52.2,52.2,New,2,1,0,1,Medium,1,0,0.43728420840287796,1,0.7233333333333334,High,Medium,43.73,0,Medium
4701-AHWMW,Male,0,Yes,No,55,No,No phone service,DSL,No,No,Yes,Yes,Yes,Yes,Month-to-month,Yes,Bank transfer (automatic),54.55,2978.3,Very Long-term,4,1,0,1,Medium,1,0,0.22123199219168418,0,0.06,Low,Low,22.12,0,Low
2987-BJXIK,Female,0,No,No,70,Yes,Yes,DSL,Yes,Yes,Yes,No,Yes,Yes,Two year,No,Mailed check,84.7,5991.05,Very Long-term,7,0,1,0,High,0,0,0.015634308754284985,0,0.01,Low,Low,1.56,0,Low
1730-VFMWO,Female,0,Yes,No,34,Yes,No,DSL,No,No,No,Yes,No,No,Month-to-month,No,Bank transfer (automatic),50.2,1815.3,Long-term,2,1,0,1,Medium,0,0,0.08468435167101582,0,0.03666666666666667,Low,Low,8.47,0,Low
1936-UAFEH,Female,0,No,No,68,Yes,Yes,Fiber optic,Yes,Yes,No,Yes,Yes,Yes,Two year,No,Credit card (automatic),110.25,7279.35,Very Long-term,7,1,1,0,Very High,0,0,0.03793507228123967,0,0.17666666666666667,Low,Low,3.79,0,Low
5140-FOMCQ,Female,0,Yes,No,59,Yes,Yes,Fiber optic,Yes,Yes,Yes,No,Yes,Yes,One year,Yes,Credit card (automatic),109.15,6557.75,Very Long-term,7,0,1,0,Very High,0,0,0.2023886533341927,0,0.10333333333333333,Low,Low,20.24,0,Low
8778-LMWTJ,Female,0,No,No,9,Yes,No,Fiber optic,Yes,No,No,No,No,No,Month-to-month,Yes,Electronic check,74.85,708.2,New,2,0,1,1,High,0,1,0.5654348345217879,1,0.65,High,Medium,56.54,1,Medium
9840-DVNDC,Male,0,No,No,6,Yes,No,Fiber optic,No,No,No,No,Yes,No,Month-to-month,Yes,Credit card (automatic),80.5,463.05,New,2,0,0,1,High,1,1,0.6551554415055377,1,0.6666666666666666,High,High,65.52,1,High
8033-VCZGH,Male,0,Yes,No,50,Yes,Yes,Fiber optic,Yes,No,Yes,No,Yes,Yes,One year,Yes,Electronic check,103.95,5231.3,Very Long-term,6,0,1,0,Very High,0,0,0.3855695508811708,0,0.30333333333333334,Medium,Medium,38.56,0,Medium
8580-QVLOC,Female,1,Yes,Yes,72,Yes,Yes,DSL,Yes,Yes,Yes,Yes,Yes,Yes,Two year,No,Credit card (automatic),92.45,6440.25,Very Long-term,8,1,1,0,High,1,0,0.00894121778837489,0,0.02666666666666667,Low,Low,0.89,0,Low
6128-AQBMT,Male,1,Yes,No,41,No,No phone service,DSL,No,Yes,Yes,No,Yes,Yes,Month-to-month,Yes,Electronic check,53.95,2215.4,Long-term,4,0,0,1,Medium,0,0,0.36856681408957037,0,0.48333333333333334,Medium,Medium,36.86,0,Medium
6257-RJOHI,Male,0,No,No,4,Yes,No,DSL,No,No,No,Yes,No,No,Month-to-month,Yes,Mailed check,50.8,202.3,New,2,1,0,1,Medium,0,0,0.3447614184334054,0,0.21333333333333335,Low,Medium,34.48,0,Medium
1929-ZCBHE,Male,0,Yes,Yes,47,No,No phone service,DSL,Yes,No,Yes,Yes,No,No,One year,No,Electronic check,40.3,1794.8,Long-term,3,1,1,0,Medium,0,0,0.033115927301111625,0,0.10333333333333333,Low,Low,3.31,0,Low
6242-SGYTS,Male,0,Yes,Yes,62,Yes,Yes,Fiber optic,Yes,Yes,No,No,Yes,No,One year,Yes,Credit card (automatic),94.95,5791.85,Very Long-term,5,0,1,0,High,0,0,0.0962226704123307,0,0.043333333333333335,Low,Low,9.62,0,Low
7010-ZMVBF,Female,0,Yes,Yes,18,Yes,No,No,No internet service,No internet service,No internet service,No internet service,No internet service,No internet service,Month-to-month,No,Mailed check,20.45,357.0,Medium,1,0,0,1,Low,0,0,0.06320234814504219,0,0.04666666666666667,Low,Low,6.32,0,Low
3519-ZKXGG,Female,0,Yes,No,3,Yes,Yes,Fiber optic,No,No,No,No,No,No,Month-to-month,Yes,Electronic check,75.85,256.6,New,2,0,0,1,High,1,1,0.7787760479818242,1,0.85,High,High,77.88,1,High
5666-MBJPT,Male,0,No,No,65,Yes,Yes,No,No internet service,No internet service,No internet service,No internet service,No internet service,No internet service,Two year,Yes,Bank transfer (automatic),25.1,1725.0,Very Long-term,2,0,0,0,Low,0,0,0.010706443345578041,0,0.013333333333333334,Low,Low,1.07,0,Low
3313-QKNKB,Male,0,Yes,No,59,Yes,Yes,Fiber optic,No,No,No,No,No,Yes,One year,No,Electronic check,85.55,5084.65,Very Long-term,3,0,0,0,High,1,0,0.2057210119631965,0,0.12666666666666668,Low,Low,20.57,0,Low
7581-EBBOU,Female,0,No,No,60,Yes,No,DSL,No,Yes,Yes,Yes,Yes,No,One year,Yes,Credit card (automatic),70.15,4224.7,Very Long-term,5,1,0,0,High,0,0,0.036681327404298116,0,0.07333333333333333,Low,Low,3.67,0,Low
1784-BXEFA,Female,0,No,No,10,Yes,No,No,No internet service,No internet service,No internet service,No internet service,No internet service,No internet service,Month-to-month,Yes,Mailed check,20.55,187.35,New,1,0,0,1,Low,0,0,0.18881821461106937,0,0.01,Low,Low,18.88,0,Low
7492-TAFJD,Male,0,Yes,Yes,7,No,No phone service,DSL,Yes,Yes,Yes,No,No,No,Two year,No,Mailed check,38.55,280.0,New,3,0,1,0,Medium,0,0,0.08161173633283579,0,0.05,Low,Low,8.16,0,Low
5213-TWWJU,Male,0,No,No,28,Yes,No,Fiber optic,No,No,Yes,Yes,No,Yes,Month-to-month,No,Electronic check,91.0,2626.15,Long-term,4,1,0,1,High,0,0,0.3317707259990701,0,0.19666666666666666,Low,Medium,33.18,0,Medium
3312-ZWLGF,Male,1,Yes,No,29,Yes,Yes,Fiber optic,No,No,No,Yes,No,No,Month-to-month,Yes,Electronic check,79.3,2414.55,Long-term,3,1,0,1,High,0,0,0.491882925525631,0,0.4666666666666667,Medium,Medium,49.19,0,Medium
2923-ARZLG,Male,0,Yes,Yes,0,Yes,No,No,No internet service,No internet service,No internet service,No internet service,No internet service,No internet service,One year,Yes,Mailed check,19.7,0.0,New,1,0,0,0,Low,0,0,0.12968794345325196,0,0.11333333333333333,Low,Low,12.97,0,Low
7032-LMBHI,Female,0,No,No,37,Yes,Yes,DSL,Yes,No,No,No,Yes,No,One year,No,Bank transfer (automatic),64.65,2347.85,Long-term,4,0,1,0,Medium,0,0,0.060187104485726776,0,0.023333333333333334,Low,Low,6.02,0,Low
8292-ITGYJ,Female,0,Yes,Yes,45,Yes,Yes,No,No internet service,No internet service,No internet service,No internet service,No internet service,No internet service,Two year,Yes,Bank transfer (automatic),24.65,1138.8,Long-term,2,0,0,0,Low,0,0,0.011904512852813923,0,0.016666666666666666,Low,Low,1.19,0,Low
9107-UKCKY,Male,0,Yes,No,61,Yes,Yes,DSL,No,Yes,Yes,No,Yes,Yes,One year,Yes,Electronic check,79.8,4914.8,Very Long-term,6,0,0,0,High,0,0,0.12812472995127372,0,0.13666666666666666,Low,Low,12.81,0,Low
6848-HJTXY,Female,0,Yes,No,64,Yes,No,No,No internet service,No internet service,No internet service,No internet service,No internet service,No internet service,Two year,No,Credit card (automatic),19.45,1208.6,Very Long-term,1,0,0,0,Low,0,0,0.005487581541854334,0,0.0033333333333333335,Low,Low,0.55,0,Low
4184-VODJZ,Male,0,Yes,Yes,63,Yes,Yes,Fiber optic,No,Yes,No,No,No,Yes,One year,Yes,Electronic check,91.35,5764.7,Very Long-term,4,0,0,0,High,0,0,0.17961438262925228,0,0.19,Low,Low,17.96,0,Low
4846-WHAFZ,Female,1,Yes,No,37,Yes,Yes,Fiber optic,No,No,No,No,No,No,Month-to-month,Yes,Electronic check,76.5,2868.15,Long-term,2,0,0,1,High,1,0,0.4842735651440393,0,0.3933333333333333,Medium,Medium,48.43,0,Medium
8735-SDUFN,Female,1,Yes,No,72,Yes,Yes,No,No internet service,No internet service,No internet service,No internet service,No internet service,No internet service,Two year,No,Bank transfer (automatic),24.3,1778.7,Very Long-term,2,0,0,0,Low,0,0,0.006575299544171962,0,0.0033333333333333335,Low,Low,0.66,0,Low
0839-JTCUD,Female,0,Yes,Yes,66,Yes,Yes,DSL,Yes,Yes,Yes,Yes,Yes,Yes,Two year,No,Credit card (automatic),89.9,5958.85,Very Long-term,8,1,1,0,High,0,0,0.01021175169901312,0,0.0,Low,Low,1.02,0,Low
6857-VWJDT,Female,0,No,No,1,Yes,Yes,Fiber optic,No,No,No,No,Yes,Yes,Month-to-month,No,Mailed check,95.65,95.65,New,4,0,0,1,High,1,1,0.7450801469811407,1,0.8873464678736245,High,High,74.51,1,High
7363-QTBIW,Female,0,Yes,No,9,Yes,No,Fiber optic,No,No,No,No,No,Yes,Month-to-month,Yes,Electronic check,79.75,769.1,New,2,0,0,1,High,0,1,0.7198306810718296,1,0.8766666666666667,High,High,71.98,1,High
6158-HDPXZ,Male,0,No,No,1,No,No phone service,DSL,No,No,No,No,No,No,Month-to-month,No,Mailed check,25.35,25.35,New,0,0,0,1,Low,0,0,0.46344041548817827,1,0.6,High,Medium,46.34,0,Medium
5419-CONWX,Female,1,No,No,4,Yes,No,Fiber optic,No,Yes,Yes,No,Yes,Yes,Month-to-month,Yes,Credit card (automatic),99.8,442.85,New,5,0,0,1,High,1,1,0.7111400417189494,1,0.78,High,High,71.11,1,High
9286-DOJGF,Female,1,Yes,No,38,Yes,Yes,Fiber optic,No,No,No,No,No,No,Month-to-month,Yes,Bank transfer (automatic),74.95,2869.85,Long-term,2,0,0,1,High,1,0,0.3917484614218078,0,0.36,Medium,Medium,39.17,0,Medium
2408-PSJVE,Male,0,Yes,Yes,44,Yes,No,DSL,No,Yes,Yes,Yes,No,No,Month-to-month,Yes,Mailed check,61.9,2924.05,Long-term,4,1,0,1,Medium,0,0,0.05941095947761639,0,0.09333333333333334,Low,Low,5.94,0,Low
2087-QAREY,Female,0,Yes,No,22,Yes,No,DSL,No,Yes,Yes,No,No,No,Month-to-month,Yes,Mailed check,54.7,1178.75,Medium,3,0,0,1,Medium,0,0,0.17695513302977328,0,0.21666666666666667,Low,Low,17.7,0,Low
6777-TGHTM,Female,0,No,No,53,Yes,Yes,Fiber optic,Yes,No,Yes,No,Yes,Yes,One year,Yes,Credit card (automatic),106.95,5785.5,Very Long-term,6,0,1,0,Very High,1,0,0.256712181603043,0,0.3933333333333333,Medium,Low,25.67,0,Low
6507-ZJSUR,Male,1,Yes,No,23,Yes,No,Fiber optic,No,No,No,No,Yes,Yes,Month-to-month,Yes,Electronic check,90.45,2117.25,Medium,3,0,0,1,High,0,1,0.6073212933989925,0,0.4666666666666667,Medium,High,60.73,1,High
5025-GOOKI,Female,0,No,No,20,Yes,No,No,No internet service,No internet service,No internet service,No internet service,No internet service,No internet service,Month-to-month,Yes,Credit card (automatic),18.9,347.65,Medium,1,0,0,1,Low,0,0,0.09277012311712507,0,0.08,Low,Low,9.28,0,Low
6080-LNESI,Male,0,No,No,51,Yes,Yes,No,No internet service,No internet service,No internet service,No internet service,No internet service,No internet service,Two year,No,Mailed check,24.75,1234.6,Very Long-term,2,0,0,0,Low,0,0,0.014065766605834787,0,0.013333333333333334,Low,Low,1.41,0,Low
2236-HILPA,Male,0,Yes,Yes,62,Yes,No,No,No internet service,No internet service,No internet service,No internet service,No internet service,No internet service,Two year,No,Credit card (automatic),20.65,1218.45,Very Long-term,1,0,0,0,Low,0,0,0.0048380126913103545,0,0.0,Low,Low,0.48,0,Low
1386-ZIKUV,Male,0,No,No,7,Yes,No,No,No internet service,No internet service,No internet service,No internet service,No internet service,No internet service,Month-to-month,Yes,Mailed check,18.95,130.55,New,1,0,0,1,Low,0,0,0.21763277812927995,0,0.04666666666666667,Low,Low,21.76,0,Low
3365-SAIGS,Female,0,No,No,17,Yes,No,Fiber optic,No,Yes,No,No,Yes,No,Month-to-month,Yes,Electronic check,83.55,1329.15,Medium,3,0,0,1,High,0,1,0.5199918614013076,1,0.5766666666666667,Medium,Medium,52.0,1,Medium
6061-GWWAV,Male,0,No,Yes,41,Yes,No,DSL,Yes,Yes,Yes,No,Yes,No,One year,No,Mailed check,70.2,2894.55,Long-term,5,0,1,0,High,0,0,0.026193651173191567,0,0.07333333333333333,Low,Low,2.62,0,Low
9979-RGMZT,Female,0,No,No,7,Yes,No,Fiber optic,No,Yes,No,No,Yes,Yes,One year,Yes,Mailed check,94.05,633.45,New,4,0,0,0,High,0,0,0.4996238081923661,1,0.51,Medium,Medium,49.96,0,Medium
8445-DNBAE,Male,0,No,Yes,1,Yes,Yes,DSL,No,No,No,No,No,No,Month-to-month,Yes,Electronic check,50.05,50.05,New,2,0,0,1,Medium,0,1,0.5701593256969514,0,0.2866666666666667,Low,Medium,57.02,1,Medium
6872-HXFNF,Female,0,Yes,No,64,Yes,Yes,DSL,No,No,Yes,Yes,No,No,One year,No,Bank transfer (automatic),58.35,3756.45,Very Long-term,4,1,0,0,Medium,0,0,0.031241207095991978,0,0.006666666666666667,Low,Low,3.12,0,Low
1320-HTRDR,Female,0,No,No,3,Yes,Yes,Fiber optic,No,No,No,No,No,No,Month-to-month,Yes,Electronic check,75.5,220.6,New,2,0,0,1,High,1,1,0.7731766331306076,1,0.83,High,High,77.32,1,High
3923-CSIHK,Female,1,Yes,No,50,Yes,No,Fiber optic,No,No,No,No,No,No,Month-to-month,Yes,Electronic check,71.05,3444.85,Very Long-term,1,0,0,1,High,1,0,0.41095527877868027,0,0.41333333333333333,Medium,Medium,41.1,0,Medium
2446-ZKVAF,Male,0,Yes,No,18,Yes,Yes,DSL,No,Yes,No,No,No,No,Month-to-month,No,Credit card (automatic),56.8,1074.65,Medium,3,0,0,1,Medium,0,0,0.18472780689537394,0,0.13333333333333333,Low,Low,18.47,0,Low
4640-UHDOS,Female,0,Yes,Yes,13,Yes,No,DSL,No,No,No,No,No,Yes,Month-to-month,No,Electronic check,55.95,734.35,Medium,2,0,0,1,Medium,1,0,0.2628078450725468,0,0.2966666666666667,Low,Low,26.28,0,Low
5457-COLHT,Male,0,Yes,Yes,69,Yes,No,DSL,Yes,Yes,No,Yes,Yes,Yes,Two year,No,Bank transfer (automatic),80.65,5542.55,Very Long-term,6,1,1,0,High,0,0,0.006627377341170576,0,0.01,Low,Low,0.66,0,Low
2254-DLXRI,Female,0,No,No,1,Yes,Yes,Fiber optic,No,Yes,No,No,No,No,Month-to-month,Yes,Mailed check,79.15,79.15,New,3,0,0,1,High,0,1,0.6991376634455064,1,0.91,High,High,69.91,1,High
5339-PXDVH,Male,0,No,No,4,Yes,Yes,Fiber optic,Yes,No,No,No,Yes,No,Month-to-month,No,Electronic check,90.65,367.95,New,4,0,1,1,High,0,1,0.6560319258905671,0,0.41,Medium,High,65.6,1,High
2386-LAHRK,Male,0,No,No,1,Yes,No,DSL,No,No,No,No,Yes,No,Month-to-month,Yes,Mailed check,53.5,53.5,New,2,0,0,1,Medium,1,1,0.5278963568949554,1,0.7633333333333333,High,Medium,52.79,1,Medium
5062-CJJKH,Male,0,Yes,Yes,25,Yes,No,DSL,No,Yes,Yes,No,No,No,One year,No,Mailed check,53.65,1355.45,Long-term,3,0,0,0,Medium,0,0,0.06277266814399542,0,0.06666666666666667,Low,Low,6.28,0,Low
8930-XOTDP,Female,0,Yes,Yes,18,Yes,No,DSL,No,No,No,No,Yes,No,Month-to-month,No,Mailed check,55.95,1082.8,Medium,2,0,0,1,Medium,0,0,0.17611916225532742,0,0.20666666666666667,Low,Low,17.61,0,Low
4779-ZGICK,Male,0,Yes,Yes,48,Yes,Yes,No,No internet service,No internet service,No internet service,No internet service,No internet service,No internet service,Two year,No,Mailed check,23.55,1173.35,Long-term,2,0,0,0,Low,0,0,0.007905697235789365,0,0.0,Low,Low,0.79,0,Low
9534-NSXEM,Male,0,No,No,26,Yes,No,No,No internet service,No internet service,No internet service,No internet service,No internet service,No internet service,One year,Yes,Credit card (automatic),20.65,595.5,Long-term,1,0,0,0,Low,0,0,0.045369706883712495,0,0.0,Low,Low,4.54,0,Low
3716-BDVDB,Male,0,No,No,1,Yes,No,Fiber optic,No,No,No,No,No,No,Month-to-month,Yes,Electronic check,69.1,69.1,New,1,0,0,1,Medium,1,1,0.7435700200303829,1,0.96,High,High,74.36,1,High
9842-EFSYY,Female,0,No,Yes,4,No,No phone service,DSL,Yes,Yes,Yes,No,Yes,Yes,Month-to-month,Yes,Mailed check,57.2,223.75,New,5,0,1,1,Medium,0,0,0.49669003709046805,0,0.31333333333333335,Medium,Medium,49.67,0,Medium
9122-UMROB,Male,0,No,No,1,Yes,No,No,No internet service,No internet service,No internet service,No internet service,No internet service,No internet service,Month-to-month,No,Mailed check,20.3,20.3,New,1,0,0,1,Low,0,0,0.19446675111719372,0,0.021057027943099004,Low,Low,19.45,0,Low
1867-BDVFH,Male,0,Yes,Yes,11,Yes,Yes,Fiber optic,No,No,No,No,No,No,Month-to-month,Yes,Electronic check,74.35,834.2,New,2,0,0,1,High,1,1,0.6846548413807756,1,0.6833333333333333,High,High,68.47,1,High
5949-EBSQK,Male,0,Yes,Yes,4,Yes,No,DSL,No,No,No,Yes,No,Yes,Month-to-month,No,Credit card (automatic),61.45,229.55,New,3,1,0,1,Medium,1,0,0.2599825435181392,0,0.21666666666666667,Low,Low,26.0,0,Low
4160-AMJTL,Female,1,No,No,8,Yes,No,No,No internet service,No internet service,No internet service,No internet service,No internet service,No internet service,Month-to-month,No,Electronic check,19.65,164.3,New,1,0,0,1,Low,1,0,0.2205018542054323,0,0.1708987178234483,Low,Low,22.05,0,Low
8622-ZLFKO,Female,0,Yes,No,6,Yes,Yes,Fiber optic,No,Yes,No,No,No,Yes,Month-to-month,Yes,Electronic check,90.75,512.25,New,4,0,0,1,High,0,1,0.7666404348604642,1,0.8766666666666667,High,High,76.66,1,High
2990-IAJSV,Male,0,No,No,72,Yes,Yes,DSL,Yes,Yes,Yes,Yes,Yes,Yes,Two year,No,Bank transfer (automatic),92.0,6632.75,Very Long-term,8,1,1,0,High,0,0,0.009636470067158212,0,0.006666666666666667,Low,Low,0.96,0,Low
6064-ZATLR,Female,0,No,No,27,Yes,No,DSL,Yes,Yes,No,No,No,No,Two year,No,Bank transfer (automatic),52.85,1498.65,Long-term,3,0,1,0,Medium,0,0,0.022062954031393245,0,0.006666666666666667,Low,Low,2.21,0,Low
7409-KIUTL,Female,1,No,Yes,1,Yes,No,Fiber optic,No,No,No,No,No,No,Month-to-month,Yes,Electronic check,71.0,71.0,New,1,0,0,1,High,1,1,0.7137877473488256,1,0.7833333333333333,High,High,71.38,1,High
5505-OVWQW,Female,0,No,No,17,Yes,No,No,No internet service,No internet service,No internet service,No internet service,No internet service,No internet service,One year,No,Mailed check,20.15,353.65,Medium,1,0,0,0,Low,0,0,0.03868100605564579,0,0.023333333333333334,Low,Low,3.87,0,Low
3948-KXDUF,Male,0,No,No,66,Yes,Yes,DSL,Yes,Yes,Yes,Yes,No,No,Two year,No,Bank transfer (automatic),68.75,4447.55,Very Long-term,6,1,1,0,Medium,0,0,0.007836455243768697,0,0.0,Low,Low,0.78,0,Low
9814-AOUDH,Male,0,No,No,53,Yes,No,No,No internet service,No internet service,No internet service,No internet service,No internet service,No internet service,Two year,No,Credit card (automatic),19.5,1050.5,Very Long-term,1,0,0,0,Low,0,0,0.008637265019542859,0,0.11333333333333333,Low,Low,0.86,0,Low
7398-LXGYX,Male,0,Yes,No,44,Yes,Yes,Fiber optic,Yes,No,Yes,No,No,No,Month-to-month,Yes,Credit card (automatic),84.8,3626.35,Long-term,4,0,1,1,High,0,0,0.22238927541583056,0,0.18333333333333332,Low,Low,22.24,0,Low
5266-PFRQK,Male,0,Yes,Yes,52,Yes,No,No,No internet service,No internet service,No internet service,No internet service,No internet service,No internet service,One year,Yes,Credit card (automatic),20.85,1071.6,Very Long-term,1,0,0,0,Low,0,0,0.022254730213700856,0,0.05,Low,Low,2.23,0,Low
1568-BEKZM,Male,1,Yes,No,70,Yes,Yes,DSL,Yes,Yes,Yes,Yes,Yes,Yes,Two year,No,Credit card (automatic),90.05,6333.4,Very Long-term,8,1,1,0,High,0,0,0.012718887032999672,0,0.016666666666666666,Low,Low,1.27,0,Low
2692-PFYTJ,Female,0,No,No,1,Yes,Yes,No,No internet service,No internet service,No internet service,No internet service,No internet service,No internet service,Month-to-month,Yes,Mailed check,25.75,25.75,New,2,0,0,1,Low,0,0,0.3216764604601583,0,0.12350322628966864,Low,Medium,32.17,0,Medium
2533-QVMSK,Male,0,Yes,No,61,Yes,Yes,Fiber optic,No,Yes,No,Yes,Yes,No,Two year,Yes,Electronic check,94.1,5638.3,Very Long-term,5,1,0,0,High,1,0,0.09269759287353178,0,0.03333333333333333,Low,Low,9.27,0,Low
5828-AVIPD,Male,0,Yes,Yes,19,Yes,Yes,Fiber optic,No,No,No,Yes,Yes,Yes,One year,Yes,Electronic check,100.95,1875.55,Medium,5,1,0,0,Very High,1,0,0.4350984303124885,0,0.39666666666666667,Medium,Medium,43.51,0,Medium
2907-ILJBN,Female,0,Yes,Yes,11,Yes,No,No,No internet service,No internet service,No internet service,No internet service,No internet service,No internet service,One year,No,Mailed check,20.6,233.9,New,1,0,0,0,Low,0,0,0.05808142164050526,0,0.11333333333333333,Low,Low,5.81,0,Low
5226-NOZFC,Male,0,No,No,26,Yes,No,Fiber optic,No,Yes,No,No,Yes,No,Month-to-month,Yes,Electronic check,85.75,2146.5,Long-term,3,0,0,1,High,0,0,0.48603547138356407,1,0.6033333333333334,High,Medium,48.6,0,Medium
7114-AEOZE,Female,0,No,No,60,Yes,No,No,No internet service,No internet service,No internet service,No internet service,No internet service,No internet service,Two year,No,Bank transfer (automatic),19.85,1128.1,Very Long-term,1,0,0,0,Low,0,0,0.006351299884586378,0,0.016666666666666666,Low,Low,0.64,0,Low
2202-CUYXZ,Male,0,No,No,1,Yes,No,Fiber optic,No,No,Yes,No,Yes,No,Month-to-month,Yes,Electronic check,84.85,84.85,New,3,0,0,1,High,1,1,0.7706164648719432,1,0.81,High,High,77.06,1,High
3466-RITXD,Male,0,No,No,26,Yes,Yes,Fiber optic,Yes,Yes,No,No,Yes,No,Month-to-month,Yes,Credit card (automatic),92.4,2349.8,Long-term,5,0,1,1,High,0,0,0.3902422388050663,0,0.4066666666666667,Medium,Medium,39.02,0,Medium
7278-CKDNC,Male,1,No,No,24,Yes,Yes,Fiber optic,No,Yes,No,No,No,No,Month-to-month,Yes,Electronic check,80.5,2088.45,Medium,3,0,0,1,High,0,1,0.5117106573528349,1,0.76,High,Medium,51.17,1,Medium
1956-YIFGE,Male,0,Yes,Yes,22,Yes,No,Fiber optic,No,Yes,Yes,No,Yes,Yes,One year,Yes,Mailed check,100.05,2090.25,Medium,5,0,0,0,Very High,0,0,0.299889847374237,0,0.29333333333333333,Low,Low,29.99,0,Low
0422-UXFAP,Female,0,Yes,No,51,Yes,Yes,Fiber optic,No,No,Yes,No,Yes,Yes,One year,Yes,Electronic check,98.85,4947.55,Very Long-term,5,0,0,0,High,0,0,0.39814657508018664,0,0.35,Medium,Medium,39.81,0,Medium
3733-UOCWF,Male,1,Yes,No,61,Yes,Yes,Fiber optic,No,Yes,No,Yes,No,No,One year,Yes,Bank transfer (automatic),85.55,5251.75,Very Long-term,4,1,0,0,High,0,0,0.11623512059455578,0,0.056666666666666664,Low,Low,11.62,0,Low
7191-ADRGF,Male,0,Yes,No,44,No,No phone service,DSL,No,Yes,Yes,No,Yes,Yes,Two year,No,Bank transfer (automatic),54.3,2390.45,Long-term,4,0,0,0,Medium,0,0,0.04574401235049516,0,0.19333333333333333,Low,Low,4.57,0,Low
5709-LVOEQ,Female,0,Yes,Yes,0,Yes,No,DSL,Yes,Yes,Yes,No,Yes,Yes,Two year,No,Mailed check,80.85,0.0,New,6,0,1,0,High,0,0,0.08577316662332692,0,0.10333333333333333,Low,Low,8.58,0,Low
6034-YMTOB,Female,0,No,No,5,Yes,No,Fiber optic,No,No,No,Yes,No,No,Month-to-month,Yes,Mailed check,75.65,399.45,New,2,1,0,1,High,0,1,0.5373795694459883,1,0.5266666666666666,Medium,Medium,53.74,1,Medium
6372-RFVNS,Female,0,Yes,No,1,Yes,No,Fiber optic,No,No,No,No,Yes,No,Month-to-month,No,Electronic check,78.8,78.8,New,2,0,0,1,High,1,1,0.7114978819374158,1,0.9066666666666666,High,High,71.15,1,High
9052-DHNKM,Male,0,No,No,26,Yes,Yes,DSL,Yes,Yes,No,No,No,No,One year,No,Electronic check,61.55,1581.95,Long-term,4,0,1,0,Medium,0,0,0.08563031961510255,0,0.06,Low,Low,8.56,0,Low
5609-IMCGG,Female,0,No,No,15,Yes,Yes,Fiber optic,Yes,No,Yes,No,No,No,Month-to-month,Yes,Credit card (automatic),84.35,1302.65,Medium,4,0,1,1,High,0,0,0.40391132749137537,0,0.26,Low,Medium,40.39,0,Medium
2959-MJHIC,Male,0,Yes,No,4,Yes,No,Fiber optic,No,No,No,No,Yes,No,Month-to-month,Yes,Electronic check,80.35,307.4,New,2,0,0,1,High,1,1,0.7584597177406155,1,0.7766666666666666,High,High,75.85,1,High
1319-YLZJG,Male,0,Yes,No,12,Yes,No,Fiber optic,Yes,Yes,Yes,No,No,No,Month-to-month,Yes,Electronic check,84.6,959.9,New,4,0,1,1,High,0,0,0.4999608452051994,0,0.45666666666666667,Medium,Medium,50.0,0,Medium
7623-TRNQN,Male,0,No,Yes,1,Yes,No,DSL,No,No,No,Yes,No,No,Month-to-month,Yes,Mailed check,49.9,49.9,New,2,1,0,1,Medium,1,0,0.32960752321628234,0,0.23333333333333334,Low,Medium,32.96,0,Medium
0377-JBKKT,Male,0,Yes,Yes,22,Yes,No,DSL,Yes,Yes,No,Yes,No,No,Month-to-month,Yes,Mailed check,57.95,1271.8,Medium,4,1,1,1,Medium,0,0,0.08062429745702632,0,0.12,Low,Low,8.06,0,Low
1936-CZAKF,Male,0,Yes,No,49,No,No phone service,DSL,No,Yes,No,No,Yes,Yes,Two year,No,Credit card (automatic),49.65,2409.9,Very Long-term,3,0,0,0,Medium,0,0,0.06317986121061486,0,0.15666666666666668,Low,Low,6.32,0,Low
5063-IUOKK,Male,0,No,No,13,Yes,No,No,No internet service,No internet service,No internet service,No internet service,No internet service,No internet service,Two year,No,Mailed check,19.75,265.75,Medium,1,0,0,0,Low,0,0,0.02285584122008168,0,0.0,Low,Low,2.29,0,Low
8646-JCOMS,Female,0,Yes,No,66,Yes,Yes,Fiber optic,No,Yes,Yes,Yes,No,No,One year,Yes,Bank transfer (automatic),90.55,6130.95,Very Long-term,5,1,0,0,High,0,0,0.08352002563510012,0,0.03666666666666667,Low,Low,8.35,0,Low
0979-MOZQI,Male,0,Yes,No,62,No,No phone service,DSL,No,No,No,Yes,Yes,No,Two year,Yes,Bank transfer (automatic),39.0,2337.45,Very Long-term,2,1,0,0,Medium,0,0,0.03648084502285398,0,0.02666666666666667,Low,Low,3.65,0,Low
1525-LNLOJ,Male,0,Yes,Yes,66,Yes,Yes,DSL,No,No,Yes,No,Yes,No,Two year,Yes,Bank transfer (automatic),63.3,4189.7,Very Long-term,4,0,0,0,Medium,0,0,0.030185798038902582,0,0.02,Low,Low,3.02,0,Low
5759-RCVCB,Female,0,No,No,3,No,No phone service,DSL,No,No,No,No,Yes,No,Month-to-month,No,Credit card (automatic),35.2,108.95,New,1,0,0,1,Medium,1,1,0.5295438526069514,0,0.4266666666666667,Medium,Medium,52.95,1,Medium
9968-FFVVH,Male,0,No,No,63,Yes,Yes,DSL,Yes,Yes,Yes,Yes,No,No,One year,No,Bank transfer (automatic),68.8,4111.35,Very Long-term,6,1,1,0,Medium,0,0,0.01817872297317974,0,0.043333333333333335,Low,Low,1.82,0,Low
2266-FUBDZ,Male,0,Yes,Yes,15,Yes,No,No,No internet service,No internet service,No internet service,No internet service,No internet service,No internet service,Two year,No,Mailed check,19.35,278.85,Medium,1,0,0,0,Low,0,0,0.017851018062916033,0,0.013333333333333334,Low,Low,1.79,0,Low
4760-THGOT,Female,0,Yes,No,43,Yes,Yes,Fiber optic,Yes,Yes,No,No,No,Yes,Month-to-month,Yes,Electronic check,94.1,4107.3,Long-term,5,0,1,1,High,0,0,0.32553018651840987,0,0.2633333333333333,Low,Medium,32.55,0,Medium
2307-FYNNL,Male,1,No,No,65,Yes,Yes,Fiber optic,Yes,No,Yes,Yes,Yes,Yes,Two year,Yes,Electronic check,109.05,7108.2,Very Long-term,7,1,1,0,Very High,0,0,0.11873961248303237,0,0.36666666666666664,Medium,Low,11.87,0,Low
1143-NMNQJ,Female,0,No,No,2,Yes,Yes,Fiber optic,No,No,No,No,No,Yes,Month-to-month,Yes,Electronic check,85.7,169.8,New,3,0,0,1,High,1,1,0.8160674296150607,1,0.9633333333333334,High,High,81.61,1,High
1629-DQQVB,Female,0,No,No,14,Yes,No,DSL,Yes,No,No,No,No,No,Month-to-month,No,Bank transfer (automatic),50.1,709.5,Medium,2,0,1,1,Medium,0,0,0.1313328507646913,0,0.21666666666666667,Low,Low,13.13,0,Low
3766-EJLFL,Female,0,Yes,Yes,68,Yes,Yes,Fiber optic,Yes,No,Yes,Yes,Yes,Yes,Two year,Yes,Bank transfer (automatic),109.05,7508.55,Very Long-term,7,1,1,0,Very High,0,0,0.056204385543817036,0,0.10666666666666667,Low,Low,5.62,0,Low
8457-XIGKN,Male,0,No,No,20,Yes,No,No,No internet service,No internet service,No internet service,No internet service,No internet service,No internet service,Month-to-month,Yes,Credit card (automatic),19.6,356.15,Medium,1,0,0,1,Low,0,0,0.0931141514447197,0,0.09666666666666666,Low,Low,9.31,0,Low
4981-FLTMF,Female,0,Yes,Yes,57,Yes,Yes,DSL,Yes,Yes,No,Yes,No,No,Month-to-month,No,Bank transfer (automatic),65.2,3687.85,Very Long-term,5,1,1,1,Medium,0,0,0.03912795529276939,0,0.056666666666666664,Low,Low,3.91,0,Low
7606-BPHHN,Male,0,No,No,72,Yes,No,No,No internet service,No internet service,No internet service,No internet service,No internet service,No internet service,Two year,Yes,Credit card (automatic),19.8,1468.75,Very Long-term,1,0,0,0,Low,0,0,0.005535845132577353,0,0.0,Low,Low,0.55,0,Low
7005-CCBKV,Male,0,No,No,6,Yes,No,Fiber optic,No,Yes,No,No,No,Yes,Month-to-month,Yes,Electronic check,84.4,556.35,New,3,0,0,1,High,1,1,0.7051664971101236,1,0.6733333333333333,High,High,70.52,1,High
4648-YPBTM,Male,0,No,No,53,Yes,Yes,DSL,No,Yes,Yes,Yes,No,Yes,Two year,Yes,Bank transfer (automatic),73.9,3958.25,Very Long-term,6,1,0,0,High,0,0,0.034707553341240815,0,0.0033333333333333335,Low,Low,3.47,0,Low
2325-ZUSFD,Female,0,Yes,Yes,57,Yes,No,DSL,Yes,No,No,No,Yes,Yes,One year,Yes,Bank transfer (automatic),70.1,3913.3,Very Long-term,4,0,1,0,High,1,0,0.05077465147851441,0,0.03,Low,Low,5.08,0,Low
1240-KNSEZ,Male,0,No,No,1,Yes,No,No,No internet service,No internet service,No internet service,No internet service,No internet service,No internet service,Month-to-month,Yes,Mailed check,20.1,20.1,New,1,0,0,1,Low,1,0,0.2605570138806196,1,0.8333333333333334,High,Low,26.06,0,Low
0430-IHCDJ,Male,0,No,No,15,Yes,Yes,DSL,No,No,No,No,No,No,Month-to-month,Yes,Electronic check,49.0,749.25,Medium,2,0,0,1,Medium,0,0,0.39743887713259074,1,0.6333333333333333,High,Medium,39.74,0,Medium
7957-RYHQD,Female,1,No,No,40,Yes,No,Fiber optic,Yes,Yes,No,No,No,No,Month-to-month,Yes,Credit card (automatic),79.2,3233.85,Long-term,3,0,1,1,High,1,0,0.18736996723728327,1,0.5466666666666666,Medium,Low,18.74,0,Low
6164-HAQTX,Male,0,No,No,71,No,No phone service,DSL,Yes,Yes,Yes,Yes,Yes,No,Two year,No,Bank transfer (automatic),53.95,3888.65,Very Long-term,5,1,1,0,Medium,0,0,0.009861008749536108,0,0.0,Low,Low,0.99,0,Low
0749-IRGQE,Female,1,Yes,No,13,No,No phone service,DSL,No,No,No,No,Yes,Yes,Month-to-month,No,Electronic check,45.3,528.45,Medium,2,0,0,1,Medium,0,1,0.5370314773945642,0,0.49333333333333335,Medium,Medium,53.7,1,Medium
1227-UDMZR,Female,0,Yes,No,72,Yes,Yes,DSL,Yes,Yes,Yes,Yes,Yes,Yes,Two year,Yes,Bank transfer (automatic),91.15,6637.9,Very Long-term,8,1,1,0,High,0,0,0.01446294738120377,0,0.0,Low,Low,1.45,0,Low
5473-KHBPS,Female,0,Yes,Yes,52,Yes,Yes,Fiber optic,No,Yes,Yes,No,Yes,No,One year,Yes,Credit card (automatic),95.7,4976.15,Very Long-term,5,0,0,0,High,0,0,0.1839206274064842,0,0.07333333333333333,Low,Low,18.39,0,Low
5297-MDOIR,Female,0,Yes,No,63,Yes,No,Fiber optic,Yes,No,Yes,No,No,No,One year,Yes,Credit card (automatic),81.15,5224.5,Very Long-term,3,0,1,0,High,0,0,0.07259424950119658,0,0.01,Low,Low,7.26,0,Low
8873-TMKGR,Male,0,No,No,29,Yes,No,No,No internet service,No internet service,No internet service,No internet service,No internet service,No internet service,One year,No,Mailed check,19.1,529.5,Long-term,1,0,0,0,Low,0,0,0.030634995374322845,0,0.0,Low,Low,3.06,0,Low
6481-ESCNL,Female,0,No,No,29,Yes,Yes,Fiber optic,No,No,Yes,No,Yes,Yes,Month-to-month,No,Bank transfer (automatic),100.55,2878.75,Long-term,5,0,0,1,Very High,0,1,0.5231204077258816,0,0.25,Low,Medium,52.31,1,Medium
0463-WZZKO,Male,0,No,No,3,Yes,No,No,No internet service,No internet service,No internet service,No internet service,No internet service,No internet service,Month-to-month,Yes,Credit card (automatic),20.75,67.1,New,1,0,0,1,Low,0,0,0.22901908602506887,0,0.13666666666666666,Low,Low,22.9,0,Low
1038-RQOST,Male,0,Yes,Yes,19,Yes,No,No,No internet service,No internet service,No internet service,No internet service,No internet service,No internet service,Month-to-month,No,Mailed check,20.6,414.95,Medium,1,0,0,1,Low,0,0,0.06165102170590096,0,0.016666666666666666,Low,Low,6.17,0,Low
4937-QPZPO,Male,0,Yes,Yes,61,Yes,Yes,Fiber optic,No,No,Yes,No,Yes,Yes,One year,Yes,Electronic check,99.9,6241.35,Very Long-term,5,0,0,0,High,0,0,0.27013475687153965,0,0.4633333333333333,Medium,Low,27.01,0,Low
3604-WLABM,Female,0,No,No,10,Yes,No,DSL,No,No,Yes,Yes,No,No,Month-to-month,No,Electronic check,54.25,583.0,New,3,1,0,1,Medium,0,0,0.27662613883421466,0,0.25,Low,Low,27.66,0,Low
1360-XFJMR,Female,0,Yes,No,67,Yes,Yes,Fiber optic,No,Yes,Yes,Yes,Yes,Yes,One year,Yes,Credit card (automatic),109.7,7344.45,Very Long-term,7,1,0,0,Very High,0,0,0.16285765005008904,0,0.12333333333333334,Low,Low,16.29,0,Low
8717-VCTXJ,Male,0,No,No,42,Yes,No,No,No internet service,No internet service,No internet service,No internet service,No internet service,No internet service,One year,Yes,Mailed check,19.55,839.4,Long-term,1,0,0,0,Low,0,0,0.02542516883272484,0,0.006666666666666667,Low,Low,2.54,0,Low
5196-SGOAK,Female,0,No,No,1,Yes,No,Fiber optic,No,Yes,No,No,No,No,Month-to-month,Yes,Electronic check,75.7,75.7,New,2,0,0,1,High,1,1,0.6892244788661167,1,0.9133333333333333,High,High,68.92,1,High
8739-XNIKG,Female,0,No,No,5,Yes,Yes,Fiber optic,No,No,No,No,Yes,No,Month-to-month,Yes,Electronic check,84.0,424.75,New,3,0,0,1,High,0,1,0.8030860971361709,1,0.8133333333333334,High,High,80.31,1,High
2320-TZRRH,Female,0,No,No,20,Yes,No,No,No internet service,No internet service,No internet service,No internet service,No internet service,No internet service,One year,No,Mailed check,19.5,403.15,Medium,1,0,0,0,Low,0,0,0.03455513597717575,0,0.01,Low,Low,3.46,0,Low
5186-SAMNZ,Male,1,No,No,1,Yes,No,Fiber optic,No,No,No,No,No,No,Month-to-month,Yes,Bank transfer (automatic),69.5,69.5,New,1,0,0,1,Medium,1,1,0.6999573239116715,1,0.83,High,High,70.0,1,High
5760-FXFVO,Male,0,No,No,6,Yes,No,Fiber optic,Yes,Yes,No,No,No,No,Month-to-month,Yes,Electronic check,78.95,494.95,New,3,0,1,1,High,0,1,0.559577000109168,1,0.6066666666666667,High,Medium,55.96,1,Medium
5380-WJKOV,Male,0,No,No,34,Yes,Yes,Fiber optic,No,Yes,Yes,No,Yes,Yes,Month-to-month,Yes,Electronic check,106.35,3549.25,Long-term,6,0,0,1,Very High,1,1,0.6153486483591176,1,0.6533333333333333,High,High,61.53,1,High
4703-MQYKT,Male,0,No,No,21,Yes,No,No,No internet service,No internet service,No internet service,No internet service,No internet service,No internet service,Two year,No,Mailed check,19.6,390.4,Medium,1,0,0,0,Low,0,0,0.01631615083172969,0,0.02,Low,Low,1.63,0,Low
2001-MCUUW,Male,0,No,No,46,Yes,Yes,Fiber optic,No,Yes,Yes,Yes,Yes,Yes,Two year,No,Electronic check,108.65,4903.2,Long-term,7,1,0,0,Very High,0,0,0.10517537318607102,0,0.24333333333333335,Low,Low,10.52,0,Low
4947-DSMXK,Male,0,Yes,Yes,34,Yes,Yes,Fiber optic,No,Yes,No,No,Yes,Yes,Month-to-month,Yes,Bank transfer (automatic),97.7,3410.0,Long-term,5,0,0,1,High,0,0,0.43534934830889144,0,0.43666666666666665,Medium,Medium,43.53,0,Medium
0076-LVEPS,Male,0,No,Yes,29,No,No phone service,DSL,Yes,Yes,Yes,Yes,No,No,Month-to-month,Yes,Mailed check,45.0,1242.45,Long-term,4,1,1,1,Medium,0,0,0.11739137569253924,0,0.12333333333333334,Low,Low,11.74,0,Low
5566-SOEZD,Male,0,Yes,Yes,27,Yes,No,Fiber optic,Yes,Yes,No,No,No,No,One year,Yes,Credit card (automatic),80.65,2209.75,Long-term,3,0,1,0,High,0,0,0.11635705150974396,0,0.08,Low,Low,11.64,0,Low
7408-OFWXJ,Female,0,Yes,Yes,72,Yes,Yes,DSL,Yes,Yes,Yes,Yes,Yes,Yes,Two year,No,Credit card (automatic),89.8,6510.45,Very Long-term,8,1,1,0,High,0,0,0.0081165447182308,0,0.0,Low,Low,0.81,0,Low
1097-FSPVW,Female,0,No,No,42,Yes,No,DSL,Yes,No,Yes,No,No,No,Month-to-month,No,Credit card (automatic),54.55,2455.05,Long-term,3,0,1,1,Medium,0,0,0.056237290877519046,0,0.14333333333333334,Low,Low,5.62,0,Low
4412-YLTKF,Female,1,No,No,27,Yes,Yes,Fiber optic,No,No,Yes,No,No,No,Month-to-month,Yes,Electronic check,78.05,2135.5,Long-term,3,0,0,1,High,1,1,0.5848901290644979,0,0.38666666666666666,Medium,Medium,58.49,1,Medium
0420-TXVSG,Male,0,Yes,No,66,Yes,Yes,DSL,Yes,Yes,Yes,No,No,No,Two year,Yes,Credit card (automatic),66.1,4428.45,Very Long-term,5,0,1,0,Medium,0,0,0.015691500527369086,0,0.02666666666666667,Low,Low,1.57,0,Low
7817-BOQPW,Female,0,No,No,2,Yes,Yes,Fiber optic,No,No,No,No,No,No,Month-to-month,Yes,Electronic check,75.55,166.3,New,2,0,0,1,High,1,1,0.7801371102394257,1,0.8766666666666667,High,High,78.01,1,High
0963-ZBDRN,Male,0,No,No,32,Yes,No,Fiber optic,No,No,No,Yes,Yes,Yes,Month-to-month,Yes,Electronic check,96.2,3183.4,Long-term,4,1,0,1,High,1,0,0.44448213811744275,0,0.37666666666666665,Medium,Medium,44.45,0,Medium
9685-WKZGT,Male,1,No,No,14,Yes,Yes,Fiber optic,No,No,No,No,No,No,Month-to-month,Yes,Electronic check,74.95,1036.75,Medium,2,0,0,1,High,1,1,0.6499570334426409,1,0.5166666666666667,Medium,High,65.0,1,High
2139-FQHLM,Male,0,No,No,19,Yes,No,Fiber optic,No,No,Yes,Yes,Yes,No,Month-to-month,No,Mailed check,89.95,1682.4,Medium,4,1,0,1,High,0,0,0.29170867673820094,0,0.14666666666666667,Low,Low,29.17,0,Low
5825-XJOCM,Male,0,No,Yes,48,Yes,Yes,DSL,Yes,Yes,Yes,No,No,No,One year,Yes,Bank transfer (automatic),64.4,3035.35,Long-term,5,0,1,0,Medium,0,0,0.03109021590675832,0,0.03333333333333333,Low,Low,3.11,0,Low
0004-TLHLJ,Male,0,No,No,4,Yes,No,Fiber optic,No,No,Yes,No,No,No,Month-to-month,Yes,Electronic check,73.9,280.85,New,2,0,0,1,High,1,1,0.7073155358176729,0,0.4666666666666667,Medium,High,70.73,1,High
7529-ZDFXI,Male,1,Yes,No,57,Yes,Yes,Fiber optic,No,Yes,No,No,No,Yes,Month-to-month,Yes,Electronic check,89.85,4925.35,Very Long-term,4,0,0,1,High,0,0,0.4575962714034058,0,0.32,Medium,Medium,45.76,0,Medium
6848-YLDFR,Male,0,Yes,Yes,58,Yes,No,DSL,No,Yes,No,Yes,Yes,Yes,One year,Yes,Credit card (automatic),75.2,4300.8,Very Long-term,5,1,0,0,High,0,0,0.04394130112518673,0,0.056666666666666664,Low,Low,4.39,0,Low
5820-PTRYM,Female,1,Yes,No,56,Yes,Yes,DSL,Yes,Yes,Yes,Yes,No,No,One year,Yes,Credit card (automatic),68.45,4014.0,Very Long-term,6,1,1,0,Medium,0,0,0.04107961722857268,0,0.03666666666666667,Low,Low,4.11,0,Low
2984-RGEYA,Female,0,Yes,Yes,69,Yes,No,No,No internet service,No internet service,No internet service,No internet service,No internet service,No internet service,Two year,No,Bank transfer (automatic),19.75,1375.4,Very Long-term,1,0,0,0,Low,0,0,0.003658540230043825,0,0.013333333333333334,Low,Low,0.37,0,Low
6434-TTGJP,Male,0,Yes,Yes,10,No,No phone service,DSL,Yes,Yes,Yes,Yes,No,Yes,Two year,No,Credit card (automatic),53.7,521.0,New,5,1,1,0,Medium,0,0,0.060290991689345735,0,0.016666666666666666,Low,Low,6.03,0,Low
9643-AVVWI,Female,0,Yes,Yes,3,Yes,No,Fiber optic,No,Yes,No,Yes,No,No,Month-to-month,Yes,Electronic check,80.0,241.3,New,3,1,0,1,High,0,1,0.5500799740486446,1,0.73,High,Medium,55.01,1,Medium
3506-OVLKD,Male,0,No,No,35,Yes,Yes,No,No internet service,No internet service,No internet service,No internet service,No internet service,No internet service,One year,No,Bank transfer (automatic),26.2,954.9,Long-term,2,0,0,0,Low,0,0,0.030396830014410917,0,0.12,Low,Low,3.04,0,Low
4946-EDSEW,Female,0,Yes,Yes,11,Yes,No,No,No internet service,No internet service,No internet service,No internet service,No internet service,No internet service,Month-to-month,Yes,Mailed check,19.25,180.3,New,1,0,0,1,Low,1,0,0.1612152618509174,0,0.06,Low,Low,16.12,0,Low
2924-KHUVI,Male,0,Yes,No,56,Yes,Yes,Fiber optic,Yes,No,No,No,Yes,Yes,One year,Yes,Electronic check,100.55,5514.95,Very Long-term,5,0,1,0,Very High,0,0,0.3271024897114725,0,0.2833333333333333,Low,Medium,32.71,0,Medium
2263-SFSQZ,Male,0,Yes,Yes,51,Yes,Yes,No,No internet service,No internet service,No internet service,No internet service,No internet service,No internet service,Two year,Yes,Mailed check,24.95,1222.25,Very Long-term,2,0,0,0,Low,0,0,0.017079656217223474,0,0.023333333333333334,Low,Low,1.71,0,Low
5281-BUZGT,Male,1,No,No,36,Yes,Yes,Fiber optic,Yes,No,No,No,Yes,No,Month-to-month,Yes,Electronic check,90.85,3186.7,Long-term,4,0,1,1,High,1,0,0.45205292649113404,0,0.31333333333333335,Medium,Medium,45.21,0,Medium
3717-FDJFU,Male,0,No,Yes,5,Yes,No,No,No internet service,No internet service,No internet service,No internet service,No internet service,No internet service,Two year,No,Mailed check,20.45,106.9,New,1,0,0,0,Low,0,0,0.03611503641616598,0,0.0033333333333333335,Low,Low,3.61,0,Low
2239-CFOUJ,Male,0,Yes,Yes,1,Yes,No,No,No internet service,No internet service,No internet service,No internet service,No internet service,No internet service,One year,No,Mailed check,20.4,20.4,New,1,0,0,0,Low,0,0,0.08828334412433242,0,0.07,Low,Low,8.83,0,Low
8699-ASUFO,Male,1,Yes,No,7,Yes,Yes,Fiber optic,No,No,No,No,No,No,Month-to-month,Yes,Mailed check,74.4,527.9,New,2,0,0,1,High,1,1,0.728293072388287,1,0.7733333333333333,High,High,72.83,1,High
1122-YJBCS,Male,0,Yes,No,69,Yes,No,DSL,Yes,Yes,No,No,No,No,One year,Yes,Credit card (automatic),53.65,3804.4,Very Long-term,3,0,1,0,Medium,0,0,0.021430701268547615,0,0.09,Low,Low,2.14,0,Low
0628-CNQRM,Male,0,Yes,Yes,22,Yes,No,DSL,Yes,No,Yes,Yes,Yes,No,One year,Yes,Bank transfer (automatic),67.5,1544.05,Medium,5,1,1,0,Medium,1,0,0.056226640853104456,0,0.05333333333333334,Low,Low,5.62,0,Low
1705-GUHPV,Female,0,No,No,63,Yes,Yes,No,No internet service,No internet service,No internet service,No internet service,No internet service,No internet service,Two year,No,Mailed check,24.2,1618.2,Very Long-term,2,0,0,0,Low,0,0,0.00844999059138381,0,0.0,Low,Low,0.84,0,Low
4877-TSOFF,Female,0,Yes,Yes,55,Yes,Yes,DSL,Yes,Yes,No,Yes,No,Yes,One year,Yes,Bank transfer (automatic),75.75,4264.25,Very Long-term,6,1,1,0,High,0,0,0.03663467207672691,0,0.03333333333333333,Low,Low,3.66,0,Low
7404-JLKQG,Female,0,No,No,3,Yes,No,DSL,No,No,Yes,No,Yes,No,Month-to-month,No,Electronic check,57.55,161.45,New,3,0,0,1,Medium,0,0,0.48551985131717385,0,0.31666666666666665,Medium,Medium,48.55,0,Medium
0379-DJQHR,Male,0,Yes,Yes,67,Yes,No,DSL,Yes,Yes,Yes,No,Yes,Yes,Two year,No,Credit card (automatic),81.35,5398.6,Very Long-term,6,0,1,0,High,0,0,0.009657099843383024,0,0.043333333333333335,Low,Low,0.97,0,Low
8993-PHFWD,Female,0,No,No,3,No,No phone service,DSL,No,No,No,No,No,No,Month-to-month,No,Electronic check,25.25,58.9,New,0,0,0,1,Low,1,1,0.5155746038063597,0,0.3433333333333333,Medium,Medium,51.56,1,Medium
3930-ZGWVE,Male,0,No,No,1,Yes,No,No,No internet service,No internet service,No internet service,No internet service,No internet service,No internet service,Month-to-month,No,Mailed check,19.75,19.75,New,1,0,0,1,Low,0,0,0.19615963548011234,1,0.6673541621492162,High,Low,19.62,0,Low
1965-DDBWU,Male,0,No,No,16,Yes,Yes,Fiber optic,No,No,No,Yes,No,Yes,Month-to-month,Yes,Credit card (automatic),89.05,1448.6,Medium,4,1,0,1,High,1,0,0.4758590046786226,0,0.32,Medium,Medium,47.59,0,Medium
7572-KPVKK,Male,0,No,Yes,62,Yes,Yes,Fiber optic,No,No,Yes,Yes,Yes,Yes,Two year,Yes,Electronic check,104.05,6590.5,Very Long-term,6,1,0,0,Very High,0,0,0.13553679580219588,0,0.24333333333333335,Low,Low,13.55,0,Low
6854-EXGSF,Female,0,No,No,8,Yes,Yes,DSL,Yes,Yes,Yes,No,No,No,Month-to-month,Yes,Bank transfer (automatic),65.5,573.15,New,5,0,1,1,Medium,0,0,0.31145862032707156,0,0.18333333333333332,Low,Medium,31.15,0,Medium
9483-GCPWE,Male,0,No,Yes,9,Yes,No,No,No internet service,No internet service,No internet service,No internet service,No internet service,No internet service,One year,No,Mailed check,20.1,190.25,New,1,0,0,0,Low,0,0,0.06238700048319486,0,0.0,Low,Low,6.24,0,Low
8053-WWDRO,Female,0,Yes,No,6,Yes,No,No,No internet service,No internet service,No internet service,No internet service,No internet service,No internet service,Month-to-month,No,Bank transfer (automatic),19.5,146.3,New,1,0,0,1,Low,1,0,0.16078629847786005,0,0.32,Medium,Low,16.08,0,Low
9473-CBZOP,Female,0,No,No,28,Yes,Yes,DSL,Yes,No,Yes,No,No,No,One year,No,Mailed check,59.0,1654.45,Long-term,4,0,1,0,Medium,0,0,0.07067452912732641,0,0.02,Low,Low,7.07,0,Low
3985-HOYPM,Male,0,No,No,26,Yes,No,No,No internet service,No internet service,No internet service,No internet service,No internet service,No internet service,One year,No,Mailed check,19.4,525.55,Long-term,1,0,0,0,Low,0,0,0.03462519971982674,0,0.0,Low,Low,3.46,0,Low
8378-LKJAF,Male,0,Yes,Yes,38,Yes,Yes,Fiber optic,No,No,Yes,No,Yes,Yes,Month-to-month,Yes,Credit card (automatic),101.15,3956.7,Long-term,5,0,0,1,Very High,0,0,0.4860354570049022,1,0.5533333333333333,Medium,Medium,48.6,0,Medium
1310-QRITU,Female,0,No,No,18,Yes,Yes,DSL,No,No,No,No,No,No,Month-to-month,Yes,Electronic check,50.3,913.3,Medium,2,0,0,1,Medium,0,0,0.35840501288213933,0,0.3333333333333333,Medium,Medium,35.84,0,Medium
3237-AJGEH,Female,0,Yes,Yes,3,No,No phone service,DSL,No,No,No,Yes,No,No,Month-to-month,Yes,Mailed check,31.0,95.05,New,1,1,0,1,Low,1,0,0.39720786248728224,0,0.29333333333333333,Low,Medium,39.72,0,Medium
6542-LWGXJ,Male,0,Yes,No,3,No,No phone service,DSL,No,No,No,No,No,No,Month-to-month,No,Mailed check,25.0,78.25,New,0,0,0,1,Low,0,0,0.4531320092943016,0,0.38666666666666666,Medium,Medium,45.31,0,Medium
6953-PBDIN,Male,0,Yes,No,70,Yes,Yes,DSL,No,Yes,Yes,Yes,Yes,No,Two year,No,Bank transfer (automatic),72.95,5265.55,Very Long-term,6,1,0,0,High,0,0,0.01311926604973966,0,0.01,Low,Low,1.31,0,Low
6332-FBZRI,Male,0,Yes,Yes,67,Yes,Yes,DSL,Yes,Yes,Yes,Yes,No,No,One year,Yes,Credit card (automatic),69.35,4653.25,Very Long-term,6,1,1,0,Medium,0,0,0.018641275576324414,0,0.11666666666666667,Low,Low,1.86,0,Low
9365-CSLBQ,Male,0,No,Yes,71,Yes,Yes,No,No internet service,No internet service,No internet service,No internet service,No internet service,No internet service,Two year,No,Mailed check,24.35,1654.6,Very Long-term,2,0,0,0,Low,0,0,0.0049084867148718615,0,0.0,Low,Low,0.49,0,Low
3466-WAESX,Male,0,No,Yes,16,Yes,Yes,DSL,Yes,Yes,No,No,No,Yes,Month-to-month,Yes,Electronic check,69.1,1083.7,Medium,5,0,1,1,Medium,0,0,0.265548863222836,0,0.29333333333333333,Low,Low,26.55,0,Low
9700-ISPUP,Female,0,Yes,Yes,10,Yes,No,DSL,No,Yes,No,Yes,No,Yes,Month-to-month,Yes,Electronic check,65.5,616.9,New,4,1,0,1,Medium,0,0,0.3296176535590974,0,0.35333333333333333,Medium,Medium,32.96,0,Medium
5167-ZFFMM,Male,0,No,No,1,Yes,Yes,Fiber optic,No,Yes,No,No,No,Yes,Month-to-month,Yes,Credit card (automatic),90.85,90.85,New,4,0,0,1,High,1,1,0.7274588265317931,1,0.8633333333333333,High,High,72.75,1,High
7669-LCRSD,Male,0,Yes,Yes,12,Yes,No,DSL,No,No,No,No,Yes,No,Month-to-month,Yes,Mailed check,56.3,628.65,New,2,0,0,1,Medium,0,0,0.36142064197104484,0,0.13,Low,Medium,36.14,0,Medium
0870-VEMYL,Female,0,No,No,5,Yes,No,DSL,Yes,No,No,Yes,No,No,Month-to-month,No,Credit card (automatic),53.85,259.8,New,3,1,1,1,Medium,1,0,0.17941590773104282,0,0.31666666666666665,Medium,Low,17.94,0,Low
2995-UPRYS,Female,1,Yes,No,40,Yes,No,Fiber optic,No,Yes,No,Yes,Yes,Yes,One year,Yes,Credit card (automatic),99.2,4062.2,Long-term,5,1,0,0,High,1,0,0.16587270419184003,0,0.16333333333333333,Low,Low,16.59,0,Low
3179-GBRWV,Male,1,Yes,No,21,Yes,No,DSL,Yes,Yes,No,No,No,Yes,Month-to-month,Yes,Bank transfer (automatic),64.95,1339.8,Medium,4,0,1,1,Medium,0,0,0.17792438008753758,0,0.2,Low,Low,17.79,0,Low
0701-TJSEF,Male,0,No,No,9,Yes,No,DSL,Yes,No,Yes,Yes,No,Yes,Month-to-month,Yes,Bank transfer (automatic),68.25,576.95,New,5,1,1,1,Medium,0,0,0.2582702297794717,0,0.14666666666666667,Low,Low,25.83,0,Low
1848-LBZHY,Female,0,Yes,No,7,Yes,No,DSL,Yes,No,No,No,No,No,Month-to-month,Yes,Bank transfer (automatic),50.3,355.1,New,2,0,1,1,Medium,0,0,0.30090603063688004,0,0.2866666666666667,Low,Medium,30.09,0,Medium
5380-XPJNZ,Female,0,No,No,38,Yes,No,No,No internet service,No internet service,No internet service,No internet service,No internet service,No internet service,One year,No,Mailed check,20.05,678.2,Long-term,1,0,0,0,Low,0,0,0.02023269006480974,0,0.0,Low,Low,2.02,0,Low
6608-QQLVK,Male,0,No,No,1,Yes,No,DSL,No,No,Yes,No,No,No,Month-to-month,Yes,Electronic check,50.5,50.5,New,2,0,0,1,Medium,1,1,0.5327442055684195,1,0.68,High,Medium,53.27,1,Medium
1475-VWVDO,Male,0,No,No,7,Yes,No,Fiber optic,No,No,Yes,No,No,No,Month-to-month,Yes,Electronic check,74.9,490.55,New,2,0,0,1,High,0,1,0.6774527985363571,0,0.39666666666666667,Medium,High,67.75,1,High
3721-CNEYS,Female,0,No,No,2,Yes,No,Fiber optic,No,No,No,No,No,No,Month-to-month,Yes,Electronic check,70.95,137.95,New,1,0,0,1,High,1,1,0.7171157747655093,1,0.7133333333333334,High,High,71.71,1,High
4299-OPXEJ,Female,0,No,No,56,Yes,No,No,No internet service,No internet service,No internet service,No internet service,No internet service,No internet service,Two year,Yes,Bank transfer (automatic),19.55,1080.55,Very Long-term,1,0,0,0,Low,0,0,0.011004352774887935,0,0.043333333333333335,Low,Low,1.1,0,Low
0096-BXERS,Female,0,Yes,No,6,Yes,Yes,DSL,No,No,No,No,No,No,Month-to-month,No,Electronic check,50.35,314.55,New,2,0,0,1,Medium,0,0,0.4813849231270152,0,0.2733333333333333,Low,Medium,48.14,0,Medium
3055-VTCGS,Female,0,No,No,63,Yes,No,DSL,No,No,Yes,No,No,Yes,One year,No,Credit card (automatic),58.55,3503.5,Very Long-term,3,0,0,0,Medium,0,0,0.038872287914613585,0,0.02666666666666667,Low,Low,3.89,0,Low
9405-GPBBG,Female,0,No,No,64,Yes,Yes,Fiber optic,No,Yes,Yes,Yes,Yes,Yes,Two year,Yes,Credit card (automatic),110.5,7069.25,Very Long-term,7,1,0,0,Very High,0,0,0.09009332989578386,0,0.07333333333333333,Low,Low,9.01,0,Low
6704-UTUKK,Male,0,Yes,No,29,No,No phone service,DSL,No,No,No,No,Yes,Yes,Month-to-month,Yes,Electronic check,45.9,1332.4,Long-term,2,0,0,1,Medium,0,0,0.4885402280920787,0,0.17666666666666667,Low,Medium,48.85,0,Medium
9944-AEXBM,Male,0,No,No,32,Yes,Yes,Fiber optic,No,No,No,No,No,Yes,Month-to-month,Yes,Bank transfer (automatic),85.65,2664.3,Long-term,3,0,0,1,High,0,0,0.4632424351639651,0,0.4633333333333333,Medium,Medium,46.32,0,Medium
2545-EBUPK,Female,1,No,No,2,Yes,Yes,Fiber optic,No,No,No,No,No,Yes,Month-to-month,Yes,Electronic check,84.05,186.05,New,3,0,0,1,High,0,1,0.842499810058516,1,0.95,High,High,84.25,1,High
6270-OMFIW,Male,0,Yes,No,60,Yes,No,Fiber optic,No,Yes,No,No,Yes,Yes,One year,Yes,Electronic check,94.4,5610.25,Very Long-term,4,0,0,0,High,1,0,0.22312333796085315,0,0.23,Low,Low,22.31,0,Low
1852-XEMDW,Male,0,No,No,22,Yes,Yes,DSL,Yes,Yes,Yes,No,No,No,Month-to-month,No,Mailed check,65.05,1427.55,Medium,5,0,1,1,Medium,0,0,0.11830867181638366,0,0.15,Low,Low,11.83,0,Low
8158-WPEZG,Male,0,No,No,11,No,No phone service,DSL,No,Yes,No,Yes,No,No,Month-to-month,Yes,Electronic check,35.65,425.1,New,2,1,0,1,Medium,0,0,0.4463510622339937,0,0.20666666666666667,Low,Medium,44.64,0,Medium
5198-EFNBM,Male,1,Yes,No,57,Yes,No,Fiber optic,No,Yes,Yes,No,Yes,No,One year,Yes,Electronic check,90.65,5199.8,Very Long-term,4,0,0,0,High,0,0,0.22085702402157148,0,0.25666666666666665,Low,Low,22.09,0,Low
7663-RGWBC,Male,0,No,No,1,Yes,No,DSL,No,No,No,No,No,No,Month-to-month,Yes,Mailed check,44.15,44.15,New,1,0,0,1,Medium,1,0,0.46798395781580665,0,0.07,Low,Medium,46.8,0,Medium
3970-XGJDU,Female,0,No,No,62,Yes,No,No,No internet service,No internet service,No internet service,No internet service,No internet service,No internet service,Two year,Yes,Credit card (automatic),19.2,1123.65,Very Long-term,1,0,0,0,Low,0,0,0.008375415163178824,0,0.03,Low,Low,0.84,0,Low
6845-RGTYS,Female,0,Yes,No,47,Yes,Yes,Fiber optic,Yes,Yes,Yes,No,Yes,No,Month-to-month,Yes,Electronic check,98.75,4533.7,Long-term,6,0,1,1,High,1,0,0.2893012375654339,0,0.4,Medium,Low,28.93,0,Low
0123-CRBRT,Female,0,Yes,Yes,61,Yes,Yes,DSL,Yes,Yes,Yes,Yes,Yes,Yes,Two year,No,Mailed check,88.1,5526.75,Very Long-term,8,1,1,0,High,0,0,0.013789039187199516,0,0.0,Low,Low,1.38,0,Low
6077-BDPXA,Female,0,No,No,3,Yes,No,Fiber optic,No,No,No,No,No,No,Month-to-month,Yes,Electronic check,70.15,194.2,New,1,0,0,1,High,0,1,0.7119581025374536,0,0.2966666666666667,Low,High,71.2,1,High
2250-IVBWA,Male,0,Yes,Yes,64,Yes,No,Fiber optic,Yes,Yes,No,No,No,No,Month-to-month,No,Electronic check,81.05,5135.35,Very Long-term,3,0,1,1,High,0,0,0.10036554718646187,0,0.16333333333333333,Low,Low,10.04,0,Low
6137-NICCO,Female,0,Yes,Yes,6,Yes,Yes,Fiber optic,No,Yes,Yes,No,Yes,No,Month-to-month,Yes,Mailed check,94.05,518.75,New,5,0,0,1,High,0,1,0.6633603401684246,1,0.84,High,High,66.34,1,High
8129-GMVGI,Female,0,Yes,Yes,56,Yes,No,No,No internet service,No internet service,No internet service,No internet service,No internet service,No internet service,Two year,No,Mailed check,20.05,1090.1,Very Long-term,1,0,0,0,Low,0,0,0.006681553394501796,0,0.0033333333333333335,Low,Low,0.67,0,Low
4353-HYOJD,Female,0,Yes,Yes,27,Yes,No,DSL,No,Yes,No,No,No,No,Month-to-month,No,Mailed check,49.85,1336.15,Long-term,2,0,0,1,Medium,0,0,0.112092531455191,0,0.05,Low,Low,11.21,0,Low
8671-KKKOS,Female,0,Yes,No,46,No,No phone service,DSL,Yes,Yes,No,No,Yes,No,Month-to-month,No,Electronic check,45.55,2062.15,Long-term,3,0,1,1,Medium,0,0,0.12371376537761339,0,0.17,Low,Low,12.37,0,Low
8080-DDEMJ,Male,1,No,No,1,Yes,No,DSL,No,No,No,No,No,No,Month-to-month,No,Electronic check,45.1,45.1,New,1,0,0,1,Medium,1,0,0.4858309240333666,0,0.49666666666666665,Medium,Medium,48.58,0,Medium
6698-OXETB,Male,0,No,No,11,Yes,No,No,No internet service,No internet service,No internet service,No internet service,No internet service,No internet service,Two year,No,Mailed check,20.4,231.45,New,1,0,0,0,Low,0,0,0.03448723986335798,0,0.0033333333333333335,Low,Low,3.45,0,Low
3312-UUMZW,Male,0,Yes,No,32,Yes,Yes,Fiber optic,No,Yes,No,No,Yes,Yes,Month-to-month,Yes,Credit card (automatic),98.85,3145.9,Long-term,5,0,0,1,High,0,0,0.4951141526054702,1,0.5566666666666666,Medium,Medium,49.51,0,Medium
6376-GAHQE,Male,0,No,No,4,Yes,No,Fiber optic,No,No,No,No,Yes,No,Month-to-month,No,Electronic check,77.85,299.2,New,2,0,0,1,High,1,1,0.6860281495999484,1,0.7666666666666667,High,High,68.6,1,High
0733-VUNUW,Male,0,No,No,24,Yes,Yes,DSL,Yes,No,No,No,No,No,Month-to-month,Yes,Bank transfer (automatic),55.65,1400.55,Medium,3,0,1,1,Medium,1,0,0.17019102463077296,0,0.13333333333333333,Low,Low,17.02,0,Low
6733-LRIZX,Male,0,No,No,35,Yes,Yes,Fiber optic,Yes,No,Yes,Yes,Yes,Yes,Two year,Yes,Electronic check,108.95,4025.5,Long-term,7,1,1,0,Very High,0,0,0.17237078375292056,0,0.16,Low,Low,17.24,0,Low
2165-VOEGB,Female,0,No,Yes,46,Yes,No,Fiber optic,Yes,Yes,No,Yes,Yes,Yes,One year,Yes,Bank transfer (automatic),105.2,4822.85,Long-term,6,1,1,0,Very High,1,0,0.08582642780544916,0,0.17333333333333334,Low,Low,8.58,0,Low
1853-UDXBW,Male,0,Yes,Yes,1,Yes,No,Fiber optic,No,No,No,No,No,No,Month-to-month,Yes,Electronic check,70.0,70.0,New,1,0,0,1,Medium,1,1,0.7056963880232273,1,0.8466666666666667,High,High,70.57,1,High
9070-BCKQP,Female,0,Yes,No,72,Yes,Yes,Fiber optic,Yes,No,Yes,Yes,Yes,Yes,Two year,Yes,Credit card (automatic),110.15,7881.2,Very Long-term,7,1,1,0,Very High,0,0,0.056880218688911924,0,0.016666666666666666,Low,Low,5.69,0,Low
1035-IPQPU,Female,1,Yes,No,63,Yes,Yes,Fiber optic,No,Yes,Yes,No,Yes,Yes,Month-to-month,Yes,Electronic check,103.5,6479.4,Very Long-term,6,0,0,1,Very High,0,1,0.5367944675176728,0,0.29333333333333333,Low,Medium,53.68,1,Medium
2057-ZBLPD,Female,0,Yes,No,21,Yes,Yes,Fiber optic,No,No,No,No,No,Yes,Month-to-month,Yes,Electronic check,86.5,1808.7,Medium,3,0,0,1,High,1,1,0.602362202503408,0,0.4633333333333333,Medium,High,60.24,1,High
6967-PEJLL,Male,0,Yes,Yes,37,No,No phone service,DSL,Yes,No,Yes,Yes,No,No,One year,Yes,Electronic check,40.2,1525.35,Long-term,3,1,1,0,Medium,0,0,0.07102597762591582,0,0.14666666666666667,Low,Low,7.1,0,Low
7879-CGSFV,Male,0,No,No,55,Yes,No,Fiber optic,Yes,Yes,No,No,Yes,Yes,One year,Yes,Mailed check,100.9,5552.05,Very Long-term,5,0,1,0,Very High,0,0,0.17717044936273318,0,0.17333333333333334,Low,Low,17.72,0,Low
2257-BOVXD,Male,0,Yes,No,14,Yes,Yes,DSL,No,No,No,Yes,Yes,No,Month-to-month,Yes,Credit card (automatic),66.6,979.5,Medium,4,1,0,1,Medium,0,0,0.2917307938967128,0,0.2833333333333333,Low,Low,29.17,0,Low
9822-BIIGN,Male,0,Yes,Yes,53,Yes,Yes,DSL,Yes,No,No,Yes,No,Yes,Month-to-month,No,Electronic check,71.85,3827.9,Very Long-term,5,1,1,1,High,0,0,0.09089613907699505,0,0.08666666666666667,Low,Low,9.09,0,Low
1136-XGEQU,Female,0,Yes,Yes,50,Yes,Yes,DSL,No,Yes,Yes,Yes,Yes,Yes,One year,Yes,Credit card (automatic),84.15,4164.4,Very Long-term,7,1,0,0,High,0,0,0.0809821116907354,0,0.04,Low,Low,8.1,0,Low
2439-LYPMQ,Male,1,Yes,No,38,Yes,Yes,Fiber optic,No,Yes,Yes,No,Yes,Yes,Month-to-month,Yes,Electronic check,102.6,4009.2,Long-term,6,0,0,1,Very High,0,1,0.6419158759042832,1,0.78,High,High,64.19,1,High
6543-XRMYR,Female,1,No,No,30,Yes,Yes,Fiber optic,No,Yes,No,No,Yes,Yes,Month-to-month,Yes,Electronic check,99.7,2967.35,Long-term,5,0,0,1,High,1,1,0.6281453773631471,1,0.71,High,High,62.81,1,High
5753-QQWPW,Female,0,No,No,28,Yes,No,DSL,Yes,Yes,No,Yes,No,No,One year,Yes,Electronic check,59.9,1654.7,Long-term,4,1,1,0,Medium,0,0,0.06020921905450913,0,0.023333333333333334,Low,Low,6.02,0,Low
4785-QRJHC,Male,1,Yes,No,46,No,No phone service,DSL,No,Yes,Yes,Yes,Yes,Yes,One year,Yes,Bank transfer (automatic),59.9,2816.65,Long-term,5,1,0,0,Medium,1,0,0.09938454911224862,0,0.18333333333333332,Low,Low,9.94,0,Low
0052-YNYOT,Female,0,No,No,67,Yes,No,No,No internet service,No internet service,No internet service,No internet service,No internet service,No internet service,One year,No,Electronic check,20.55,1343.4,Very Long-term,1,0,0,0,Low,0,0,0.013914382523400581,0,0.05,Low,Low,1.39,0,Low
7054-LGEQW,Female,0,No,No,1,Yes,No,DSL,No,No,No,No,No,No,Month-to-month,No,Mailed check,45.95,45.95,New,1,0,0,1,Medium,1,0,0.36468555449254647,0,0.4533333333333333,Medium,Medium,36.47,0,Medium
0608-JDVEC,Male,0,Yes,No,50,Yes,No,No,No internet service,No internet service,No internet service,No internet service,No internet service,No internet service,Two year,No,Electronic check,19.8,1013.2,Very Long-term,1,0,0,0,Low,0,0,0.014798215813436653,0,0.016666666666666666,Low,Low,1.48,0,Low
6284-KMNUF,Female,0,Yes,No,56,Yes,Yes,Fiber optic,Yes,No,No,No,Yes,Yes,One year,Yes,Electronic check,98.0,5270.6,Very Long-term,5,0,1,0,High,0,0,0.2717792676758526,0,0.17333333333333334,Low,Low,27.18,0,Low
6286-SUUWT,Male,0,No,No,1,Yes,No,No,No internet service,No internet service,No internet service,No internet service,No internet service,No internet service,Month-to-month,No,Mailed check,19.95,19.95,New,1,0,0,1,Low,0,0,0.1955427554492609,1,0.512813369169119,Medium,Low,19.55,0,Low
3594-KADLU,Male,0,Yes,No,3,No,No phone service,DSL,Yes,No,No,Yes,No,No,Month-to-month,No,Mailed check,35.1,101.1,New,2,1,1,1,Medium,0,0,0.320872294423011,0,0.42333333333333334,Medium,Medium,32.09,0,Medium
0536-ACXIP,Female,0,Yes,No,72,Yes,Yes,Fiber optic,Yes,Yes,Yes,No,Yes,Yes,Two year,Yes,Electronic check,109.55,8165.1,Very Long-term,7,0,1,0,Very High,0,0,0.09809572154453523,0,0.016666666666666666,Low,Low,9.81,0,Low
8869-TORSS,Female,0,No,No,48,Yes,No,DSL,Yes,No,Yes,Yes,No,No,One year,Yes,Credit card (automatic),60.35,2896.4,Long-term,4,1,1,0,Medium,1,0,0.02190578176980588,0,0.03333333333333333,Low,Low,2.19,0,Low
0373-AIVNJ,Male,0,No,No,9,No,No phone service,DSL,Yes,Yes,Yes,No,No,No,One year,No,Mailed check,39.55,373.0,New,3,0,1,0,Medium,0,0,0.16638544997228413,0,0.08,Low,Low,16.64,0,Low
6429-SHBCB,Male,0,No,No,19,Yes,Yes,DSL,No,No,No,No,Yes,Yes,Month-to-month,No,Mailed check,69.6,1394.55,Medium,4,0,0,1,Medium,0,0,0.31003689051869465,0,0.14,Low,Medium,31.0,0,Medium
5751-USDBL,Male,0,Yes,Yes,46,Yes,No,DSL,Yes,No,Yes,Yes,Yes,Yes,Two year,No,Mailed check,81.0,3846.35,Long-term,6,1,1,0,High,0,0,0.011511184465499823,0,0.0033333333333333335,Low,Low,1.15,0,Low
6815-ABQFQ,Male,0,Yes,No,56,Yes,Yes,Fiber optic,No,Yes,No,Yes,Yes,Yes,One year,Yes,Electronic check,107.25,6033.3,Very Long-term,6,1,0,0,Very High,0,0,0.2993403962369756,0,0.4033333333333333,Medium,Low,29.93,0,Low
9450-TRJUU,Male,0,No,No,35,Yes,Yes,Fiber optic,No,No,No,No,Yes,No,Month-to-month,No,Electronic check,83.15,2848.45,Long-term,3,0,0,1,High,0,0,0.4425616879131645,0,0.36,Medium,Medium,44.26,0,Medium
2805-AUFQN,Female,0,No,No,25,Yes,No,No,No internet service,No internet service,No internet service,No internet service,No internet service,No internet service,Two year,No,Credit card (automatic),19.8,475.2,Long-term,1,0,0,0,Low,0,0,0.015928510386255774,0,0.02,Low,Low,1.59,0,Low
7855-DIWPO,Female,0,No,No,21,Yes,No,Fiber optic,No,No,No,No,No,No,Month-to-month,Yes,Electronic check,68.65,1493.2,Medium,1,0,0,1,Medium,0,0,0.47592679058350956,0,0.4266666666666667,Medium,Medium,47.59,0,Medium
0174-QRVVY,Male,0,Yes,Yes,71,Yes,Yes,No,No internet service,No internet service,No internet service,No internet service,No internet service,No internet service,Two year,No,Credit card (automatic),25.35,1847.55,Very Long-term,2,0,0,0,Low,0,0,0.004699093663031536,0,0.0,Low,Low,0.47,0,Low
9507-EXLTT,Female,0,Yes,No,1,Yes,No,Fiber optic,No,No,No,No,Yes,No,Month-to-month,Yes,Bank transfer (automatic),79.35,79.35,New,2,0,0,1,High,1,1,0.7115231065210915,1,0.85,High,High,71.15,1,High
8390-FESFV,Female,0,No,No,62,Yes,Yes,DSL,No,Yes,Yes,Yes,Yes,Yes,Two year,No,Bank transfer (automatic),84.5,5193.2,Very Long-term,7,1,0,0,High,0,0,0.02126083467919405,0,0.006666666666666667,Low,Low,2.13,0,Low
0661-KBKPA,Male,0,Yes,Yes,53,Yes,Yes,DSL,No,No,Yes,Yes,Yes,Yes,One year,Yes,Mailed check,78.75,3942.45,Very Long-term,6,1,0,0,High,0,0,0.09130780302336693,0,0.12666666666666668,Low,Low,9.13,0,Low
6856-RAURS,Female,0,No,No,2,Yes,Yes,Fiber optic,No,No,No,No,No,No,Month-to-month,Yes,Mailed check,74.9,136.05,New,2,0,0,1,High,0,1,0.724475308709333,1,0.7966666666666666,High,High,72.45,1,High
7322-OCWHC,Male,1,Yes,No,72,Yes,Yes,Fiber optic,Yes,Yes,Yes,Yes,No,No,Two year,Yes,Bank transfer (automatic),93.05,6735.05,Very Long-term,6,1,1,0,High,0,0,0.02772643103025421,0,0.03333333333333333,Low,Low,2.77,0,Low
2203-GHNWN,Female,0,Yes,No,24,Yes,Yes,Fiber optic,No,No,Yes,No,No,No,Month-to-month,Yes,Mailed check,79.65,1928.7,Medium,3,0,0,1,High,0,0,0.4412115024404494,0,0.32,Medium,Medium,44.12,0,Medium
3413-CSSTH,Male,0,No,No,41,Yes,Yes,DSL,No,No,Yes,No,No,No,Month-to-month,Yes,Bank transfer (automatic),55.7,2237.55,Long-term,3,0,0,1,Medium,0,0,0.15956782066685313,0,0.08333333333333333,Low,Low,15.96,0,Low
3006-XIMLN,Female,0,No,Yes,2,Yes,Yes,Fiber optic,No,No,No,No,Yes,Yes,Month-to-month,Yes,Bank transfer (automatic),94.2,193.8,New,4,0,0,1,High,1,1,0.7639789278963282,1,0.9366666666666666,High,High,76.4,1,High
3750-CKVKH,Male,0,No,No,2,Yes,No,Fiber optic,No,No,No,No,No,No,Month-to-month,Yes,Electronic check,67.75,116.65,New,1,0,0,1,Medium,1,1,0.7407027932763133,1,0.5666666666666667,Medium,High,74.07,1,High
0576-WNXXC,Male,1,Yes,No,27,Yes,Yes,Fiber optic,No,Yes,Yes,No,No,Yes,Month-to-month,Yes,Electronic check,95.55,2510.2,Long-term,5,0,0,1,High,1,1,0.6026643511103084,1,0.7233333333333334,High,High,60.27,1,High
7056-IMHCC,Male,1,Yes,No,53,Yes,Yes,Fiber optic,No,Yes,No,No,Yes,Yes,Month-to-month,Yes,Electronic check,101.9,5549.4,Very Long-term,5,0,0,1,Very High,1,1,0.6252952359322436,1,0.5866666666666667,Medium,High,62.53,1,High
0866-QLSIR,Female,0,No,No,34,Yes,Yes,DSL,Yes,Yes,No,Yes,No,No,One year,Yes,Mailed check,64.4,2088.75,Long-term,5,1,1,0,Medium,1,0,0.04915308184932628,0,0.02,Low,Low,4.92,0,Low
1628-BIZYP,Male,0,No,No,1,Yes,No,Fiber optic,No,Yes,No,No,No,Yes,Month-to-month,Yes,Electronic check,85.0,85.0,New,3,0,0,1,High,0,1,0.741605295787582,1,0.8766666666666667,High,High,74.16,1,High
2230-XTUWL,Female,0,Yes,Yes,48,Yes,No,No,No internet service,No internet service,No internet service,No internet service,No internet service,No internet service,Two year,No,Mailed check,19.55,883.35,Long-term,1,0,0,0,Low,0,0,0.005417752161779044,0,0.0033333333333333335,Low,Low,0.54,0,Low
1980-KXVPM,Female,1,No,No,3,Yes,Yes,Fiber optic,No,No,No,No,No,No,Month-to-month,Yes,Credit card (automatic),75.05,256.25,New,2,0,0,1,High,1,1,0.7326117538177738,1,0.8,High,High,73.26,1,High
8619-IJNDK,Female,0,Yes,Yes,71,Yes,No,DSL,Yes,Yes,Yes,Yes,No,No,Two year,No,Credit card (automatic),64.05,4492.9,Very Long-term,5,1,1,0,Medium,0,0,0.0036780427309925402,0,0.06,Low,Low,0.37,0,Low
2960-NKRSO,Male,0,No,No,24,Yes,No,Fiber optic,No,Yes,Yes,Yes,No,No,Month-to-month,Yes,Electronic check,85.95,2107.15,Medium,4,1,0,1,High,0,0,0.30482288284224807,0,0.43,Medium,Medium,30.48,0,Medium
6705-LXORM,Female,1,Yes,No,5,Yes,No,Fiber optic,No,No,No,No,No,No,Month-to-month,No,Electronic check,70.05,302.6,New,1,0,0,1,High,0,1,0.6549998317223373,0,0.39666666666666667,Medium,High,65.5,1,High
7130-VTEWQ,Female,1,No,No,8,Yes,Yes,Fiber optic,No,No,No,No,No,No,Month-to-month,Yes,Electronic check,75.75,606.25,New,2,0,0,1,High,1,1,0.7642449213287913,1,0.6233333333333333,High,High,76.42,1,High
9364-YKUVW,Male,0,No,No,15,Yes,No,No,No internet service,No internet service,No internet service,No internet service,No internet service,No internet service,Month-to-month,Yes,Mailed check,19.8,309.4,Medium,1,0,0,1,Low,0,0,0.12031971833420725,0,0.2866666666666667,Low,Low,12.03,0,Low
2761-OCIAX,Male,1,No,No,2,Yes,No,Fiber optic,No,Yes,No,No,No,No,Month-to-month,Yes,Electronic check,74.7,165.4,New,2,0,0,1,High,1,1,0.7207283800549733,0,0.43333333333333335,Medium,High,72.07,1,High
7996-BPXHY,Female,0,Yes,Yes,13,Yes,Yes,No,No internet service,No internet service,No internet service,No internet service,No internet service,No internet service,Two year,Yes,Bank transfer (automatic),25.0,332.5,Medium,2,0,0,0,Low,0,0,0.035644851053206444,0,0.013333333333333334,Low,Low,3.56,0,Low
4248-QPAVC,Female,1,Yes,No,17,Yes,Yes,Fiber optic,Yes,No,Yes,No,No,No,Month-to-month,Yes,Bank transfer (automatic),85.35,1463.45,Medium,4,0,1,1,High,1,0,0.43100843368417285,0,0.3433333333333333,Medium,Medium,43.1,0,Medium
9357-UJRUN,Male,0,Yes,No,24,Yes,Yes,DSL,Yes,No,No,Yes,No,No,One year,Yes,Electronic check,58.35,1346.9,Medium,4,1,1,0,Medium,0,0,0.09631492523801238,0,0.09,Low,Low,9.63,0,Low
6340-DACFT,Female,0,Yes,Yes,50,Yes,No,No,No internet service,No internet service,No internet service,No internet service,No internet service,No internet service,Two year,No,Credit card (automatic),20.55,1070.25,Very Long-term,1,0,0,0,Low,0,0,0.008005785713988708,0,0.0,Low,Low,0.8,0,Low
1023-BQXZE,Male,0,No,No,57,Yes,No,DSL,Yes,No,Yes,No,Yes,Yes,Two year,Yes,Bank transfer (automatic),74.35,4317.35,Very Long-term,5,0,1,0,High,0,0,0.03031621036596625,0,0.03666666666666667,Low,Low,3.03,0,Low
5480-HPRRX,Female,1,No,No,3,No,No phone service,DSL,No,No,No,No,No,No,Month-to-month,No,Electronic check,25.3,77.75,New,0,0,0,1,Low,1,1,0.5538147198262834,1,0.6433333333333333,High,Medium,55.38,1,Medium
9576-SYUHJ,Male,0,No,No,37,Yes,Yes,Fiber optic,Yes,No,No,No,Yes,No,Month-to-month,Yes,Electronic check,91.15,3369.25,Long-term,4,0,1,1,High,0,0,0.4047523479542708,0,0.29333333333333333,Low,Medium,40.48,0,Medium
2169-RRLFW,Female,0,Yes,No,71,Yes,Yes,No,No internet service,No internet service,No internet service,No internet service,No internet service,No internet service,Two year,No,Credit card (automatic),25.6,1888.25,Very Long-term,2,0,0,0,Low,0,0,0.005674040724665193,0,0.0,Low,Low,0.57,0,Low
8338-QIUNR,Male,0,Yes,Yes,72,Yes,Yes,DSL,Yes,No,Yes,Yes,No,No,Two year,Yes,Credit card (automatic),66.5,4811.6,Very Long-term,5,1,1,0,Medium,0,0,0.008341740513268246,0,0.06333333333333334,Low,Low,0.83,0,Low
0463-TXOAK,Male,0,No,Yes,52,Yes,Yes,No,No internet service,No internet service,No internet service,No internet service,No internet service,No internet service,Two year,No,Credit card (automatic),25.6,1334.5,Very Long-term,2,0,0,0,Low,0,0,0.010083473097486235,0,0.08333333333333333,Low,Low,1.01,0,Low
4396-KLSEH,Male,0,No,No,4,Yes,No,No,No internet service,No internet service,No internet service,No internet service,No internet service,No internet service,Month-to-month,Yes,Electronic check,19.85,63.0,New,1,0,0,1,Low,0,0,0.297828544077994,0,0.07089871782344831,Low,Low,29.78,0,Low
5186-EJEGL,Male,0,No,No,9,Yes,No,DSL,Yes,No,Yes,Yes,Yes,No,Month-to-month,Yes,Mailed check,69.5,653.25,New,5,1,1,1,Medium,0,0,0.26462003755294833,0,0.24333333333333335,Low,Low,26.46,0,Low
9334-GWGOW,Male,1,Yes,No,7,Yes,Yes,Fiber optic,No,No,No,No,No,No,Month-to-month,Yes,Electronic check,74.85,485.25,New,2,0,0,1,High,0,1,0.7833709396765917,1,0.8166666666666667,High,High,78.34,1,High
5696-JVVQY,Female,0,Yes,Yes,48,Yes,No,DSL,Yes,Yes,Yes,No,No,Yes,Two year,Yes,Credit card (automatic),70.1,3238.4,Long-term,5,0,1,0,High,0,0,0.013100907341897242,0,0.03,Low,Low,1.31,0,Low
9633-DENPU,Female,0,Yes,No,47,Yes,No,DSL,No,Yes,No,No,Yes,No,Month-to-month,Yes,Bank transfer (automatic),58.6,2723.4,Long-term,3,0,0,1,Medium,0,0,0.10985222441477134,0,0.17333333333333334,Low,Low,10.99,0,Low
0581-BXBUB,Female,1,No,No,4,Yes,No,Fiber optic,No,Yes,No,No,No,No,Month-to-month,No,Electronic check,72.75,317.75,New,2,0,0,1,High,0,1,0.6259948648518925,0,0.45666666666666667,Medium,High,62.6,1,High
2750-BJLSB,Female,0,No,No,47,Yes,No,Fiber optic,Yes,No,Yes,Yes,Yes,Yes,One year,Yes,Electronic check,103.7,4730.6,Long-term,6,1,1,0,Very High,0,0,0.15991412112417908,0,0.3933333333333333,Medium,Low,15.99,0,Low
2770-NSVDG,Male,0,Yes,No,24,No,No phone service,DSL,No,No,Yes,No,No,No,Month-to-month,No,Electronic check,29.1,688.0,Medium,1,0,0,1,Low,0,0,0.2444900696377932,0,0.3466666666666667,Medium,Low,24.45,0,Low
8280-MQRQN,Female,0,No,No,1,Yes,No,DSL,No,No,Yes,No,No,No,Month-to-month,Yes,Mailed check,50.45,50.45,New,2,0,0,1,Medium,1,0,0.4511748576019381,1,0.7766666666666666,High,Medium,45.12,0,Medium
7851-FLGGQ,Male,0,No,No,1,No,No phone service,DSL,No,Yes,No,Yes,No,Yes,Month-to-month,Yes,Mailed check,44.65,44.65,New,3,1,0,1,Medium,1,1,0.534978398448529,0,0.4666666666666667,Medium,Medium,53.5,1,Medium
9374-YOLBJ,Female,0,Yes,Yes,1,Yes,No,No,No internet service,No internet service,No internet service,No internet service,No internet service,No internet service,Month-to-month,No,Electronic check,19.25,19.25,New,1,0,0,1,Low,0,0,0.21760064445530009,0,0.3342320511567816,Medium,Low,21.76,0,Low
6583-SZVGP,Male,0,No,No,48,Yes,Yes,Fiber optic,No,Yes,Yes,No,Yes,Yes,Two year,Yes,Bank transfer (automatic),108.1,5067.45,Long-term,6,0,0,0,Very High,0,0,0.1257963160635729,0,0.3466666666666667,Medium,Low,12.58,0,Low
2150-OEGBV,Male,0,No,No,27,Yes,No,No,No internet service,No internet service,No internet service,No internet service,No internet service,No internet service,One year,No,Bank transfer (automatic),20.1,562.6,Long-term,1,0,0,0,Low,0,0,0.031176565222029946,0,0.0,Low,Low,3.12,0,Low
9372-TXXPS,Female,0,Yes,No,60,Yes,No,DSL,Yes,Yes,No,Yes,No,No,Two year,No,Bank transfer (automatic),59.85,3483.45,Very Long-term,4,1,1,0,Medium,0,0,0.007141980630505811,0,0.01,Low,Low,0.71,0,Low
6933-FHBZC,Female,0,No,No,26,Yes,No,DSL,No,Yes,Yes,No,No,No,One year,Yes,Mailed check,56.05,1553.2,Long-term,3,0,0,0,Medium,0,0,0.09499557620103237,0,0.08,Low,Low,9.5,0,Low
4698-KVLLG,Female,1,No,No,51,Yes,No,No,No internet service,No internet service,No internet service,No internet service,No internet service,No internet service,Two year,No,Credit card (automatic),19.6,967.9,Very Long-term,1,0,0,0,Low,0,0,0.010719559226431707,0,0.0,Low,Low,1.07,0,Low
8752-STIVR,Female,0,No,No,4,Yes,No,Fiber optic,No,No,No,No,Yes,No,Month-to-month,Yes,Electronic check,79.0,303.15,New,2,0,0,1,High,1,1,0.7532762459230575,1,0.87,High,High,75.33,1,High
8623-ULFNQ,Female,1,No,No,26,Yes,Yes,DSL,No,No,No,Yes,No,Yes,Month-to-month,Yes,Electronic check,66.05,1652.4,Long-term,4,1,0,1,Medium,0,0,0.34404810353040766,0,0.19666666666666666,Low,Medium,34.4,0,Medium
9822-WMWVG,Female,0,No,No,41,Yes,Yes,Fiber optic,Yes,Yes,Yes,Yes,Yes,No,Month-to-month,Yes,Electronic check,106.5,4282.4,Long-term,7,1,1,1,Very High,0,0,0.3070932806163183,0,0.3566666666666667,Medium,Medium,30.71,0,Medium
4304-TSPVK,Female,0,Yes,No,68,Yes,Yes,Fiber optic,Yes,Yes,Yes,Yes,Yes,Yes,Two year,No,Bank transfer (automatic),114.9,7843.55,Very Long-term,8,1,1,0,Very High,0,0,0.040602398834065107,0,0.07666666666666666,Low,Low,4.06,0,Low
1716-LSAMB,Male,0,Yes,Yes,45,Yes,No,DSL,Yes,No,No,Yes,No,No,Two year,No,Bank transfer (automatic),54.65,2553.7,Long-term,3,1,1,0,Medium,0,0,0.00741989459470558,0,0.03,Low,Low,0.74,0,Low
3523-QRQLL,Female,0,Yes,Yes,22,Yes,No,DSL,No,Yes,No,No,Yes,Yes,One year,Yes,Bank transfer (automatic),69.5,1498.2,Medium,4,0,0,0,Medium,1,0,0.1152636824571959,0,0.14333333333333334,Low,Low,11.53,0,Low
2187-PKZAY,Male,0,No,No,12,Yes,No,Fiber optic,No,No,No,No,No,Yes,Month-to-month,Yes,Bank transfer (automatic),79.95,1043.4,New,2,0,0,1,High,0,1,0.6081912335676354,1,0.5266666666666666,Medium,High,60.82,1,High
1895-QTKDO,Female,0,No,No,1,Yes,No,DSL,No,No,No,No,No,No,Month-to-month,No,Credit card (automatic),43.95,43.95,New,1,0,0,1,Medium,0,0,0.35705405610397406,0,0.31666666666666665,Medium,Medium,35.71,0,Medium
8161-QYMTT,Male,0,No,No,7,Yes,Yes,Fiber optic,No,No,No,No,Yes,Yes,Month-to-month,Yes,Electronic check,94.1,701.3,New,4,0,0,1,High,0,1,0.828451879362384,1,0.9366666666666666,High,High,82.85,1,High
2955-PSXOE,Female,0,No,No,1,Yes,No,No,No internet service,No internet service,No internet service,No internet service,No internet service,No internet service,Month-to-month,Yes,Bank transfer (automatic),20.2,20.2,New,1,0,0,1,Low,1,0,0.24693871644383292,0,0.43681904151792444,Medium,Low,24.69,0,Low
6834-NXDCA,Female,0,No,No,13,No,No phone service,DSL,No,No,No,No,No,No,Month-to-month,Yes,Electronic check,23.9,300.8,Medium,0,0,0,1,Low,1,0,0.4219077247091561,1,0.5566666666666666,Medium,Medium,42.19,0,Medium
8701-DGLVH,Male,0,No,No,51,Yes,No,No,No internet service,No internet service,No internet service,No internet service,No internet service,No internet service,Two year,No,Mailed check,20.45,1042.65,Very Long-term,1,0,0,0,Low,0,0,0.009938096945322173,0,0.01,Low,Low,0.99,0,Low
2480-SQIOB,Male,0,Yes,Yes,4,Yes,No,DSL,No,No,No,No,No,No,Month-to-month,No,Electronic check,44.8,169.65,New,1,0,0,1,Medium,0,0,0.3769719588147263,0,0.3333333333333333,Medium,Medium,37.7,0,Medium
4993-JCRGJ,Male,0,No,No,26,Yes,Yes,Fiber optic,No,No,Yes,Yes,No,No,Month-to-month,Yes,Mailed check,84.3,2281.6,Long-term,4,1,0,1,High,0,0,0.39316852264487456,0,0.18666666666666668,Low,Medium,39.32,0,Medium
0581-MDMPW,Female,0,No,No,24,Yes,Yes,Fiber optic,No,No,Yes,No,Yes,No,Month-to-month,Yes,Credit card (automatic),88.95,2072.75,Medium,4,0,0,1,High,0,0,0.47580078210769206,0,0.47333333333333333,Medium,Medium,47.58,0,Medium
7789-CRUVC,Female,1,Yes,No,61,Yes,Yes,Fiber optic,Yes,Yes,Yes,Yes,No,No,Month-to-month,Yes,Credit card (automatic),94.2,5895.45,Very Long-term,6,1,1,1,High,0,0,0.1544939579714158,0,0.08333333333333333,Low,Low,15.45,0,Low
0164-APGRB,Female,0,No,No,72,Yes,Yes,Fiber optic,Yes,Yes,Yes,Yes,Yes,Yes,Two year,Yes,Electronic check,114.9,8496.7,Very Long-term,8,1,1,0,Very High,0,0,0.0690533346607802,0,0.0,Low,Low,6.91,0,Low
8034-RYTVV,Female,0,No,No,55,Yes,Yes,Fiber optic,Yes,No,Yes,No,No,No,One year,Yes,Credit card (automatic),84.25,4589.85,Very Long-term,4,0,1,0,High,0,0,0.1297668657194477,0,0.023333333333333334,Low,Low,12.98,0,Low
3018-TFTSU,Male,0,No,No,12,Yes,No,Fiber optic,Yes,No,Yes,No,No,No,Month-to-month,No,Bank transfer (automatic),81.7,858.6,New,3,0,1,1,High,1,0,0.34466443908421607,0,0.29333333333333333,Low,Medium,34.47,0,Medium
9777-IQHWP,Male,0,Yes,Yes,64,Yes,Yes,Fiber optic,Yes,No,Yes,No,No,Yes,Two year,No,Bank transfer (automatic),93.4,5822.3,Very Long-term,5,0,1,0,High,0,0,0.03780881564662238,0,0.04666666666666667,Low,Low,3.78,0,Low
6899-PPEEA,Female,1,No,No,37,Yes,Yes,Fiber optic,No,No,No,No,Yes,Yes,Month-to-month,Yes,Electronic check,96.55,3580.3,Long-term,4,0,0,1,High,1,1,0.5969518222220697,1,0.6933333333333334,High,Medium,59.7,1,Medium
6701-YVNQG,Male,0,Yes,No,72,Yes,Yes,DSL,Yes,Yes,Yes,Yes,Yes,Yes,Two year,Yes,Credit card (automatic),88.7,6301.7,Very Long-term,8,1,1,0,High,0,0,0.01484623493023083,0,0.0,Low,Low,1.48,0,Low
7649-PHJVR,Male,0,No,No,11,Yes,No,No,No internet service,No internet service,No internet service,No internet service,No internet service,No internet service,One year,No,Mailed check,19.5,226.8,New,1,0,0,0,Low,0,0,0.07075665559739358,0,0.0,Low,Low,7.08,0,Low
9278-VZKCD,Female,1,Yes,No,52,Yes,Yes,Fiber optic,Yes,Yes,Yes,No,Yes,Yes,Month-to-month,Yes,Electronic check,109.1,5647.95,Very Long-term,7,0,1,1,Very High,0,1,0.5406020822161096,0,0.24666666666666667,Low,Medium,54.06,1,Medium
7636-PEPNS,Female,0,Yes,Yes,58,Yes,No,DSL,No,No,No,No,No,No,One year,Yes,Mailed check,44.1,2413.05,Very Long-term,1,0,0,0,Medium,0,0,0.04801662564748038,0,0.06,Low,Low,4.8,0,Low
1575-KRZZE,Female,0,No,No,4,Yes,No,DSL,Yes,Yes,No,No,No,No,Month-to-month,No,Electronic check,55.2,220.65,New,3,0,1,1,Medium,0,0,0.28024638201451946,1,0.6066666666666667,High,Low,28.02,0,Low
8590-OHDIW,Female,0,Yes,Yes,38,Yes,No,No,No internet service,No internet service,No internet service,No internet service,No internet service,No internet service,One year,No,Mailed check,20.3,749.35,Long-term,1,0,0,0,Low,0,0,0.01706939533314644,0,0.0033333333333333335,Low,Low,1.71,0,Low
7764-BDPEE,Male,0,No,Yes,3,Yes,No,No,No internet service,No internet service,No internet service,No internet service,No internet service,No internet service,Month-to-month,No,Mailed check,20.85,60.65,New,1,0,0,1,Low,0,0,0.15089288989987668,0,0.03333333333333333,Low,Low,15.09,0,Low
9480-BQJEI,Male,0,No,No,62,Yes,Yes,Fiber optic,Yes,Yes,No,No,No,Yes,One year,Yes,Bank transfer (automatic),92.3,5731.45,Very Long-term,5,0,1,0,High,0,0,0.11923151240806482,0,0.12666666666666668,Low,Low,11.92,0,Low
3354-OADJP,Female,0,No,No,8,Yes,No,DSL,Yes,No,No,Yes,No,No,One year,No,Bank transfer (automatic),54.25,447.75,New,3,1,1,0,Medium,0,0,0.08552004408808664,0,0.05333333333333334,Low,Low,8.55,0,Low
3181-MIZBN,Male,0,Yes,Yes,16,Yes,No,No,No internet service,No internet service,No internet service,No internet service,No internet service,No internet service,Month-to-month,No,Electronic check,19.75,313.4,Medium,1,0,0,1,Low,0,0,0.0937779414033943,0,0.287565384490115,Low,Low,9.38,0,Low
9327-QSDED,Male,0,No,No,8,Yes,No,DSL,No,No,No,No,No,No,Month-to-month,No,Mailed check,43.55,335.4,New,1,0,0,1,Medium,0,0,0.3135475433045051,0,0.18,Low,Medium,31.35,0,Medium
4892-VLANZ,Male,0,No,No,1,Yes,No,No,No internet service,No internet service,No internet service,No internet service,No internet service,No internet service,Month-to-month,No,Mailed check,19.8,19.8,New,1,0,0,1,Low,1,0,0.19600527767552292,1,0.6488500778685644,High,Low,19.6,0,Low
0298-XACET,Male,0,Yes,Yes,52,No,No phone service,DSL,No,Yes,Yes,Yes,Yes,No,Two year,No,Mailed check,50.2,2554.0,Very Long-term,4,1,0,0,Medium,0,0,0.027168233270622975,0,0.02,Low,Low,2.72,0,Low
6917-FIJHC,Female,0,Yes,No,72,Yes,Yes,No,No internet service,No internet service,No internet service,No internet service,No internet service,No internet service,Two year,Yes,Mailed check,26.0,1776.0,Very Long-term,2,0,0,0,Low,0,0,0.008341129588027163,0,0.006666666666666667,Low,Low,0.83,0,Low
6557-BZXLQ,Male,1,No,No,16,Yes,No,Fiber optic,No,No,No,No,No,No,Month-to-month,No,Electronic check,69.65,1043.3,Medium,1,0,0,1,Medium,0,0,0.46905999098053885,1,0.5166666666666667,Medium,Medium,46.91,0,Medium
2432-TFSMK,Male,0,No,No,18,Yes,Yes,Fiber optic,No,No,Yes,No,Yes,No,One year,Yes,Credit card (automatic),89.6,1633.0,Medium,4,0,0,0,High,0,0,0.3563289108639456,0,0.14,Low,Medium,35.63,0,Medium
4211-MMAZN,Male,0,No,No,1,Yes,No,No,No internet service,No internet service,No internet service,No internet service,No internet service,No internet service,Month-to-month,No,Mailed check,20.25,20.25,New,1,0,0,1,Low,1,0,0.1946201905956856,0,0.0995946044317379,Low,Low,19.46,0,Low
4751-ERMAN,Male,0,Yes,Yes,72,Yes,No,DSL,No,Yes,Yes,No,Yes,Yes,Two year,Yes,Bank transfer (automatic),75.4,5480.25,Very Long-term,5,0,0,0,High,0,0,0.01759157324591946,0,0.04666666666666667,Low,Low,1.76,0,Low
8430-TWCBX,Female,0,Yes,No,49,Yes,No,No,No internet service,No internet service,No internet service,No internet service,No internet service,No internet service,One year,No,Credit card (automatic),20.7,1032.05,Very Long-term,1,0,0,0,Low,0,0,0.02121716708693118,0,0.1,Low,Low,2.12,0,Low
1942-OQFRW,Male,0,No,No,1,Yes,No,DSL,No,No,No,No,No,No,Month-to-month,No,Electronic check,44.0,44.0,New,1,0,0,1,Medium,0,0,0.4529331436151904,0,0.25666666666666665,Low,Medium,45.29,0,Medium
4075-JFPGR,Female,0,Yes,No,51,Yes,No,Fiber optic,Yes,Yes,Yes,No,Yes,No,One year,Yes,Electronic check,93.5,4619.55,Very Long-term,5,0,1,0,High,0,0,0.1723468011719521,0,0.22,Low,Low,17.23,0,Low
3339-EAQNV,Male,1,Yes,No,72,Yes,Yes,Fiber optic,No,Yes,No,No,Yes,Yes,One year,Yes,Credit card (automatic),97.25,7133.1,Very Long-term,5,0,0,0,High,0,0,0.17491340938557615,0,0.12666666666666668,Low,Low,17.49,0,Low
5329-KRDTM,Male,1,Yes,No,72,Yes,Yes,DSL,No,Yes,Yes,Yes,Yes,No,Two year,No,Credit card (automatic),77.35,5396.25,Very Long-term,6,1,0,0,High,0,0,0.012694688880241561,0,0.08,Low,Low,1.27,0,Low
0307-BCOPK,Female,0,No,No,16,Yes,No,No,No internet service,No internet service,No internet service,No internet service,No internet service,No internet service,One year,No,Mailed check,19.05,326.65,Medium,1,0,0,0,Low,0,0,0.04114357793105192,0,0.0,Low,Low,4.11,0,Low
6473-ULUHT,Male,0,Yes,Yes,16,Yes,Yes,DSL,Yes,Yes,No,Yes,Yes,Yes,Month-to-month,No,Electronic check,84.9,1398.25,Medium,7,1,1,1,High,0,0,0.17888453876365165,0,0.22333333333333333,Low,Low,17.89,0,Low
1194-SPVSP,Male,0,No,No,1,Yes,No,No,No internet service,No internet service,No internet service,No internet service,No internet service,No internet service,Month-to-month,No,Bank transfer (automatic),19.65,19.65,New,1,0,0,1,Low,0,0,0.18829245835238884,0,0.1751021101058997,Low,Low,18.83,0,Low
7249-WBIYX,Male,0,Yes,No,10,Yes,Yes,Fiber optic,No,No,No,No,Yes,No,Month-to-month,Yes,Electronic check,85.6,813.85,New,3,0,0,1,High,1,1,0.7737872983822429,1,0.7233333333333334,High,High,77.38,1,High
2293-IJWPS,Female,0,Yes,No,57,Yes,Yes,Fiber optic,No,No,Yes,No,Yes,Yes,One year,Yes,Credit card (automatic),100.75,5985.0,Very Long-term,5,0,0,0,Very High,0,0,0.31944709029945106,0,0.32,Medium,Medium,31.94,0,Medium
4377-VDHYI,Male,0,Yes,Yes,32,Yes,No,Fiber optic,Yes,Yes,No,No,No,Yes,One year,Yes,Electronic check,90.8,3023.85,Long-term,4,0,1,0,High,0,0,0.1686020582105948,0,0.19,Low,Low,16.86,0,Low
0019-EFAEP,Female,0,No,No,72,Yes,Yes,Fiber optic,Yes,Yes,Yes,No,Yes,No,Two year,Yes,Bank transfer (automatic),101.3,7261.25,Very Long-term,6,0,1,0,Very High,0,0,0.05062359129842901,0,0.02,Low,Low,5.06,0,Low
2480-EJWYP,Female,1,Yes,No,58,Yes,Yes,Fiber optic,No,Yes,No,No,Yes,Yes,One year,Yes,Bank transfer (automatic),97.8,5458.8,Very Long-term,5,0,0,0,High,0,0,0.2618057406207245,0,0.41,Medium,Low,26.18,0,Low
8970-ANWXO,Female,0,No,No,23,Yes,Yes,DSL,No,No,No,Yes,Yes,Yes,One year,Yes,Mailed check,73.75,1756.6,Medium,5,1,0,0,High,0,0,0.15187273802101917,0,0.1,Low,Low,15.19,0,Low
8739-WWKDU,Male,1,No,No,25,Yes,Yes,Fiber optic,No,Yes,No,No,Yes,No,Month-to-month,Yes,Electronic check,89.5,2196.15,Long-term,4,0,0,1,High,1,1,0.6215697458327158,1,0.7966666666666666,High,High,62.16,1,High
2171-UDMFD,Male,0,Yes,Yes,32,Yes,No,No,No internet service,No internet service,No internet service,No internet service,No internet service,No internet service,Month-to-month,Yes,Credit card (automatic),19.45,674.55,Long-term,1,0,0,1,Low,0,0,0.0619788549114174,0,0.15,Low,Low,6.2,0,Low
7036-TYDEC,Female,0,No,No,69,Yes,Yes,Fiber optic,No,No,Yes,Yes,Yes,Yes,Two year,No,Electronic check,104.0,7028.5,Very Long-term,6,1,0,0,Very High,0,0,0.08960176071819123,0,0.22333333333333333,Low,Low,8.96,0,Low
3831-YCPUO,Female,0,Yes,Yes,72,Yes,No,Fiber optic,Yes,Yes,Yes,Yes,Yes,Yes,Two year,Yes,Credit card (automatic),109.5,7854.9,Very Long-term,7,1,1,0,Very High,0,0,0.02895953261995894,0,0.013333333333333334,Low,Low,2.9,0,Low
0121-SNYRK,Male,0,No,No,50,No,No phone service,DSL,Yes,No,No,Yes,No,No,One year,Yes,Mailed check,35.4,1748.9,Very Long-term,2,1,1,0,Medium,0,0,0.06371360730850693,0,0.023333333333333334,Low,Low,6.37,0,Low
3325-FUYCG,Male,0,Yes,Yes,28,Yes,Yes,Fiber optic,Yes,Yes,No,No,Yes,Yes,One year,No,Electronic check,106.1,2847.4,Long-term,6,0,1,0,Very High,1,0,0.274384795197258,0,0.2,Low,Low,27.44,0,Low
1952-DVVSW,Female,0,Yes,No,10,Yes,No,No,No internet service,No internet service,No internet service,No internet service,No internet service,No internet service,One year,No,Mailed check,20.1,184.4,New,1,0,0,0,Low,0,0,0.07409415685339397,0,0.03333333333333333,Low,Low,7.41,0,Low
3571-DPYUH,Male,0,Yes,Yes,58,Yes,Yes,Fiber optic,No,Yes,No,Yes,Yes,No,One year,Yes,Credit card (automatic),94.7,5430.35,Very Long-term,5,1,0,0,High,0,0,0.1165982196626511,0,0.07666666666666666,Low,Low,11.66,0,Low
2077-MPJQO,Male,1,Yes,No,7,Yes,Yes,Fiber optic,No,No,No,No,No,No,Month-to-month,Yes,Electronic check,75.4,533.05,New,2,0,0,1,High,0,1,0.7820000156548869,1,0.77,High,High,78.2,1,High
2391-SOORI,Male,0,No,Yes,4,Yes,No,DSL,Yes,No,No,No,No,No,Month-to-month,No,Electronic check,49.35,219.65,New,2,0,1,1,Medium,1,0,0.2810176689008134,0,0.45,Medium,Low,28.1,0,Low
4086-ATNFV,Female,0,Yes,Yes,34,Yes,No,DSL,Yes,Yes,Yes,No,No,No,One year,Yes,Mailed check,60.8,2042.05,Long-term,4,0,1,0,Medium,0,0,0.040735687118469886,0,0.023333333333333334,Low,Low,4.07,0,Low
3396-DKDEL,Female,0,Yes,Yes,70,Yes,Yes,Fiber optic,Yes,Yes,Yes,Yes,Yes,Yes,Two year,Yes,Credit card (automatic),115.15,8250.0,Very Long-term,8,1,1,0,Very High,0,0,0.04363306365856547,0,0.08666666666666667,Low,Low,4.36,0,Low
7471-MQPOS,Male,1,Yes,Yes,71,Yes,Yes,DSL,No,Yes,Yes,Yes,No,Yes,One year,Yes,Bank transfer (automatic),72.9,5139.65,Very Long-term,6,1,0,0,High,0,0,0.035116633638657316,0,0.36333333333333334,Medium,Low,3.51,0,Low
7181-OQCUT,Male,0,No,No,21,Yes,Yes,Fiber optic,Yes,No,Yes,No,Yes,Yes,Month-to-month,No,Mailed check,103.85,2215.0,Medium,6,0,1,1,Very High,0,0,0.46476477912341396,1,0.5833333333333334,Medium,Medium,46.48,0,Medium
3489-VSFRD,Female,0,No,No,56,Yes,No,DSL,Yes,No,Yes,Yes,No,No,One year,Yes,Credit card (automatic),60.25,3282.75,Very Long-term,4,1,1,0,Medium,0,0,0.02749627041646709,0,0.03,Low,Low,2.75,0,Low
6283-GITPX,Male,0,No,Yes,71,Yes,No,DSL,Yes,Yes,Yes,Yes,Yes,No,Two year,Yes,Credit card (automatic),76.9,5522.7,Very Long-term,6,1,1,0,High,0,0,0.006319233061241486,0,0.02666666666666667,Low,Low,0.63,0,Low
2845-HSJCY,Female,0,Yes,Yes,14,Yes,Yes,Fiber optic,No,No,Yes,No,No,Yes,Month-to-month,Yes,Electronic check,87.25,1258.6,Medium,4,0,0,1,High,1,1,0.6323292064276755,1,0.6866666666666666,High,High,63.23,1,High
7216-KAOID,Male,0,Yes,Yes,41,Yes,No,No,No internet service,No internet service,No internet service,No internet service,No internet service,No internet service,One year,No,Bank transfer (automatic),19.5,798.2,Long-term,1,0,0,0,Low,0,0,0.01473470077424039,0,0.0033333333333333335,Low,Low,1.47,0,Low
6680-WKXRZ,Female,0,No,No,3,Yes,Yes,Fiber optic,No,No,No,No,No,No,Month-to-month,No,Bank transfer (automatic),74.4,215.8,New,2,0,0,1,High,1,1,0.6248202487592435,1,0.7439133158426017,High,High,62.48,1,High
2346-LOCWC,Female,0,Yes,Yes,58,Yes,No,No,No internet service,No internet service,No internet service,No internet service,No internet service,No internet service,Two year,No,Credit card (automatic),20.5,1191.4,Very Long-term,1,0,0,0,Low,0,0,0.005678127820256472,0,0.0,Low,Low,0.57,0,Low
0769-MURVM,Female,0,Yes,Yes,72,No,No phone service,DSL,Yes,Yes,Yes,Yes,Yes,Yes,Two year,No,Bank transfer (automatic),65.7,4575.35,Very Long-term,6,1,1,0,Medium,0,0,0.009834300971918921,0,0.0,Low,Low,0.98,0,Low
3374-LXDEV,Female,0,No,No,13,Yes,Yes,Fiber optic,No,Yes,Yes,Yes,No,No,Month-to-month,No,Electronic check,89.4,1132.35,Medium,5,1,0,1,High,1,0,0.3945479493579224,0,0.47,Medium,Medium,39.45,0,Medium
5318-YKDPV,Male,0,Yes,Yes,43,Yes,No,DSL,Yes,No,Yes,Yes,Yes,Yes,Two year,Yes,Credit card (automatic),79.15,3566.6,Long-term,6,1,1,0,High,0,0,0.018023381620032676,0,0.023333333333333334,Low,Low,1.8,0,Low
8190-ZTQFB,Male,0,No,No,41,No,No phone service,DSL,No,No,Yes,No,Yes,Yes,One year,Yes,Electronic check,51.35,2075.1,Long-term,3,0,0,0,Medium,0,0,0.20682710418655043,0,0.16666666666666666,Low,Low,20.68,0,Low
4512-ZUIYL,Female,0,No,No,2,Yes,No,Fiber optic,No,No,No,No,No,No,Month-to-month,No,Bank transfer (automatic),70.0,153.05,New,1,0,0,1,Medium,1,1,0.562808859076963,1,0.6343877369984604,High,Medium,56.28,1,Medium
3090-QFUVD,Female,0,No,No,1,Yes,No,No,No internet service,No internet service,No internet service,No internet service,No internet service,No internet service,Month-to-month,No,Credit card (automatic),20.3,20.3,New,1,0,0,1,Low,0,0,0.1808138876399758,0,0.055268621124982466,Low,Low,18.08,0,Low
4806-KEXQR,Male,0,No,No,4,Yes,No,Fiber optic,No,No,No,No,No,Yes,Month-to-month,Yes,Electronic check,79.9,324.3,New,2,0,0,1,High,1,1,0.7533595998536058,1,0.5966666666666667,Medium,High,75.34,1,High
2369-FEVNO,Male,0,No,No,1,Yes,No,No,No internet service,No internet service,No internet service,No internet service,No internet service,No internet service,Month-to-month,Yes,Mailed check,19.9,19.9,New,1,0,0,1,Low,0,0,0.2613123717613006,0,0.30831745135060207,Medium,Low,26.13,0,Low
9637-CDTKZ,Male,0,Yes,No,72,Yes,Yes,Fiber optic,Yes,Yes,Yes,Yes,Yes,Yes,Two year,Yes,Credit card (automatic),114.1,8086.4,Very Long-term,8,1,1,0,Very High,0,0,0.05031752938829188,0,0.0,Low,Low,5.03,0,Low
2954-PIBKO,Female,0,Yes,Yes,69,Yes,Yes,DSL,Yes,No,Yes,Yes,No,No,Two year,Yes,Credit card (automatic),64.15,4254.1,Very Long-term,5,1,1,0,Medium,0,0,0.009484197847248011,0,0.08333333333333333,Low,Low,0.95,0,Low
2212-LYASK,Male,0,Yes,Yes,27,No,No phone service,DSL,No,Yes,Yes,No,No,Yes,One year,Yes,Credit card (automatic),45.85,1246.4,Long-term,3,0,0,0,Medium,0,0,0.15135629706136366,0,0.09,Low,Low,15.14,0,Low
9481-SFCQY,Female,0,No,Yes,14,Yes,No,DSL,No,No,Yes,No,Yes,No,Month-to-month,Yes,Credit card (automatic),59.8,824.85,Medium,3,0,0,1,Medium,0,0,0.24631442905482798,0,0.32,Medium,Low,24.63,0,Low
2828-SLQPF,Male,0,No,No,19,Yes,No,DSL,No,No,No,No,No,No,Month-to-month,Yes,Bank transfer (automatic),45.0,865.85,Medium,1,0,0,1,Medium,0,0,0.21481395631941858,0,0.14333333333333334,Low,Low,21.48,0,Low
4647-MUZON,Female,0,Yes,No,18,Yes,No,Fiber optic,No,No,Yes,No,Yes,Yes,Month-to-month,Yes,Credit card (automatic),95.95,1745.5,Medium,4,0,0,1,High,0,1,0.5117171348579084,1,0.5266666666666666,Medium,Medium,51.17,1,Medium
8212-DJRCH,Male,0,Yes,Yes,5,Yes,No,Fiber optic,Yes,No,Yes,No,No,Yes,Month-to-month,Yes,Mailed check,90.35,434.5,New,4,0,1,1,High,0,1,0.5373995015308496,1,0.6033333333333334,High,Medium,53.74,1,Medium
0516-OOHAR,Male,0,Yes,Yes,28,Yes,No,Fiber optic,No,Yes,Yes,No,Yes,Yes,One year,No,Bank transfer (automatic),100.35,2799.0,Long-term,5,0,0,0,Very High,0,0,0.22025887604273003,0,0.20333333333333334,Low,Low,22.03,0,Low
4973-RLZVI,Female,0,No,No,30,Yes,No,DSL,Yes,Yes,Yes,Yes,Yes,No,One year,No,Credit card (automatic),74.65,2308.6,Long-term,6,1,1,0,High,0,0,0.03260713395759638,0,0.2866666666666667,Low,Low,3.26,0,Low
8089-UZWLX,Female,1,No,No,71,Yes,Yes,Fiber optic,No,No,Yes,No,Yes,Yes,Two year,No,Bank transfer (automatic),104.05,7413.55,Very Long-term,5,0,0,0,Very High,0,0,0.08819739215432205,0,0.18666666666666668,Low,Low,8.82,0,Low
9732-KPKBW,Male,0,No,No,1,Yes,No,DSL,Yes,No,No,Yes,No,No,Month-to-month,Yes,Electronic check,53.95,53.95,New,3,1,1,1,Medium,1,0,0.358334859489273,0,0.38666666666666666,Medium,Medium,35.83,0,Medium
9715-WZCLW,Male,0,Yes,Yes,71,Yes,Yes,Fiber optic,Yes,No,No,No,Yes,Yes,Two year,Yes,Electronic check,97.2,6910.3,Very Long-term,5,0,1,0,High,0,0,0.07792737816742552,0,0.07666666666666666,Low,Low,7.79,0,Low
0257-KXZGU,Female,0,Yes,Yes,32,Yes,Yes,DSL,No,Yes,Yes,No,No,No,Month-to-month,No,Bank transfer (automatic),62.45,2045.55,Long-term,4,0,0,1,Medium,0,0,0.11384437145661479,0,0.07333333333333333,Low,Low,11.38,0,Low
0707-HOVVN,Female,1,No,No,70,Yes,Yes,DSL,No,Yes,Yes,Yes,Yes,No,Two year,Yes,Bank transfer (automatic),75.5,5212.65,Very Long-term,6,1,0,0,High,0,0,0.019839845965627656,0,0.1,Low,Low,1.98,0,Low
5501-TVMGM,Male,0,No,No,1,Yes,No,DSL,No,No,No,No,No,Yes,Month-to-month,Yes,Electronic check,55.25,55.25,New,2,0,0,1,Medium,0,1,0.5957350368064188,1,0.7366666666666667,High,Medium,59.57,1,Medium
3422-LYEPQ,Male,0,Yes,Yes,1,Yes,No,Fiber optic,No,No,No,No,No,No,Month-to-month,Yes,Electronic check,71.0,71.0,New,1,0,0,1,High,1,1,0.6930755414888898,1,0.7566666666666667,High,High,69.31,1,High
2277-VWCNI,Female,1,No,No,4,Yes,Yes,DSL,No,No,No,No,No,No,Month-to-month,No,Mailed check,48.75,179.85,New,2,0,0,1,Medium,0,0,0.4609765725883137,1,0.7233333333333334,High,Medium,46.1,0,Medium
5461-QKNTN,Male,1,Yes,No,43,Yes,Yes,Fiber optic,No,Yes,No,Yes,Yes,No,Month-to-month,Yes,Electronic check,94.3,3953.15,Long-term,5,1,0,1,High,0,0,0.3737878465732159,0,0.39666666666666667,Medium,Medium,37.38,0,Medium
3967-KXAPS,Male,0,Yes,No,72,Yes,Yes,DSL,Yes,Yes,Yes,Yes,Yes,Yes,Two year,No,Credit card (automatic),92.3,6719.9,Very Long-term,8,1,1,0,High,0,0,0.009795239469987348,0,0.006666666666666667,Low,Low,0.98,0,Low
6919-ELBGL,Male,1,Yes,Yes,72,Yes,Yes,Fiber optic,Yes,Yes,Yes,Yes,Yes,Yes,Two year,Yes,Bank transfer (automatic),114.95,8196.4,Very Long-term,8,1,1,0,Very High,0,0,0.04814104748122247,0,0.0,Low,Low,4.81,0,Low
8361-LTMKD,Male,1,Yes,No,4,Yes,Yes,Fiber optic,No,No,No,No,No,No,Month-to-month,Yes,Mailed check,74.4,306.6,New,2,0,0,1,High,1,1,0.7513758280570407,1,0.7733333333333333,High,High,75.14,1,High
1131-ALZWV,Female,0,No,No,24,Yes,Yes,No,No internet service,No internet service,No internet service,No internet service,No internet service,No internet service,One year,No,Bank transfer (automatic),24.6,605.25,Medium,2,0,0,0,Low,0,0,0.03830348505722644,0,0.03,Low,Low,3.83,0,Low
5178-LMXOP,Male,1,Yes,No,1,Yes,Yes,Fiber optic,No,No,No,No,Yes,Yes,Month-to-month,Yes,Electronic check,95.1,95.1,New,4,0,0,1,High,1,1,0.8782896300924805,1,0.92,High,High,87.83,1,High
8992-CEUEN,Female,0,No,No,1,Yes,No,No,No internet service,No internet service,No internet service,No internet service,No internet service,No internet service,Month-to-month,No,Electronic check,18.85,18.85,New,1,0,0,1,Low,0,0,0.24984074036277318,0,0.3886161615729722,Medium,Low,24.98,0,Low
3320-VEOYC,Male,1,No,No,14,Yes,Yes,Fiber optic,No,No,No,No,Yes,Yes,Month-to-month,Yes,Electronic check,95.6,1273.3,Medium,4,0,0,1,High,0,1,0.7450724442277046,1,0.8733333333333333,High,High,74.51,1,High
3672-YITQD,Male,1,Yes,No,36,Yes,Yes,Fiber optic,No,No,No,No,No,Yes,Month-to-month,Yes,Electronic check,84.1,3021.6,Long-term,3,0,0,1,High,1,1,0.5697414391397797,1,0.6266666666666667,High,Medium,56.97,1,Medium
6080-TCMYC,Male,0,Yes,Yes,40,Yes,Yes,Fiber optic,No,No,Yes,No,No,No,Month-to-month,Yes,Electronic check,81.2,3292.3,Long-term,3,0,0,1,High,0,0,0.36904569072698445,0,0.44,Medium,Medium,36.9,0,Medium
6734-FQAJX,Male,1,No,No,67,Yes,No,Fiber optic,Yes,Yes,No,Yes,Yes,Yes,Two year,Yes,Electronic check,105.05,7171.7,Very Long-term,6,1,1,0,Very High,0,0,0.06980070222130653,0,0.14333333333333334,Low,Low,6.98,0,Low
1063-DHQJF,Male,0,Yes,Yes,69,Yes,No,Fiber optic,No,Yes,No,Yes,Yes,No,Two year,Yes,Mailed check,92.15,6480.9,Very Long-term,4,1,0,0,High,0,0,0.029499206441620573,0,0.03,Low,Low,2.95,0,Low
3976-NLDEZ,Male,0,No,No,1,Yes,No,No,No internet service,No internet service,No internet service,No internet service,No internet service,No internet service,Month-to-month,No,Mailed check,20.6,20.6,New,1,0,0,1,Low,0,0,0.193548041427951,1,0.8512920222685989,High,Low,19.35,0,Low
1729-VLAZJ,Female,0,No,Yes,10,No,No phone service,DSL,Yes,Yes,No,Yes,No,No,One year,No,Mailed check,40.25,411.45,New,3,1,1,0,Medium,0,0,0.0973760156597786,0,0.023333333333333334,Low,Low,9.74,0,Low
3400-ESFUW,Male,0,Yes,Yes,55,Yes,No,DSL,Yes,Yes,No,Yes,No,No,Two year,No,Bank transfer (automatic),57.55,3046.4,Very Long-term,4,1,1,0,Medium,1,0,0.007499065576539685,0,0.0,Low,Low,0.75,0,Low
5271-YNWVR,Male,0,Yes,Yes,68,Yes,Yes,Fiber optic,Yes,Yes,Yes,Yes,Yes,Yes,Two year,Yes,Electronic check,113.15,7856.0,Very Long-term,8,1,1,0,Very High,1,0,0.07031436928814173,0,0.03,Low,Low,7.03,0,Low
1587-FKLZB,Male,1,Yes,Yes,66,Yes,Yes,Fiber optic,No,No,Yes,No,Yes,Yes,Month-to-month,Yes,Credit card (automatic),99.5,6822.15,Very Long-term,5,0,0,1,High,1,0,0.3398347048137346,0,0.4033333333333333,Medium,Medium,33.98,0,Medium
0958-YHXGP,Female,0,No,No,7,Yes,No,Fiber optic,No,No,No,No,No,No,Month-to-month,Yes,Mailed check,69.9,497.3,New,1,0,0,1,Medium,0,1,0.6177551699639103,1,0.5333333333333333,Medium,High,61.78,1,High
1494-EJZDW,Female,0,Yes,Yes,10,Yes,No,No,No internet service,No internet service,No internet service,No internet service,No internet service,No internet service,Two year,No,Mailed check,20.15,220.8,New,1,0,0,0,Low,0,0,0.030081737523612748,0,0.01,Low,Low,3.01,0,Low
1816-FLZDK,Male,0,No,No,1,No,No phone service,DSL,No,No,No,Yes,No,No,Month-to-month,No,Mailed check,29.15,29.15,New,1,1,0,1,Low,0,0,0.3821099003991472,0,0.3433333333333333,Medium,Medium,38.21,0,Medium
2075-PUEPR,Male,0,Yes,Yes,55,Yes,No,No,No internet service,No internet service,No internet service,No internet service,No internet service,No internet service,Two year,No,Bank transfer (automatic),19.35,1153.25,Very Long-term,1,0,0,0,Low,0,0,0.006858473027349487,0,0.03666666666666667,Low,Low,0.69,0,Low
1833-TCXKK,Male,0,Yes,No,45,Yes,Yes,Fiber optic,No,Yes,Yes,No,Yes,Yes,Month-to-month,Yes,Bank transfer (automatic),107.75,4882.8,Long-term,6,0,0,1,Very High,0,0,0.4270337535491902,1,0.6933333333333334,High,Medium,42.7,0,Medium
1436-ZMJAN,Female,0,Yes,No,10,Yes,No,DSL,No,No,Yes,No,Yes,Yes,Month-to-month,Yes,Credit card (automatic),67.8,653.15,New,4,0,0,1,Medium,0,0,0.47758256460277515,0,0.16666666666666666,Low,Medium,47.76,0,Medium
0106-UGRDO,Female,0,Yes,No,69,Yes,Yes,Fiber optic,Yes,Yes,Yes,Yes,Yes,Yes,Two year,Yes,Electronic check,116.0,8182.85,Very Long-term,8,1,1,0,Very High,0,0,0.07789951362547627,0,0.04,Low,Low,7.79,0,Low
1069-XAIEM,Female,1,No,No,1,Yes,Yes,Fiber optic,No,No,No,No,No,Yes,Month-to-month,Yes,Electronic check,85.05,85.05,New,3,0,0,1,High,1,1,0.8449771480508307,1,0.9666666666666667,High,High,84.5,1,High
4213-HKBJO,Female,0,No,No,33,Yes,Yes,No,No internet service,No internet service,No internet service,No internet service,No internet service,No internet service,Two year,No,Credit card (automatic),25.7,826.1,Long-term,2,0,0,0,Low,0,0,0.015547770928938262,0,0.1,Low,Low,1.55,0,Low
8345-MVDYC,Female,0,No,No,45,Yes,No,DSL,Yes,No,Yes,Yes,Yes,Yes,Two year,No,Bank transfer (automatic),81.65,3618.7,Long-term,6,1,1,0,High,0,0,0.01297046574361857,0,0.01,Low,Low,1.3,0,Low
2672-OJQZP,Female,0,No,No,1,Yes,No,DSL,No,No,No,No,No,No,Month-to-month,No,Mailed check,44.75,44.75,New,1,0,0,1,Medium,0,0,0.3701476605088985,0,0.49666666666666665,Medium,Medium,37.01,0,Medium
5136-RGMZO,Male,0,No,No,31,Yes,Yes,DSL,No,Yes,No,Yes,Yes,No,Month-to-month,Yes,Electronic check,71.05,2168.15,Long-term,5,1,0,1,High,0,0,0.23281648235072627,0,0.20666666666666667,Low,Low,23.28,0,Low
5774-QPLTF,Male,0,Yes,Yes,50,Yes,No,No,No internet service,No internet service,No internet service,No internet service,No internet service,No internet service,One year,Yes,Mailed check,20.35,938.95,Very Long-term,1,0,0,0,Low,0,0,0.02608984641972952,0,0.01,Low,Low,2.61,0,Low
5240-CAOYT,Female,0,No,No,57,Yes,Yes,Fiber optic,Yes,Yes,No,Yes,No,No,Month-to-month,Yes,Bank transfer (automatic),87.55,4884.85,Very Long-term,5,1,1,1,High,0,0,0.15520427313094823,0,0.06666666666666667,Low,Low,15.52,0,Low
3707-GNWHM,Male,0,No,No,1,Yes,Yes,Fiber optic,No,No,No,No,No,No,Month-to-month,Yes,Mailed check,74.25,74.25,New,2,0,0,1,High,1,1,0.7383791523860193,1,0.94,High,High,73.84,1,High
5159-YFPKQ,Female,0,No,No,2,Yes,No,Fiber optic,No,No,Yes,No,No,No,Month-to-month,Yes,Electronic check,75.8,160.75,New,2,0,0,1,High,1,1,0.7128535868997148,1,0.7033333333333334,High,High,71.29,1,High
5052-PNLOS,Male,0,No,No,3,Yes,Yes,Fiber optic,No,Yes,Yes,No,Yes,Yes,Month-to-month,Yes,Bank transfer (automatic),105.35,323.25,New,6,0,0,1,Very High,1,1,0.80542942351347,1,0.6633333333333333,High,High,80.54,1,High
6173-GOLSU,Male,1,Yes,No,67,Yes,Yes,Fiber optic,No,No,No,No,Yes,Yes,Month-to-month,Yes,Credit card (automatic),94.65,6079.0,Very Long-term,4,0,0,1,High,0,0,0.373027892621941,0,0.49333333333333335,Medium,Medium,37.3,0,Medium
6661-HBGWL,Female,1,No,No,42,Yes,Yes,Fiber optic,No,Yes,Yes,No,Yes,Yes,Month-to-month,Yes,Bank transfer (automatic),104.75,4323.45,Long-term,6,0,0,1,Very High,1,0,0.4912163896225992,1,0.5733333333333334,Medium,Medium,49.12,0,Medium
8207-VVMYB,Female,0,Yes,No,70,Yes,Yes,No,No internet service,No internet service,No internet service,No internet service,No internet service,No internet service,Two year,Yes,Bank transfer (automatic),26.0,2006.95,Very Long-term,2,0,0,0,Low,0,0,0.00875702706430368,0,0.0,Low,Low,0.88,0,Low
5324-KTGCG,Male,0,Yes,No,71,Yes,No,No,No internet service,No internet service,No internet service,No internet service,No internet service,No internet service,One year,No,Electronic check,20.85,1539.75,Very Long-term,1,0,0,0,Low,0,0,0.012394961143527379,0,0.07666666666666666,Low,Low,1.24,0,Low
7354-OIJLX,Male,0,No,No,9,Yes,Yes,Fiber optic,No,No,No,No,No,No,Month-to-month,Yes,Electronic check,75.85,724.65,New,2,0,0,1,High,0,1,0.7311296803454651,0,0.33,Medium,High,73.11,1,High
9286-BHDQG,Male,0,Yes,Yes,72,No,No phone service,DSL,Yes,Yes,Yes,Yes,No,No,Two year,No,Credit card (automatic),45.25,3139.8,Very Long-term,4,1,1,0,Medium,0,0,0.005819744279377077,0,0.016666666666666666,Low,Low,0.58,0,Low
3567-PQTSO,Male,0,Yes,Yes,53,Yes,Yes,Fiber optic,No,Yes,Yes,No,Yes,Yes,One year,Yes,Electronic check,105.25,5576.3,Very Long-term,6,0,0,0,Very High,0,0,0.3586088663481771,0,0.14666666666666667,Low,Medium,35.86,0,Medium
3197-ARFOY,Female,1,No,No,19,Yes,No,Fiber optic,Yes,Yes,No,Yes,Yes,Yes,Month-to-month,Yes,Mailed check,105.0,2007.25,Medium,6,1,1,1,Very High,0,0,0.3976145135237605,1,0.54,Medium,Medium,39.76,0,Medium
5698-BQJOH,Female,0,No,No,9,Yes,Yes,Fiber optic,No,No,No,No,Yes,Yes,Month-to-month,No,Electronic check,94.4,857.25,New,4,0,0,1,High,1,1,0.749829442653967,1,0.76,High,High,74.98,1,High
1090-ESELR,Male,0,Yes,Yes,72,Yes,No,Fiber optic,Yes,Yes,No,Yes,Yes,Yes,Two year,No,Bank transfer (automatic),105.5,7611.55,Very Long-term,6,1,1,0,Very High,0,0,0.02066999690443993,0,0.02666666666666667,Low,Low,2.07,0,Low
0056-EPFBG,Male,0,Yes,Yes,20,No,No phone service,DSL,Yes,No,Yes,Yes,No,No,Two year,Yes,Credit card (automatic),39.4,825.4,Medium,3,1,1,0,Medium,0,0,0.03889304158114165,0,0.02666666666666667,Low,Low,3.89,0,Low
4955-VCWBI,Female,0,Yes,Yes,43,Yes,No,No,No internet service,No internet service,No internet service,No internet service,No internet service,No internet service,One year,No,Mailed check,20.0,817.95,Long-term,1,0,0,0,Low,0,0,0.013863157761237175,0,0.0,Low,Low,1.39,0,Low
4717-GHADL,Female,0,No,No,50,Yes,Yes,DSL,No,Yes,No,Yes,Yes,Yes,Two year,Yes,Mailed check,79.6,4024.2,Very Long-term,6,1,0,0,High,0,0,0.05138483368843127,0,0.02,Low,Low,5.14,0,Low
0058-EVZWM,Female,0,Yes,No,55,Yes,Yes,Fiber optic,Yes,No,No,No,Yes,No,Month-to-month,Yes,Bank transfer (automatic),89.8,4959.6,Very Long-term,4,0,1,1,High,0,0,0.3004861850236576,0,0.16666666666666666,Low,Medium,30.05,0,Medium
7218-HKQFK,Male,0,Yes,No,2,Yes,No,Fiber optic,No,No,No,Yes,Yes,Yes,Month-to-month,Yes,Electronic check,94.2,167.5,New,4,1,0,1,High,1,1,0.753168996689077,1,0.7133333333333334,High,High,75.32,1,High
5057-RKGLH,Female,0,Yes,Yes,9,Yes,No,No,No internet service,No internet service,No internet service,No internet service,No internet service,No internet service,Two year,No,Mailed check,20.35,191.1,New,1,0,0,0,Low,0,0,0.0312284719355676,0,0.006666666666666667,Low,Low,3.12,0,Low
2309-OSFEU,Male,0,No,No,10,No,No phone service,DSL,No,No,No,No,No,Yes,Month-to-month,Yes,Mailed check,33.9,298.45,New,1,0,0,1,Low,1,1,0.5249946890018667,0,0.37666666666666665,Medium,Medium,52.5,1,Medium
3429-IFLEM,Female,0,No,No,71,Yes,No,DSL,Yes,Yes,Yes,Yes,Yes,No,Two year,No,Credit card (automatic),77.35,5550.1,Very Long-term,6,1,1,0,High,0,0,0.0052344322746364965,0,0.023333333333333334,Low,Low,0.52,0,Low
1550-LOAHA,Female,0,Yes,No,32,Yes,No,Fiber optic,No,Yes,No,No,No,Yes,Month-to-month,No,Bank transfer (automatic),84.15,2585.95,Long-term,3,0,0,1,High,1,0,0.2723061298141388,0,0.34,Medium,Low,27.23,0,Low
1400-MMYXY,Male,1,Yes,No,3,Yes,Yes,Fiber optic,No,Yes,Yes,No,Yes,Yes,Month-to-month,Yes,Electronic check,105.9,334.65,New,6,0,0,1,Very High,1,1,0.8770177446608038,1,0.82,High,High,87.7,1,High
7503-QQRVF,Male,1,Yes,No,16,Yes,No,Fiber optic,No,Yes,No,No,No,No,Month-to-month,Yes,Credit card (automatic),74.3,1178.25,Medium,2,0,0,1,High,1,0,0.4253782924427183,1,0.6766666666666666,High,Medium,42.54,0,Medium
7504-UWHNB,Male,0,No,No,25,Yes,No,Fiber optic,No,No,No,No,No,No,Month-to-month,No,Electronic check,69.75,1729.35,Long-term,1,0,0,1,Medium,0,0,0.40200741096779125,0,0.46,Medium,Medium,40.2,0,Medium
9565-JSNFM,Male,0,No,No,38,Yes,No,Fiber optic,No,No,No,No,No,No,One year,Yes,Bank transfer (automatic),70.45,2597.6,Long-term,1,0,0,0,High,1,0,0.15385001319174865,0,0.06,Low,Low,15.39,0,Low
4735-BJKOU,Female,0,No,No,40,Yes,No,No,No internet service,No internet service,No internet service,No internet service,No internet service,No internet service,Two year,No,Mailed check,20.15,804.85,Long-term,1,0,0,0,Low,0,0,0.008989191564884877,0,0.0,Low,Low,0.9,0,Low
3580-GICBM,Female,0,Yes,Yes,61,Yes,Yes,No,No internet service,No internet service,No internet service,No internet service,No internet service,No internet service,Two year,Yes,Mailed check,24.2,1445.2,Very Long-term,2,0,0,0,Low,0,0,0.011154078159633657,0,0.01,Low,Low,1.12,0,Low
7632-YUTXB,Female,0,Yes,Yes,25,Yes,No,No,No internet service,No internet service,No internet service,No internet service,No internet service,No internet service,One year,No,Mailed check,20.05,520.1,Long-term,1,0,0,0,Low,0,0,0.029697717975205613,0,0.0033333333333333335,Low,Low,2.97,0,Low
9412-ARGBX,Female,0,No,Yes,48,Yes,No,Fiber optic,No,Yes,Yes,Yes,Yes,No,Two year,Yes,Mailed check,95.5,4627.85,Long-term,5,1,0,0,High,1,0,0.03623418725700112,0,0.07,Low,Low,3.62,0,Low
9576-ANLXO,Female,0,No,No,3,Yes,No,Fiber optic,No,No,No,No,No,No,Month-to-month,Yes,Bank transfer (automatic),69.55,222.3,New,1,0,0,1,Medium,1,1,0.6446044356808307,0,0.48333333333333334,Medium,High,64.46,1,High
1110-KYLGQ,Female,0,No,No,63,Yes,Yes,Fiber optic,Yes,Yes,Yes,No,Yes,Yes,Month-to-month,No,Credit card (automatic),108.25,6780.1,Very Long-term,7,0,1,1,Very High,0,0,0.23325726330438307,0,0.09666666666666666,Low,Low,23.33,0,Low
8696-JKZNU,Female,1,No,No,37,Yes,Yes,Fiber optic,No,No,No,No,No,No,Month-to-month,Yes,Electronic check,76.25,2841.55,Long-term,2,0,0,1,High,1,0,0.4758779124298272,0,0.43333333333333335,Medium,Medium,47.59,0,Medium
8757-TFHHJ,Male,0,No,No,1,Yes,No,DSL,Yes,No,No,No,No,No,Month-to-month,Yes,Credit card (automatic),49.8,49.8,New,2,0,1,1,Medium,0,0,0.34873017610889706,0,0.39,Medium,Medium,34.87,0,Medium
2955-BJZHG,Male,0,Yes,Yes,17,Yes,No,Fiber optic,No,No,No,No,Yes,No,Month-to-month,No,Electronic check,80.85,1400.85,Medium,2,0,0,1,High,1,0,0.42284649690754955,0,0.47,Medium,Medium,42.28,0,Medium
9048-JVYVF,Male,0,No,No,3,Yes,No,DSL,No,No,No,Yes,Yes,Yes,Month-to-month,Yes,Electronic check,69.35,191.35,New,4,1,0,1,Medium,1,1,0.5482257082485021,0,0.2633333333333333,Low,Medium,54.82,1,Medium
0682-USIXD,Female,0,Yes,No,21,Yes,No,Fiber optic,No,No,No,Yes,Yes,No,Month-to-month,Yes,Electronic check,86.05,1818.9,Medium,3,1,0,1,High,0,0,0.4354861595911487,0,0.38333333333333336,Medium,Medium,43.55,0,Medium
3884-UEBXB,Female,0,Yes,Yes,67,No,No phone service,DSL,Yes,Yes,No,No,No,No,Two year,No,Bank transfer (automatic),36.15,2434.45,Very Long-term,2,0,1,0,Medium,0,0,0.01002765302711232,0,0.016666666666666666,Low,Low,1.0,0,Low
1776-SPBWV,Female,0,Yes,Yes,34,Yes,No,No,No internet service,No internet service,No internet service,No internet service,No internet service,No internet service,One year,Yes,Bank transfer (automatic),20.1,682.1,Long-term,1,0,0,0,Low,0,0,0.027796607311564355,0,0.006666666666666667,Low,Low,2.78,0,Low
9050-QLROH,Male,0,No,No,18,Yes,Yes,Fiber optic,No,No,Yes,No,No,Yes,Month-to-month,Yes,Credit card (automatic),90.7,1597.25,Medium,4,0,0,1,High,1,1,0.530897357903446,0,0.35333333333333333,Medium,Medium,53.09,1,Medium
2925-VDZHY,Male,0,Yes,Yes,72,Yes,Yes,DSL,Yes,Yes,Yes,Yes,Yes,Yes,Two year,No,Credit card (automatic),88.7,6501.35,Very Long-term,8,1,1,0,High,0,0,0.008431819404173048,0,0.0,Low,Low,0.84,0,Low
9512-UIBFX,Male,0,Yes,Yes,18,Yes,No,Fiber optic,No,No,Yes,No,Yes,Yes,Month-to-month,No,Mailed check,95.15,1779.95,Medium,4,0,0,1,High,1,0,0.3942426323663929,0,0.48,Medium,Medium,39.42,0,Medium
8676-TRMJS,Male,0,No,No,3,Yes,Yes,Fiber optic,No,No,No,No,No,No,Month-to-month,No,Mailed check,75.0,209.1,New,2,0,0,1,High,1,1,0.6382696467711776,1,0.6395230008510151,High,High,63.83,1,High
3334-CTHOL,Female,0,No,No,1,Yes,Yes,DSL,No,No,No,No,No,No,Month-to-month,Yes,Bank transfer (automatic),49.95,49.95,New,2,0,0,1,Medium,1,1,0.5282672881362015,1,0.53,Medium,Medium,52.83,1,Medium
6331-LWDTQ,Male,0,No,No,10,Yes,Yes,DSL,No,No,No,No,Yes,Yes,Month-to-month,Yes,Credit card (automatic),72.15,794.25,New,4,0,0,1,High,1,1,0.53114663564621,0,0.32666666666666666,Medium,Medium,53.11,1,Medium
3847-BAERP,Female,0,No,No,10,Yes,No,No,No internet service,No internet service,No internet service,No internet service,No internet service,No internet service,Month-to-month,Yes,Mailed check,20.9,247.0,New,1,0,0,1,Low,0,0,0.188290092585871,0,0.013021514459427045,Low,Low,18.83,0,Low
4709-LKHYG,Female,0,Yes,Yes,29,Yes,No,No,No internet service,No internet service,No internet service,No internet service,No internet service,No internet service,One year,No,Electronic check,20.0,540.05,Long-term,1,0,0,0,Low,0,0,0.03387570372340895,0,0.006666666666666667,Low,Low,3.39,0,Low
8621-MNIHH,Female,1,Yes,No,34,Yes,Yes,Fiber optic,No,Yes,Yes,No,No,Yes,Month-to-month,Yes,Electronic check,94.25,3217.55,Long-term,5,0,0,1,High,1,1,0.5388632709188147,0,0.39666666666666667,Medium,Medium,53.89,1,Medium
8884-ADFVN,Male,1,Yes,No,7,Yes,Yes,Fiber optic,No,No,Yes,No,Yes,Yes,Month-to-month,Yes,Electronic check,101.95,700.85,New,5,0,0,1,Very High,1,1,0.8773139020589902,1,0.95,High,High,87.73,1,High
2885-HIJDH,Male,0,Yes,Yes,69,Yes,Yes,DSL,Yes,No,Yes,Yes,Yes,Yes,Two year,No,Bank transfer (automatic),86.9,6194.1,Very Long-term,7,1,1,0,High,0,0,0.010812512053520622,0,0.0,Low,Low,1.08,0,Low
8570-KLJYJ,Female,0,No,No,36,Yes,Yes,DSL,Yes,No,No,No,No,No,One year,No,Mailed check,54.45,1893.5,Long-term,3,0,1,0,Medium,0,0,0.052146368275850515,0,0.006666666666666667,Low,Low,5.21,0,Low
9339-FIIJL,Male,0,Yes,No,72,Yes,Yes,DSL,No,Yes,Yes,Yes,Yes,Yes,Two year,No,Bank transfer (automatic),85.95,6151.9,Very Long-term,7,1,0,0,High,0,0,0.014908848692163478,0,0.0,Low,Low,1.49,0,Low
6223-DHJGV,Female,0,No,No,42,Yes,No,No,No internet service,No internet service,No internet service,No internet service,No internet service,No internet service,One year,Yes,Mailed check,20.65,958.1,Long-term,1,0,0,0,Low,0,0,0.02464088723735191,0,0.0,Low,Low,2.46,0,Low
0959-WHOKV,Male,0,No,No,42,Yes,Yes,Fiber optic,Yes,Yes,Yes,No,No,Yes,One year,Yes,Electronic check,99.0,4298.45,Long-term,6,0,1,0,High,0,0,0.18918290696646323,0,0.17,Low,Low,18.92,0,Low
9610-WCESF,Male,0,No,No,67,No,No phone service,DSL,Yes,No,No,Yes,Yes,No,Two year,No,Electronic check,43.9,3097.2,Very Long-term,3,1,1,0,Medium,0,0,0.019666362894522175,0,0.15333333333333332,Low,Low,1.97,0,Low
9279-CJEOJ,Female,1,No,No,21,Yes,Yes,Fiber optic,No,No,No,No,Yes,Yes,Month-to-month,Yes,Bank transfer (automatic),95.4,2025.1,Medium,4,0,0,1,High,0,1,0.6057013434025639,1,0.63,High,High,60.57,1,High
2985-FMWYF,Female,0,No,No,23,Yes,Yes,Fiber optic,No,No,No,No,Yes,Yes,Month-to-month,Yes,Electronic check,93.5,2341.55,Medium,4,0,0,1,High,0,1,0.6470232395060521,1,0.5366666666666666,Medium,High,64.7,1,High
3540-RZJYU,Female,0,No,No,15,Yes,No,Fiber optic,Yes,No,No,No,Yes,No,Month-to-month,No,Electronic check,86.2,1270.2,Medium,3,0,1,1,High,1,0,0.37903762699665305,0,0.4533333333333333,Medium,Medium,37.9,0,Medium
2522-WLNSF,Female,1,Yes,No,34,Yes,No,DSL,No,No,Yes,Yes,Yes,No,One year,No,Bank transfer (automatic),64.2,2106.3,Long-term,4,1,0,0,Medium,0,0,0.06133999607556321,0,0.07333333333333333,Low,Low,6.13,0,Low
6861-XWTWQ,Male,1,Yes,No,7,Yes,Yes,Fiber optic,No,No,Yes,No,Yes,Yes,Month-to-month,Yes,Electronic check,99.25,665.45,New,5,0,0,1,High,1,1,0.8500788763114533,1,0.9433333333333334,High,High,85.01,1,High
8735-NBLWT,Male,0,No,Yes,9,Yes,No,No,No internet service,No internet service,No internet service,No internet service,No internet service,No internet service,Month-to-month,No,Mailed check,20.4,184.1,New,1,0,0,1,Low,0,0,0.12163281541958744,0,0.02666666666666667,Low,Low,12.16,0,Low
1744-JHKYS,Female,0,Yes,No,34,Yes,Yes,No,No internet service,No internet service,No internet service,No internet service,No internet service,No internet service,Month-to-month,No,Electronic check,24.7,780.2,Long-term,2,0,0,1,Low,0,0,0.09307281941495811,0,0.014232051156781639,Low,Low,9.31,0,Low
0841-NULXI,Male,0,No,No,1,No,No phone service,DSL,No,No,No,No,No,Yes,Month-to-month,Yes,Electronic check,35.55,35.55,New,1,0,0,1,Medium,1,1,0.7250854590862205,1,0.99,High,High,72.51,1,High
4016-BJKTZ,Female,0,No,No,25,Yes,Yes,Fiber optic,No,Yes,Yes,Yes,Yes,Yes,Two year,No,Electronic check,108.9,2809.05,Long-term,7,1,0,0,Very High,0,0,0.20511295506561267,0,0.26,Low,Low,20.51,0,Low
9298-WGMRW,Female,0,Yes,No,72,Yes,Yes,Fiber optic,Yes,Yes,Yes,Yes,Yes,Yes,Two year,Yes,Bank transfer (automatic),115.5,8312.75,Very Long-term,8,1,1,0,Very High,0,0,0.04973655497663699,0,0.0,Low,Low,4.97,0,Low
7893-IXHRQ,Male,0,No,No,1,Yes,No,No,No internet service,No internet service,No internet service,No internet service,No internet service,No internet service,Month-to-month,No,Electronic check,20.55,20.55,New,1,0,0,1,Low,1,0,0.24686312836409727,0,0.17423205115678161,Low,Low,24.69,0,Low
8785-CJSHH,Female,0,Yes,No,60,Yes,Yes,Fiber optic,No,Yes,No,No,Yes,Yes,Month-to-month,Yes,Electronic check,99.8,5985.75,Very Long-term,5,0,0,1,High,0,0,0.4538173958005774,0,0.3933333333333333,Medium,Medium,45.38,0,Medium
7654-YWJUF,Male,0,Yes,No,43,Yes,No,Fiber optic,Yes,No,Yes,Yes,No,No,One year,Yes,Bank transfer (automatic),84.25,3539.25,Long-term,4,1,1,0,High,0,0,0.0687546803515755,0,0.04,Low,Low,6.88,0,Low
8909-BOLNL,Male,0,No,No,3,Yes,No,No,No internet service,No internet service,No internet service,No internet service,No internet service,No internet service,One year,No,Mailed check,21.2,52.05,New,1,0,0,0,Low,0,0,0.09408712632791774,0,0.03,Low,Low,9.41,0,Low
9919-FZDED,Male,1,Yes,No,72,Yes,Yes,DSL,Yes,Yes,Yes,No,Yes,Yes,Two year,Yes,Credit card (automatic),84.1,5981.65,Very Long-term,7,0,1,0,High,0,0,0.02389957268587112,0,0.0033333333333333335,Low,Low,2.39,0,Low
0322-CHQRU,Male,0,No,No,2,Yes,No,DSL,No,No,No,No,No,No,Month-to-month,No,Electronic check,45.35,89.5,New,1,0,0,1,Medium,1,0,0.43611128667796556,1,0.6533333333333333,High,Medium,43.61,0,Medium
3587-PMCOY,Male,0,No,No,10,Yes,No,Fiber optic,Yes,No,Yes,No,Yes,Yes,One year,Yes,Electronic check,98.9,1064.95,New,5,0,1,0,High,0,0,0.4910013191047509,0,0.36,Medium,Medium,49.1,0,Medium
0655-RBDUG,Male,0,No,No,7,Yes,Yes,Fiber optic,No,No,Yes,No,Yes,Yes,Month-to-month,Yes,Bank transfer (automatic),98.05,713.0,New,5,0,0,1,High,1,1,0.7698497634746142,1,0.9266666666666666,High,High,76.98,1,High
0983-TATYJ,Female,0,Yes,No,33,Yes,No,DSL,No,No,No,Yes,No,No,One year,Yes,Mailed check,51.45,1758.9,Long-term,2,1,0,0,Medium,0,0,0.0643932933598832,0,0.06,Low,Low,6.44,0,Low
5650-YLIBA,Male,0,No,No,31,Yes,Yes,Fiber optic,No,Yes,No,No,No,No,Month-to-month,Yes,Electronic check,81.15,2640.55,Long-term,3,0,0,1,High,0,0,0.4609863623567191,0,0.32,Medium,Medium,46.1,0,Medium
5144-TVGLP,Male,1,No,No,38,Yes,Yes,Fiber optic,No,No,No,No,Yes,Yes,Month-to-month,No,Electronic check,94.75,3653.0,Long-term,4,0,0,1,High,0,1,0.5077920686363876,0,0.4266666666666667,Medium,Medium,50.78,1,Medium
3569-EDBPQ,Female,0,No,No,24,Yes,Yes,Fiber optic,Yes,No,No,Yes,No,No,Month-to-month,Yes,Electronic check,84.35,1938.05,Medium,4,1,1,1,High,0,0,0.33169740815985954,0,0.37333333333333335,Medium,Medium,33.17,0,Medium
4945-RVMTE,Female,0,No,No,28,Yes,No,DSL,No,No,Yes,No,Yes,No,Month-to-month,Yes,Bank transfer (automatic),59.55,1646.45,Long-term,3,0,0,1,Medium,0,0,0.2287634176714839,0,0.18,Low,Low,22.88,0,Low
3511-BFTJW,Male,0,Yes,Yes,72,No,No phone service,DSL,Yes,Yes,Yes,No,No,No,Two year,No,Credit card (automatic),38.5,2763.0,Very Long-term,3,0,1,0,Medium,0,0,0.008408899529190689,0,0.0,Low,Low,0.84,0,Low
5537-UXXVS,Female,0,Yes,No,20,Yes,No,No,No internet service,No internet service,No internet service,No internet service,No internet service,No internet service,Month-to-month,No,Bank transfer (automatic),19.25,375.25,Medium,1,0,0,1,Low,0,0,0.0689350126188312,0,0.12,Low,Low,6.89,0,Low
8782-NUUOL,Male,0,No,No,60,Yes,No,DSL,Yes,No,Yes,Yes,Yes,Yes,One year,No,Mailed check,79.0,4801.1,Very Long-term,6,1,1,0,High,0,0,0.02921811023087031,0,0.06333333333333334,Low,Low,2.92,0,Low
2865-TCHJW,Female,1,No,No,4,Yes,Yes,Fiber optic,No,No,Yes,No,Yes,No,Month-to-month,Yes,Electronic check,89.2,346.2,New,4,0,0,1,High,1,1,0.827782840235793,1,0.8466666666666667,High,High,82.78,1,High
9931-KGHOA,Female,0,Yes,No,46,Yes,Yes,DSL,Yes,No,No,No,No,No,Month-to-month,No,Bank transfer (automatic),55.0,2473.95,Long-term,3,0,1,1,Medium,0,0,0.06937316740100664,0,0.07,Low,Low,6.94,0,Low
3071-MVJCD,Male,0,Yes,Yes,72,Yes,Yes,DSL,Yes,Yes,Yes,Yes,Yes,No,Two year,No,Bank transfer (automatic),82.3,5815.15,Very Long-term,7,1,1,0,High,0,0,0.006157295877358248,0,0.006666666666666667,Low,Low,0.62,0,Low
7279-BUYWN,Female,1,No,No,41,Yes,Yes,Fiber optic,Yes,Yes,Yes,No,Yes,Yes,Month-to-month,Yes,Electronic check,113.2,4689.5,Long-term,7,0,1,1,Very High,1,0,0.47851363331966384,0,0.41,Medium,Medium,47.85,0,Medium
3756-VNWDH,Male,1,Yes,No,65,Yes,Yes,Fiber optic,Yes,No,No,No,Yes,Yes,One year,Yes,Electronic check,100.75,6674.65,Very Long-term,5,0,1,0,Very High,0,0,0.2884195940629258,0,0.16666666666666666,Low,Low,28.84,0,Low
1395-OFUWC,Male,0,Yes,Yes,43,No,No phone service,DSL,No,Yes,No,No,No,No,Month-to-month,No,Credit card (automatic),29.3,1224.05,Long-term,1,0,0,1,Low,0,0,0.07965166905420878,0,0.31666666666666665,Medium,Low,7.97,0,Low
4223-BKEOR,Female,0,No,Yes,21,Yes,No,DSL,Yes,No,Yes,No,No,Yes,One year,No,Mailed check,64.85,1336.8,Medium,4,0,1,0,Medium,0,0,0.05453463597925133,0,0.07333333333333333,Low,Low,5.45,0,Low
0040-HALCW,Male,0,Yes,Yes,54,Yes,No,No,No internet service,No internet service,No internet service,No internet service,No internet service,No internet service,Two year,No,Credit card (automatic),20.4,1090.6,Very Long-term,1,0,0,0,Low,0,0,0.006861072285676372,0,0.023333333333333334,Low,Low,0.69,0,Low
7124-UGSUR,Female,1,Yes,No,61,Yes,Yes,Fiber optic,No,Yes,Yes,No,Yes,Yes,One year,Yes,Credit card (automatic),104.4,6405.0,Very Long-term,6,0,0,0,Very High,1,0,0.2873685193410218,0,0.20333333333333334,Low,Low,28.74,0,Low
7395-XWZOY,Male,0,No,No,20,No,No phone service,DSL,Yes,Yes,Yes,Yes,Yes,No,Month-to-month,Yes,Credit card (automatic),55.0,1165.55,Medium,5,1,1,1,Medium,0,0,0.18226785618469984,0,0.30333333333333334,Medium,Low,18.23,0,Low
5440-VHLUL,Male,0,No,No,69,Yes,Yes,Fiber optic,No,Yes,No,Yes,Yes,Yes,One year,Yes,Bank transfer (automatic),105.2,7386.05,Very Long-term,6,1,0,0,Very High,0,0,0.1534379135106837,1,0.6033333333333334,High,Low,15.34,0,Low
4706-DGAHW,Male,1,No,No,1,Yes,No,DSL,No,No,No,No,No,No,Month-to-month,No,Electronic check,45.2,45.2,New,1,0,0,1,Medium,0,0,0.48534172309695145,0,0.48333333333333334,Medium,Medium,48.53,0,Medium
8166-ORCHU,Male,1,Yes,No,33,Yes,No,Fiber optic,Yes,Yes,No,Yes,No,Yes,One year,Yes,Electronic check,93.55,3055.5,Long-term,5,1,1,0,High,0,0,0.1695853695685228,0,0.15,Low,Low,16.96,0,Low
3978-YNKDD,Male,0,No,Yes,19,Yes,No,No,No internet service,No internet service,No internet service,No internet service,No internet service,No internet service,Two year,No,Credit card (automatic),20.85,467.5,Medium,1,0,0,0,Low,0,0,0.013222710434084253,0,0.013333333333333334,Low,Low,1.32,0,Low
7198-GLXTC,Male,0,No,No,2,Yes,No,Fiber optic,No,No,No,No,Yes,No,Month-to-month,No,Electronic check,79.0,143.65,New,2,0,0,1,High,1,1,0.6981611569780393,1,0.7533333333333333,High,High,69.82,1,High
6366-XIVKZ,Female,0,Yes,Yes,13,Yes,No,DSL,Yes,No,Yes,No,No,Yes,Month-to-month,Yes,Mailed check,63.15,816.8,Medium,4,0,1,1,Medium,0,0,0.2066842789181394,0,0.2866666666666667,Low,Low,20.67,0,Low
5133-POWUA,Male,0,No,No,1,Yes,No,DSL,No,No,No,No,No,No,Month-to-month,Yes,Mailed check,45.8,45.8,New,1,0,0,1,Medium,0,0,0.45994756467291914,1,0.78,High,Medium,45.99,0,Medium
8400-WZICQ,Female,0,Yes,Yes,55,Yes,No,DSL,Yes,Yes,No,No,No,No,Month-to-month,No,Electronic check,55.7,3131.8,Very Long-term,3,0,1,1,Medium,0,0,0.05953487161177049,0,0.08,Low,Low,5.95,0,Low
5382-SOYZL,Male,0,No,No,22,Yes,Yes,Fiber optic,No,No,No,No,Yes,Yes,Month-to-month,Yes,Electronic check,95.1,2162.6,Medium,4,0,0,1,High,0,1,0.6515489031938941,1,0.6133333333333333,High,High,65.15,1,High
1989-PRJHP,Male,1,Yes,No,27,Yes,Yes,Fiber optic,No,No,No,No,No,No,Month-to-month,Yes,Electronic check,75.5,1893.95,Long-term,2,0,0,1,High,1,1,0.5891448660539255,0,0.41333333333333333,Medium,Medium,58.91,1,Medium
4154-AQUGT,Male,1,Yes,No,13,Yes,No,Fiber optic,No,Yes,No,Yes,No,Yes,Month-to-month,Yes,Bank transfer (automatic),89.05,1169.35,Medium,4,1,0,1,High,1,0,0.4315067271078067,0,0.45666666666666667,Medium,Medium,43.15,0,Medium
0980-FEXWF,Male,0,Yes,Yes,26,Yes,No,DSL,No,No,Yes,No,No,No,One year,No,Mailed check,50.35,1285.8,Long-term,2,0,0,0,Medium,0,0,0.06876915621945211,0,0.04666666666666667,Low,Low,6.88,0,Low
5845-BZZIB,Male,0,Yes,Yes,35,Yes,No,No,No internet service,No internet service,No internet service,No internet service,No internet service,No internet service,Two year,No,Mailed check,20.1,655.3,Long-term,1,0,0,0,Low,0,0,0.00952532666600027,0,0.0,Low,Low,0.95,0,Low
4840-ORQXB,Female,1,No,No,56,Yes,Yes,Fiber optic,No,Yes,Yes,No,Yes,Yes,Month-to-month,No,Electronic check,104.75,5841.35,Very Long-term,6,0,0,1,Very High,0,0,0.496150267003637,0,0.43,Medium,Medium,49.62,0,Medium
0295-PPHDO,Male,0,No,No,1,Yes,Yes,Fiber optic,No,No,No,No,Yes,Yes,Month-to-month,Yes,Electronic check,95.45,95.45,New,4,0,0,1,High,1,1,0.8555460403254064,1,0.9666666666666667,High,High,85.55,1,High
8775-ERLNB,Male,1,Yes,No,1,Yes,Yes,Fiber optic,No,No,No,No,No,No,Month-to-month,No,Electronic check,74.3,74.3,New,2,0,0,1,High,0,1,0.7620145372950089,1,0.8533333333333334,High,High,76.2,1,High
0376-YMCJC,Male,0,No,No,23,Yes,Yes,Fiber optic,No,No,No,Yes,Yes,No,Month-to-month,Yes,Electronic check,90.6,1943.2,Medium,4,1,0,1,High,1,0,0.4937798806360335,1,0.76,High,Medium,49.38,0,Medium
7410-YTJIK,Female,0,No,No,7,Yes,Yes,Fiber optic,No,No,No,No,No,No,Month-to-month,No,Mailed check,75.45,480.75,New,2,0,0,1,High,1,1,0.5939595318107229,1,0.6596954718004764,High,Medium,59.4,1,Medium
9927-DSWDF,Male,0,Yes,No,22,Yes,No,Fiber optic,Yes,Yes,No,Yes,Yes,Yes,Month-to-month,Yes,Electronic check,104.6,2180.55,Medium,6,1,1,1,Very High,0,0,0.4209476267688311,1,0.5633333333333334,Medium,Medium,42.09,0,Medium
6681-ZSEXG,Male,0,Yes,No,56,Yes,Yes,DSL,No,Yes,Yes,No,No,No,Two year,No,Credit card (automatic),59.5,3389.25,Very Long-term,4,0,0,0,Medium,0,0,0.02442750443868344,0,0.013333333333333334,Low,Low,2.44,0,Low
5702-KVQRD,Male,0,Yes,No,71,Yes,No,DSL,Yes,No,Yes,Yes,Yes,Yes,Two year,Yes,Electronic check,82.55,5832.65,Very Long-term,6,1,1,0,High,0,0,0.017672955997152472,0,0.02,Low,Low,1.77,0,Low
8711-LOBKY,Male,0,Yes,Yes,59,Yes,No,No,No internet service,No internet service,No internet service,No internet service,No internet service,No internet service,Two year,No,Mailed check,19.85,1188.25,Very Long-term,1,0,0,0,Low,0,0,0.0060149098032091985,0,0.006666666666666667,Low,Low,0.6,0,Low
9692-TUSXH,Female,0,No,No,18,Yes,No,Fiber optic,Yes,No,No,No,Yes,Yes,Month-to-month,Yes,Electronic check,96.05,1740.7,Medium,4,0,1,1,High,1,1,0.5010213489986569,1,0.5033333333333333,Medium,Medium,50.1,1,Medium
4012-YCFAI,Male,0,Yes,No,60,Yes,No,DSL,Yes,Yes,No,Yes,No,No,Two year,Yes,Mailed check,61.35,3766.2,Very Long-term,4,1,1,0,Medium,0,0,0.010947764893782755,0,0.006666666666666667,Low,Low,1.09,0,Low
8455-HIRAQ,Female,0,No,No,8,Yes,No,DSL,No,No,No,No,No,No,Month-to-month,No,Mailed check,44.45,369.3,New,1,0,0,1,Medium,0,0,0.3064730043439559,0,0.22666666666666666,Low,Medium,30.65,0,Medium
7853-WNZSY,Male,0,No,No,1,Yes,No,No,No internet service,No internet service,No internet service,No internet service,No internet service,No internet service,Month-to-month,Yes,Credit card (automatic),19.75,19.75,New,1,0,0,1,Low,0,0,0.2481546548820925,0,0.11333333333333333,Low,Low,24.82,0,Low
0390-DCFDQ,Female,1,Yes,No,1,Yes,No,Fiber optic,No,No,No,No,No,No,Month-to-month,Yes,Mailed check,70.45,70.45,New,1,0,0,1,High,1,1,0.7027331287225587,1,0.5533333333333333,Medium,High,70.27,1,High
6421-SZVEM,Female,0,Yes,Yes,28,Yes,No,Fiber optic,Yes,No,No,No,No,Yes,One year,Yes,Bank transfer (automatic),82.85,2320.8,Long-term,3,0,1,0,High,0,0,0.1676344321872647,0,0.13666666666666666,Low,Low,16.76,0,Low
3094-JOJAI,Male,0,No,No,18,Yes,Yes,Fiber optic,No,No,No,No,No,No,Month-to-month,No,Mailed check,74.15,1387.0,Medium,2,0,0,1,High,0,0,0.4107408552062176,0,0.29,Low,Medium,41.07,0,Medium
4873-ILOLJ,Male,0,No,No,24,Yes,No,Fiber optic,No,No,No,No,Yes,Yes,Month-to-month,Yes,Electronic check,90.35,2238.5,Medium,3,0,0,1,High,1,1,0.5523231876484246,0,0.49,Medium,Medium,55.23,1,Medium
8181-YHCMF,Female,0,Yes,Yes,68,No,No phone service,DSL,No,Yes,Yes,Yes,Yes,Yes,Two year,No,Credit card (automatic),60.3,4109.0,Very Long-term,5,1,0,0,Medium,0,0,0.01692437919760364,0,0.0,Low,Low,1.69,0,Low
3324-OIRTO,Male,0,Yes,Yes,71,Yes,No,Fiber optic,Yes,Yes,Yes,No,Yes,Yes,One year,Yes,Bank transfer (automatic),104.65,7288.4,Very Long-term,6,0,1,0,Very High,0,0,0.08554395450488685,0,0.11333333333333333,Low,Low,8.55,0,Low
9135-HSWOC,Male,0,Yes,Yes,64,Yes,No,No,No internet service,No internet service,No internet service,No internet service,No internet service,No internet service,Two year,Yes,Bank transfer (automatic),19.7,1274.05,Very Long-term,1,0,0,0,Low,0,0,0.006698648053972142,0,0.0,Low,Low,0.67,0,Low
2272-WUSPA,Female,0,Yes,No,72,Yes,Yes,Fiber optic,Yes,Yes,Yes,No,Yes,Yes,Two year,Yes,Electronic check,110.75,7751.7,Very Long-term,7,0,1,0,Very High,0,0,0.09399046654753203,0,0.02666666666666667,Low,Low,9.4,0,Low
4627-MIHJH,Female,1,No,No,69,Yes,Yes,Fiber optic,Yes,No,Yes,Yes,Yes,Yes,Two year,No,Credit card (automatic),110.25,7467.55,Very Long-term,7,1,1,0,Very High,0,0,0.049319555323201654,0,0.16666666666666666,Low,Low,4.93,0,Low
3896-RCYYE,Female,0,No,No,67,No,No phone service,DSL,No,No,Yes,Yes,Yes,Yes,Month-to-month,Yes,Credit card (automatic),53.4,3579.15,Very Long-term,4,1,0,1,Medium,0,0,0.14110328967941183,0,0.06333333333333334,Low,Low,14.11,0,Low
6729-GDNGC,Female,1,No,No,20,Yes,No,Fiber optic,No,No,No,No,Yes,No,Month-to-month,No,Bank transfer (automatic),80.7,1614.2,Medium,2,0,0,1,High,0,0,0.38149537436852327,0,0.23333333333333334,Low,Medium,38.15,0,Medium
9945-PSVIP,Female,0,Yes,Yes,25,Yes,No,No,No internet service,No internet service,No internet service,No internet service,No internet service,No internet service,Two year,Yes,Mailed check,18.7,383.65,Long-term,1,0,0,0,Low,0,0,0.021183218194274128,0,0.006666666666666667,Low,Low,2.12,0,Low
4137-JOPHL,Female,0,No,No,50,Yes,No,Fiber optic,No,No,Yes,Yes,No,Yes,Two year,Yes,Bank transfer (automatic),89.7,4304.5,Very Long-term,4,1,0,0,High,0,0,0.07771653992218798,0,0.08333333333333333,Low,Low,7.77,0,Low
2720-FVBQP,Female,0,Yes,Yes,6,Yes,Yes,DSL,No,No,No,No,No,No,Month-to-month,Yes,Credit card (automatic),48.95,273.25,New,2,0,0,1,Medium,0,0,0.43351397777440337,0,0.42333333333333334,Medium,Medium,43.35,0,Medium
7854-EKTJL,Female,0,No,Yes,2,Yes,No,No,No internet service,No internet service,No internet service,No internet service,No internet service,No internet service,Month-to-month,Yes,Electronic check,19.6,35.85,New,1,0,0,1,Low,1,0,0.27039422230622406,0,0.15756538449011498,Low,Low,27.04,0,Low
1133-KXCGE,Female,0,No,No,18,Yes,No,No,No internet service,No internet service,No internet service,No internet service,No internet service,No internet service,One year,No,Mailed check,20.1,407.05,Medium,1,0,0,0,Low,0,0,0.03721425943073226,0,0.02,Low,Low,3.72,0,Low
6048-QBXKL,Female,1,No,No,2,Yes,Yes,DSL,No,Yes,No,No,No,No,Month-to-month,Yes,Credit card (automatic),56.55,118.25,New,3,0,0,1,Medium,0,0,0.4990589727778268,1,0.56,Medium,Medium,49.91,0,Medium
6338-AVWCY,Male,0,No,No,3,No,No phone service,DSL,No,No,Yes,No,Yes,No,Month-to-month,Yes,Mailed check,40.15,130.75,New,2,0,0,1,Medium,1,1,0.6362735742746494,1,0.7066666666666667,High,High,63.63,1,High
0013-MHZWF,Female,0,No,Yes,9,Yes,No,DSL,No,No,No,Yes,Yes,Yes,Month-to-month,Yes,Credit card (automatic),69.4,571.45,New,4,1,0,1,Medium,0,0,0.34056274164717537,0,0.4,Medium,Medium,34.06,0,Medium
9804-ICWBG,Male,0,No,No,1,Yes,No,Fiber optic,No,No,No,No,No,No,Month-to-month,Yes,Electronic check,69.9,69.9,New,1,0,0,1,Medium,1,1,0.7405712677497183,1,1.0,High,High,74.06,1,High
2368-GAKKQ,Female,0,No,No,70,Yes,Yes,Fiber optic,Yes,Yes,Yes,Yes,Yes,Yes,Two year,Yes,Bank transfer (automatic),113.65,7939.25,Very Long-term,8,1,1,0,Very High,0,0,0.05296724752457692,0,0.05,Low,Low,5.3,0,Low
4829-AUOAX,Female,0,No,No,46,Yes,Yes,Fiber optic,No,No,No,No,Yes,Yes,Month-to-month,No,Bank transfer (automatic),96.05,4399.5,Long-term,4,0,0,1,High,1,0,0.3015927390008293,0,0.29333333333333333,Low,Medium,30.16,0,Medium
7876-BEUTG,Female,0,No,No,15,Yes,Yes,DSL,No,No,No,No,No,No,Month-to-month,Yes,Mailed check,48.8,720.1,Medium,2,0,0,1,Medium,0,0,0.32257547976069106,0,0.20333333333333334,Low,Medium,32.26,0,Medium
6349-JDHQP,Female,0,No,No,53,Yes,No,No,No internet service,No internet service,No internet service,No internet service,No internet service,No internet service,Two year,No,Credit card (automatic),19.85,1049.6,Very Long-term,1,0,0,0,Low,0,0,0.008431920839109161,0,0.03333333333333333,Low,Low,0.84,0,Low
3063-QFSZL,Female,0,No,No,1,Yes,No,DSL,No,No,No,No,No,Yes,Month-to-month,Yes,Electronic check,55.4,55.4,New,2,0,0,1,Medium,1,1,0.5908415977896848,0,0.32666666666666666,Medium,Medium,59.08,1,Medium
9142-XMYJH,Female,0,No,No,29,Yes,No,No,No internet service,No internet service,No internet service,No internet service,No internet service,No internet service,Month-to-month,No,Credit card (automatic),19.35,601.6,Long-term,1,0,0,1,Low,0,0,0.05701675650124529,0,0.04666666666666667,Low,Low,5.7,0,Low
2609-IAICY,Female,0,No,No,1,Yes,Yes,Fiber optic,No,No,No,No,No,No,Month-to-month,Yes,Electronic check,77.15,77.15,New,2,0,0,1,High,1,1,0.7814524678283743,1,0.9533333333333334,High,High,78.15,1,High
8626-PTQGE,Male,0,No,No,69,No,No phone service,DSL,Yes,Yes,No,Yes,Yes,Yes,Two year,Yes,Bank transfer (automatic),60.05,4176.7,Very Long-term,5,1,1,0,Medium,0,0,0.01983544924896078,0,0.006666666666666667,Low,Low,1.98,0,Low
0230-UBYPQ,Male,1,Yes,No,63,No,No phone service,DSL,Yes,No,No,Yes,No,No,One year,No,Bank transfer (automatic),36.1,2298.9,Very Long-term,2,1,1,0,Medium,0,0,0.029861952740461266,0,0.07,Low,Low,2.99,0,Low
6814-ZPWFQ,Male,1,No,No,51,Yes,Yes,No,No internet service,No internet service,No internet service,No internet service,No internet service,No internet service,One year,No,Bank transfer (automatic),25.0,1260.7,Very Long-term,2,0,0,0,Low,0,0,0.031901655482747183,0,0.11666666666666667,Low,Low,3.19,0,Low
5921-NGYRH,Male,0,Yes,No,64,Yes,No,Fiber optic,Yes,No,No,No,No,No,Month-to-month,Yes,Mailed check,73.55,4764.0,Very Long-term,2,0,1,1,High,0,0,0.1527554418154349,0,0.15333333333333332,Low,Low,15.28,0,Low
7803-XOCCZ,Female,0,Yes,Yes,52,Yes,No,Fiber optic,Yes,No,Yes,Yes,No,No,Month-to-month,Yes,Bank transfer (automatic),84.05,4326.8,Very Long-term,4,1,1,1,High,0,0,0.13241285142102305,0,0.06,Low,Low,13.24,0,Low
1459-QNFQT,Male,0,Yes,Yes,70,No,No phone service,DSL,Yes,No,Yes,Yes,Yes,Yes,Two year,No,Bank transfer (automatic),59.5,4144.8,Very Long-term,5,1,1,0,Medium,0,0,0.013021260798278665,0,0.0033333333333333335,Low,Low,1.3,0,Low
3948-FVVRP,Male,0,Yes,Yes,9,Yes,No,DSL,No,Yes,No,Yes,No,No,Month-to-month,No,Mailed check,54.8,452.8,New,3,1,0,1,Medium,0,0,0.17433689342237732,0,0.18333333333333332,Low,Low,17.43,0,Low
0923-PNFUB,Female,0,No,No,3,Yes,No,Fiber optic,No,Yes,No,No,Yes,No,Month-to-month,No,Electronic check,83.75,247.25,New,3,0,0,1,High,1,1,0.6476151568986367,0,0.4766666666666667,Medium,High,64.76,1,High
4654-ULTTN,Male,0,Yes,No,70,Yes,Yes,DSL,Yes,No,Yes,Yes,No,Yes,Two year,Yes,Credit card (automatic),74.8,5315.8,Very Long-term,6,1,1,0,High,0,0,0.014313385450600364,0,0.043333333333333335,Low,Low,1.43,0,Low
5628-FCGYG,Male,0,No,No,21,Yes,Yes,Fiber optic,No,No,No,No,No,Yes,Month-to-month,Yes,Electronic check,84.1,1737.45,Medium,3,0,0,1,High,0,1,0.60794692641955,1,0.67,High,High,60.79,1,High
0506-LVNGN,Female,1,No,No,5,Yes,No,Fiber optic,No,No,Yes,No,No,No,Month-to-month,Yes,Credit card (automatic),75.55,349.65,New,2,0,0,1,High,1,1,0.637156765108542,0,0.4766666666666667,Medium,High,63.72,1,High
4329-YPDDQ,Male,0,No,No,20,Yes,No,Fiber optic,Yes,Yes,Yes,Yes,Yes,Yes,Month-to-month,Yes,Bank transfer (automatic),108.2,2203.7,Medium,7,1,1,1,Very High,0,0,0.3481569392422519,0,0.3466666666666667,Medium,Medium,34.82,0,Medium
9866-OCCKE,Female,1,Yes,No,72,Yes,Yes,Fiber optic,Yes,No,Yes,Yes,Yes,Yes,Two year,Yes,Mailed check,109.75,8075.35,Very Long-term,7,1,1,0,Very High,0,0,0.07153718348467938,0,0.023333333333333334,Low,Low,7.15,0,Low
0794-YVSGE,Male,0,Yes,Yes,72,Yes,No,No,No internet service,No internet service,No internet service,No internet service,No internet service,No internet service,Two year,No,Bank transfer (automatic),20.3,1401.15,Very Long-term,1,0,0,0,Low,0,0,0.0032311151671909327,0,0.0,Low,Low,0.32,0,Low
4342-HENTK,Female,1,No,No,2,Yes,No,Fiber optic,No,No,No,No,No,No,Month-to-month,Yes,Electronic check,70.65,142.35,New,1,0,0,1,High,1,1,0.7483859257146857,1,0.8933333333333333,High,High,74.84,1,High
5934-TSSAU,Female,0,Yes,Yes,23,Yes,No,Fiber optic,No,No,Yes,No,No,No,Month-to-month,Yes,Credit card (automatic),75.3,1702.9,Medium,2,0,0,1,High,0,0,0.3044465628361941,0,0.36666666666666664,Medium,Medium,30.44,0,Medium
9986-BONCE,Female,0,No,No,4,Yes,No,No,No internet service,No internet service,No internet service,No internet service,No internet service,No internet service,Month-to-month,No,Bank transfer (automatic),20.95,85.5,New,1,0,0,1,Low,1,0,0.16343015891265503,0,0.15666666666666668,Low,Low,16.34,0,Low
5301-GAUUY,Male,0,No,No,32,Yes,Yes,Fiber optic,No,Yes,No,No,No,No,Month-to-month,Yes,Bank transfer (automatic),80.35,2596.15,Long-term,3,0,0,1,High,1,0,0.3656808953200271,0,0.3233333333333333,Medium,Medium,36.57,0,Medium
0725-CXOTM,Female,0,No,No,36,Yes,Yes,DSL,Yes,No,Yes,Yes,Yes,Yes,One year,Yes,Credit card (automatic),89.65,3348.1,Long-term,7,1,1,0,High,0,0,0.06994800759503719,0,0.056666666666666664,Low,Low,6.99,0,Low
2843-CQMEG,Male,0,No,No,24,Yes,No,DSL,No,Yes,No,No,No,No,Month-to-month,Yes,Mailed check,49.7,1218.25,Medium,2,0,0,1,Medium,0,0,0.16550693581006273,0,0.1,Low,Low,16.55,0,Low
5600-PDUJF,Male,0,No,No,6,Yes,No,DSL,No,No,No,Yes,No,No,Month-to-month,Yes,Credit card (automatic),49.5,312.7,New,2,1,0,1,Medium,0,0,0.3162649378228039,0,0.37666666666666665,Medium,Medium,31.63,0,Medium
4500-HKANN,Male,0,Yes,Yes,23,Yes,Yes,DSL,No,Yes,No,Yes,No,No,Two year,No,Mailed check,59.7,1414.2,Medium,4,1,0,0,Medium,0,0,0.026114321515780185,0,0.02666666666666667,Low,Low,2.61,0,Low
1862-QRWPE,Female,0,Yes,Yes,48,Yes,No,No,No internet service,No internet service,No internet service,No internet service,No internet service,No internet service,Two year,No,Bank transfer (automatic),20.65,1057.0,Long-term,1,0,0,0,Low,0,0,0.0050822120593517995,0,0.016666666666666666,Low,Low,0.51,0,Low
2155-AMQRX,Female,0,No,No,28,Yes,Yes,DSL,No,No,No,Yes,No,No,Month-to-month,Yes,Credit card (automatic),54.9,1505.15,Long-term,3,1,0,1,Medium,0,0,0.18505131363192956,0,0.10333333333333333,Low,Low,18.51,0,Low
0823-HSCDJ,Male,1,No,No,52,No,No phone service,DSL,No,Yes,No,No,Yes,Yes,Month-to-month,Yes,Electronic check,49.15,2550.9,Very Long-term,3,0,0,1,Medium,1,0,0.3872985579343055,0,0.45,Medium,Medium,38.73,0,Medium
4090-KPJIP,Female,0,No,No,3,Yes,Yes,Fiber optic,No,No,No,No,No,No,Month-to-month,Yes,Electronic check,74.95,212.4,New,2,0,0,1,High,0,1,0.7749835564647896,1,0.9133333333333333,High,High,77.5,1,High
2737-YNGYW,Female,0,No,No,2,Yes,No,Fiber optic,No,No,No,No,No,Yes,Month-to-month,No,Electronic check,80.55,184.1,New,2,0,0,1,High,1,1,0.6884024412554147,1,0.8933333333333333,High,High,68.84,1,High
5619-XZZKR,Male,0,No,No,4,Yes,No,No,No internet service,No internet service,No internet service,No internet service,No internet service,No internet service,One year,No,Mailed check,19.95,68.2,New,1,0,0,0,Low,0,0,0.0925011993804092,0,0.0033333333333333335,Low,Low,9.25,0,Low
6047-YHPVI,Male,0,No,No,5,Yes,No,Fiber optic,No,No,No,No,No,No,Month-to-month,Yes,Electronic check,69.7,316.9,New,1,0,0,1,Medium,1,1,0.7089172680746986,1,0.6933333333333334,High,High,70.89,1,High
8375-DKEBR,Female,1,No,No,1,Yes,No,Fiber optic,No,No,No,No,No,No,Month-to-month,Yes,Electronic check,69.6,69.6,New,1,0,0,1,Medium,1,1,0.7669467910543024,1,1.0,High,High,76.69,1,High
7729-XBTWX,Male,0,Yes,Yes,66,Yes,No,No,No internet service,No internet service,No internet service,No internet service,No internet service,No internet service,Two year,Yes,Mailed check,19.75,1344.5,Very Long-term,1,0,0,0,Low,0,0,0.00648412749901056,0,0.013333333333333334,Low,Low,0.65,0,Low
4983-CLMLV,Female,0,Yes,No,52,Yes,Yes,Fiber optic,No,Yes,No,Yes,Yes,Yes,Month-to-month,Yes,Credit card (automatic),102.7,5138.1,Very Long-term,6,1,0,1,Very High,0,0,0.42636740515167304,0,0.3233333333333333,Medium,Medium,42.64,0,Medium
9227-LUNBG,Female,0,No,No,1,No,No phone service,DSL,No,No,No,No,No,No,Month-to-month,No,Electronic check,24.6,24.6,New,0,0,0,1,Low,1,1,0.540305506566259,0,0.2833333333333333,Low,Medium,54.03,1,Medium
2758-RNWXS,Male,0,No,No,35,Yes,No,Fiber optic,Yes,No,No,Yes,No,Yes,One year,Yes,Electronic check,89.2,3251.3,Long-term,4,1,1,0,High,0,0,0.15577784618175974,0,0.13333333333333333,Low,Low,15.58,0,Low
7055-HNEOJ,Male,0,Yes,No,3,Yes,No,DSL,No,No,Yes,Yes,No,No,Month-to-month,Yes,Mailed check,55.8,154.55,New,3,1,0,1,Medium,0,0,0.3569082478224946,0,0.23,Low,Medium,35.69,0,Medium
7134-MJPDY,Female,1,No,No,66,Yes,Yes,Fiber optic,No,No,Yes,Yes,Yes,Yes,One year,Yes,Credit card (automatic),102.85,6976.75,Very Long-term,6,1,0,0,Very High,0,0,0.21725654668278355,0,0.42,Medium,Low,21.73,0,Low
4560-WQAQW,Female,0,No,No,59,Yes,Yes,DSL,Yes,No,No,Yes,No,Yes,One year,No,Bank transfer (automatic),68.7,4070.95,Very Long-term,5,1,1,0,Medium,0,0,0.03231746808302321,0,0.03333333333333333,Low,Low,3.23,0,Low
8532-UEFWH,Male,0,Yes,Yes,52,Yes,Yes,No,No internet service,No internet service,No internet service,No internet service,No internet service,No internet service,Two year,No,Mailed check,25.75,1345.85,Very Long-term,2,0,0,0,Low,0,0,0.011209293869648397,0,0.023333333333333334,Low,Low,1.12,0,Low
8541-QVFKM,Female,0,No,No,8,Yes,Yes,Fiber optic,No,No,No,No,No,No,Month-to-month,Yes,Electronic check,73.5,632.2,New,2,0,0,1,High,0,1,0.7442354171855335,1,0.6533333333333333,High,High,74.42,1,High
7129-ACFOG,Female,0,No,No,5,Yes,Yes,DSL,Yes,No,No,No,No,No,Month-to-month,Yes,Electronic check,53.8,283.95,New,3,0,1,1,Medium,0,0,0.4810006798805777,0,0.2633333333333333,Low,Medium,48.1,0,Medium
2495-INZWQ,Male,0,No,No,4,No,No phone service,DSL,No,No,No,No,Yes,Yes,Month-to-month,Yes,Electronic check,44.55,174.3,New,2,0,0,1,Medium,1,1,0.7486428928895223,1,0.7866666666666666,High,High,74.86,1,High
0263-FJTQO,Male,0,Yes,Yes,50,Yes,Yes,DSL,Yes,No,No,Yes,Yes,No,Two year,Yes,Credit card (automatic),70.5,3486.65,Very Long-term,5,1,1,0,High,0,0,0.02532947602222152,0,0.05,Low,Low,2.53,0,Low
0181-RITDD,Male,0,Yes,Yes,62,Yes,No,Fiber optic,Yes,Yes,Yes,Yes,Yes,Yes,Two year,No,Mailed check,108.15,6825.65,Very Long-term,7,1,1,0,Very High,0,0,0.032691938269186684,0,0.24666666666666667,Low,Low,3.27,0,Low
8241-JUIQO,Female,0,No,No,61,Yes,No,No,No internet service,No internet service,No internet service,No internet service,No internet service,No internet service,One year,No,Bank transfer (automatic),19.45,1336.35,Very Long-term,1,0,0,0,Low,0,0,0.012899158880287422,0,0.013333333333333334,Low,Low,1.29,0,Low
0913-XWSCN,Male,0,Yes,Yes,55,Yes,Yes,Fiber optic,No,No,No,No,No,Yes,Month-to-month,No,Bank transfer (automatic),85.5,4713.4,Very Long-term,3,0,0,1,High,0,0,0.26348318014109384,0,0.26,Low,Low,26.35,0,Low
2159-TURXX,Male,0,No,No,5,Yes,No,No,No internet service,No internet service,No internet service,No internet service,No internet service,No internet service,Month-to-month,No,Credit card (automatic),20.05,95.55,New,1,0,0,1,Low,0,0,0.15960330623389143,0,0.14,Low,Low,15.96,0,Low
6461-PPAXN,Female,0,Yes,Yes,35,Yes,No,DSL,Yes,No,No,Yes,No,No,One year,Yes,Bank transfer (automatic),54.95,1916.0,Long-term,3,1,1,0,Medium,0,0,0.032298326161012206,0,0.013333333333333334,Low,Low,3.23,0,Low
1452-KIOVK,Male,0,No,Yes,22,Yes,Yes,Fiber optic,No,Yes,No,No,Yes,No,Month-to-month,Yes,Credit card (automatic),89.1,1949.4,Medium,4,0,0,1,High,0,0,0.40983980377690266,1,0.5233333333333333,Medium,Medium,40.98,0,Medium
1139-WUOAH,Male,0,No,No,57,No,No phone service,DSL,No,No,Yes,Yes,Yes,Yes,Two year,No,Credit card (automatic),53.35,3090.05,Very Long-term,4,1,0,0,Medium,0,0,0.03817777667000244,0,0.016666666666666666,Low,Low,3.82,0,Low
3207-OYBWH,Male,1,Yes,No,57,Yes,Yes,Fiber optic,No,Yes,Yes,No,No,Yes,Month-to-month,Yes,Bank transfer (automatic),95.25,5427.05,Very Long-term,5,0,0,1,High,1,0,0.3687417857518527,0,0.22666666666666666,Low,Medium,36.87,0,Medium
8347-GDTMP,Female,0,Yes,No,64,Yes,No,No,No internet service,No internet service,No internet service,No internet service,No internet service,No internet service,Two year,No,Credit card (automatic),19.45,1225.65,Very Long-term,1,0,0,0,Low,0,0,0.005492923528469208,0,0.0033333333333333335,Low,Low,0.55,0,Low
9909-DFRJA,Female,0,No,No,26,Yes,No,Fiber optic,Yes,No,Yes,Yes,No,Yes,One year,Yes,Bank transfer (automatic),95.85,2475.35,Long-term,5,1,1,0,High,0,0,0.14495380560357407,0,0.17333333333333334,Low,Low,14.5,0,Low
6383-ZTSIW,Female,1,Yes,No,39,Yes,No,Fiber optic,Yes,Yes,No,No,Yes,Yes,One year,No,Mailed check,99.1,3877.95,Long-term,5,0,1,0,High,0,0,0.12616129630349265,0,0.2,Low,Low,12.62,0,Low
5438-QMDDL,Female,0,Yes,No,19,Yes,No,DSL,No,Yes,No,No,No,Yes,Month-to-month,Yes,Mailed check,59.8,1130.85,Medium,3,0,0,1,Medium,0,0,0.23907333906595238,0,0.25333333333333335,Low,Low,23.91,0,Low
8914-RBTSB,Male,0,Yes,No,31,Yes,Yes,Fiber optic,No,Yes,Yes,No,Yes,No,Month-to-month,No,Electronic check,93.8,3019.5,Long-term,5,0,0,1,High,1,0,0.44417560602528466,0,0.28,Low,Medium,44.42,0,Medium
6164-HXUGH,Female,0,Yes,Yes,6,Yes,No,No,No internet service,No internet service,No internet service,No internet service,No internet service,No internet service,Month-to-month,No,Mailed check,19.85,119.3,New,1,0,0,1,Low,0,0,0.1397206586864464,0,0.07,Low,Low,13.97,0,Low
6900-RBKER,Male,0,No,No,52,Yes,Yes,Fiber optic,No,No,Yes,No,No,Yes,Two year,Yes,Credit card (automatic),89.45,4577.75,Very Long-term,4,0,0,0,High,0,0,0.13478916492804963,0,0.09666666666666666,Low,Low,13.48,0,Low
1492-QGCLU,Male,0,Yes,Yes,53,Yes,Yes,DSL,Yes,No,Yes,Yes,Yes,Yes,Month-to-month,No,Electronic check,85.7,4616.1,Very Long-term,7,1,1,1,High,0,0,0.11573454521437766,0,0.13,Low,Low,11.57,0,Low
6664-FPDAC,Female,1,No,No,56,Yes,Yes,Fiber optic,No,Yes,Yes,Yes,Yes,Yes,One year,Yes,Electronic check,111.95,6418.9,Very Long-term,7,1,0,0,Very High,1,0,0.32119675339402504,0,0.2733333333333333,Low,Medium,32.12,0,Medium
1088-AUUZZ,Male,0,Yes,Yes,56,Yes,Yes,DSL,Yes,Yes,No,Yes,No,Yes,Two year,Yes,Credit card (automatic),75.85,4261.2,Very Long-term,6,1,1,0,High,0,0,0.0169961776895918,0,0.01,Low,Low,1.7,0,Low
6651-AZVTJ,Male,0,Yes,Yes,49,Yes,Yes,Fiber optic,No,No,Yes,No,Yes,Yes,Month-to-month,Yes,Electronic check,99.8,4872.45,Very Long-term,5,0,0,1,High,1,1,0.5496788975298367,1,0.5733333333333334,Medium,Medium,54.97,1,Medium
8219-VYBVI,Male,0,No,Yes,39,Yes,Yes,No,No internet service,No internet service,No internet service,No internet service,No internet service,No internet service,Two year,No,Mailed check,25.0,1004.35,Long-term,2,0,0,0,Low,0,0,0.01088542649979059,0,0.0033333333333333335,Low,Low,1.09,0,Low
0310-MVLET,Female,0,Yes,Yes,61,Yes,Yes,Fiber optic,No,Yes,No,No,Yes,Yes,Month-to-month,Yes,Electronic check,99.15,6010.05,Very Long-term,5,0,0,1,High,1,0,0.3953798049544011,0,0.30666666666666664,Medium,Medium,39.54,0,Medium
7233-IOQNP,Female,0,Yes,No,43,No,No phone service,DSL,Yes,No,No,Yes,No,No,Month-to-month,No,Bank transfer (automatic),34.0,1505.35,Long-term,2,1,1,1,Low,0,0,0.05712737548878474,0,0.23666666666666666,Low,Low,5.71,0,Low
7311-MQJCH,Female,0,No,No,5,Yes,No,No,No internet service,No internet service,No internet service,No internet service,No internet service,No internet service,One year,No,Electronic check,19.55,99.6,New,1,0,0,0,Low,0,0,0.1166384537646975,0,0.04,Low,Low,11.66,0,Low
9256-JTBNZ,Female,0,No,No,11,Yes,No,No,No internet service,No internet service,No internet service,No internet service,No internet service,No internet service,Month-to-month,No,Bank transfer (automatic),20.3,246.3,New,1,0,0,1,Low,0,0,0.12780324507859742,0,0.13,Low,Low,12.78,0,Low
8713-IGZSO,Male,0,No,No,2,Yes,Yes,No,No internet service,No internet service,No internet service,No internet service,No internet service,No internet service,Month-to-month,No,Mailed check,24.85,62.0,New,2,0,0,1,Low,0,0,0.24463075798363984,0,0.03666666666666667,Low,Low,24.46,0,Low
6821-BUXUX,Female,0,No,No,13,Yes,Yes,Fiber optic,Yes,Yes,No,No,Yes,No,Month-to-month,Yes,Electronic check,96.65,1244.5,Medium,5,0,1,1,High,1,1,0.5265427061296032,1,0.7233333333333334,High,Medium,52.65,1,Medium
9114-DPSIA,Male,0,Yes,Yes,72,Yes,Yes,DSL,Yes,Yes,Yes,Yes,No,Yes,Two year,No,Credit card (automatic),81.0,5750.0,Very Long-term,7,1,1,0,High,0,0,0.006167944662940278,0,0.0,Low,Low,0.62,0,Low
4501-UYKBC,Female,1,No,No,46,Yes,Yes,DSL,No,No,Yes,Yes,No,Yes,One year,Yes,Credit card (automatic),69.1,3255.35,Long-term,5,1,0,0,Medium,0,0,0.07263519721408523,0,0.10666666666666667,Low,Low,7.26,0,Low
2798-NYLMZ,Male,0,Yes,No,71,Yes,Yes,Fiber optic,Yes,No,Yes,Yes,Yes,Yes,Two year,Yes,Credit card (automatic),108.55,7616.0,Very Long-term,7,1,1,0,Very High,0,0,0.061199333015405366,0,0.2966666666666667,Low,Low,6.12,0,Low
6711-VTNRE,Female,0,No,No,36,Yes,No,Fiber optic,No,No,Yes,Yes,No,Yes,Month-to-month,Yes,Electronic check,87.55,3078.1,Long-term,4,1,0,1,High,1,0,0.35356590652940445,0,0.23333333333333334,Low,Medium,35.36,0,Medium
5966-EMAZU,Male,0,Yes,No,64,Yes,Yes,Fiber optic,Yes,No,Yes,Yes,Yes,Yes,One year,Yes,Mailed check,108.5,6880.85,Very Long-term,7,1,1,0,Very High,0,0,0.16107061953772644,0,0.13333333333333333,Low,Low,16.11,0,Low
3627-FHKBK,Female,0,No,No,1,Yes,No,Fiber optic,Yes,No,No,No,No,No,Month-to-month,No,Mailed check,75.3,75.3,New,2,0,1,1,High,1,0,0.47176417173469953,1,0.5409559260659674,Medium,Medium,47.18,0,Medium
7861-UVUFT,Female,0,Yes,No,15,Yes,No,Fiber optic,No,No,Yes,No,Yes,No,Month-to-month,Yes,Electronic check,84.3,1308.4,Medium,3,0,0,1,High,1,1,0.5850800818214418,1,0.5766666666666667,Medium,Medium,58.51,1,Medium
9824-QCJPK,Male,0,Yes,No,36,Yes,No,No,No internet service,No internet service,No internet service,No internet service,No internet service,No internet service,One year,No,Mailed check,20.0,666.75,Long-term,1,0,0,0,Low,0,0,0.023273935100731474,0,0.0033333333333333335,Low,Low,2.33,0,Low
7816-VGHTO,Female,0,Yes,Yes,6,No,No phone service,DSL,No,Yes,Yes,Yes,No,No,Two year,No,Mailed check,40.55,217.5,New,3,1,0,0,Medium,0,0,0.08449087750505502,0,0.12,Low,Low,8.45,0,Low
3794-NFNCH,Male,0,Yes,No,30,Yes,No,DSL,No,No,Yes,No,No,No,Month-to-month,Yes,Mailed check,50.0,1474.9,Long-term,2,0,0,1,Medium,0,0,0.1912221126270636,0,0.06333333333333334,Low,Low,19.12,0,Low
3877-JRJIP,Male,0,No,No,1,Yes,Yes,DSL,No,No,No,No,Yes,No,Month-to-month,Yes,Electronic check,59.85,59.85,New,3,0,0,1,Medium,1,1,0.6732801531381996,0,0.43666666666666665,Medium,High,67.33,1,High
5228-EXCET,Male,0,No,No,13,Yes,No,Fiber optic,No,No,No,No,No,Yes,Month-to-month,Yes,Electronic check,80.85,1008.7,Medium,2,0,0,1,High,1,1,0.5961715176310388,0,0.29,Low,Medium,59.62,1,Medium
6248-BSHKG,Male,0,Yes,Yes,61,Yes,No,No,No internet service,No internet service,No internet service,No internet service,No internet service,No internet service,One year,No,Mailed check,20.4,1226.45,Very Long-term,1,0,0,0,Low,0,0,0.011373711079343743,0,0.02,Low,Low,1.14,0,Low
8915-NNTRC,Male,0,Yes,Yes,72,Yes,Yes,Fiber optic,Yes,Yes,No,Yes,Yes,Yes,Two year,Yes,Credit card (automatic),107.7,7919.8,Very Long-term,7,1,1,0,Very High,0,0,0.04293867843956257,0,0.0033333333333333335,Low,Low,4.29,0,Low
3470-OBUET,Female,0,Yes,Yes,67,Yes,Yes,DSL,Yes,Yes,No,Yes,Yes,No,Two year,No,Credit card (automatic),74.0,4868.4,Very Long-term,6,1,1,0,High,0,0,0.007659560928499966,0,0.04,Low,Low,0.77,0,Low
3229-USWAR,Female,0,No,No,34,Yes,No,DSL,Yes,No,Yes,Yes,Yes,Yes,One year,Yes,Bank transfer (automatic),79.95,2727.3,Long-term,6,1,1,0,High,0,0,0.060115161472760414,0,0.1,Low,Low,6.01,0,Low
1927-QEWMY,Female,0,Yes,No,72,Yes,No,No,No internet service,No internet service,No internet service,No internet service,No internet service,No internet service,Two year,No,Credit card (automatic),20.5,1502.25,Very Long-term,1,0,0,0,Low,0,0,0.0038441201428516263,0,0.0,Low,Low,0.38,0,Low
6374-AFWOX,Male,0,Yes,No,46,Yes,No,DSL,Yes,Yes,Yes,Yes,No,No,Two year,No,Mailed check,65.65,3047.15,Long-term,5,1,1,0,Medium,0,0,0.0075841834609239375,0,0.013333333333333334,Low,Low,0.76,0,Low
7912-SYRQT,Female,0,No,No,7,Yes,Yes,Fiber optic,No,No,No,No,No,No,Month-to-month,Yes,Bank transfer (automatic),75.1,552.95,New,2,0,0,1,High,1,1,0.6710629669325152,0,0.4633333333333333,Medium,High,67.11,1,High
2070-FNEXE,Female,1,No,No,7,Yes,No,Fiber optic,Yes,No,No,No,No,No,Month-to-month,No,Bank transfer (automatic),76.45,503.6,New,2,0,1,1,High,1,0,0.4315836824296223,0,0.35,Medium,Medium,43.16,0,Medium
5803-NQJZO,Male,0,Yes,No,72,Yes,Yes,DSL,Yes,Yes,Yes,Yes,No,No,Two year,Yes,Bank transfer (automatic),67.8,4804.65,Very Long-term,6,1,1,0,Medium,0,0,0.009414508832128642,0,0.006666666666666667,Low,Low,0.94,0,Low
5651-YLPRD,Female,0,Yes,Yes,32,Yes,No,Fiber optic,No,Yes,No,No,Yes,No,Month-to-month,Yes,Electronic check,86.1,2723.75,Long-term,3,0,0,1,High,0,0,0.38113363879662554,0,0.42,Medium,Medium,38.11,0,Medium
1271-UODNO,Male,0,No,No,39,Yes,Yes,DSL,No,No,No,Yes,No,No,Two year,Yes,Credit card (automatic),53.85,2200.7,Long-term,3,1,0,0,Medium,0,0,0.03325209240999688,0,0.12,Low,Low,3.33,0,Low
5014-WUQMG,Male,0,Yes,Yes,47,Yes,No,Fiber optic,Yes,Yes,Yes,No,No,Yes,One year,Yes,Electronic check,96.1,4391.45,Long-term,5,0,1,0,High,0,0,0.09871649498818949,0,0.13666666666666666,Low,Low,9.87,0,Low
5889-JTMUL,Female,1,Yes,No,50,Yes,Yes,Fiber optic,No,Yes,Yes,No,Yes,No,Month-to-month,Yes,Electronic check,95.05,4888.7,Very Long-term,5,0,0,1,High,1,1,0.5228479503067565,0,0.4533333333333333,Medium,Medium,52.28,1,Medium
0788-DXBFY,Male,0,Yes,Yes,58,Yes,No,No,No internet service,No internet service,No internet service,No internet service,No internet service,No internet service,One year,Yes,Electronic check,19.55,1108.8,Very Long-term,1,0,0,0,Low,0,0,0.02564549568435995,0,0.02,Low,Low,2.56,0,Low
2669-QVCRG,Female,0,No,No,41,Yes,Yes,Fiber optic,Yes,No,No,No,No,No,Month-to-month,Yes,Credit card (automatic),81.3,3190.65,Long-term,3,0,1,1,High,0,0,0.23098268142501688,0,0.32,Medium,Low,23.1,0,Low
6630-UJZMY,Female,1,Yes,No,4,Yes,Yes,Fiber optic,No,No,No,No,Yes,No,Month-to-month,Yes,Electronic check,83.25,308.05,New,3,0,0,1,High,0,1,0.838709363522919,1,0.8,High,High,83.87,1,High
5061-PBXFW,Female,0,Yes,Yes,32,Yes,No,DSL,Yes,Yes,No,Yes,No,No,Month-to-month,No,Bank transfer (automatic),61.4,1864.65,Long-term,4,1,1,1,Medium,0,0,0.04257397854906061,0,0.07,Low,Low,4.26,0,Low
2700-LUEVA,Male,0,No,No,1,Yes,No,No,No internet service,No internet service,No internet service,No internet service,No internet service,No internet service,Month-to-month,No,Credit card (automatic),20.75,20.75,New,1,0,0,1,Low,0,0,0.18208069258039525,0,0.0486019544583158,Low,Low,18.21,0,Low
3865-ZFZIB,Male,0,No,No,19,Yes,No,No,No internet service,No internet service,No internet service,No internet service,No internet service,No internet service,Two year,No,Mailed check,19.65,358.15,Medium,1,0,0,0,Low,0,0,0.017748844679019514,0,0.0033333333333333335,Low,Low,1.77,0,Low
0471-ARVMX,Female,1,Yes,No,62,Yes,Yes,Fiber optic,Yes,No,Yes,No,Yes,Yes,One year,Yes,Electronic check,104.85,6312.9,Very Long-term,6,0,1,0,Very High,0,0,0.30661714186917394,0,0.30666666666666664,Medium,Medium,30.66,0,Medium
8985-OOPOS,Female,0,No,No,1,Yes,No,DSL,No,No,Yes,Yes,Yes,Yes,One year,No,Credit card (automatic),74.1,74.1,New,5,1,0,0,High,0,0,0.2142954873195389,0,0.26666666666666666,Low,Low,21.43,0,Low
0719-SYFRB,Female,0,No,No,12,Yes,Yes,DSL,Yes,No,Yes,Yes,No,No,Month-to-month,Yes,Mailed check,61.65,713.75,New,5,1,1,1,Medium,1,0,0.26648662797874184,0,0.27666666666666667,Low,Low,26.65,0,Low
0447-BEMNG,Female,0,Yes,No,48,No,No phone service,DSL,Yes,No,Yes,No,No,Yes,Month-to-month,Yes,Bank transfer (automatic),45.3,2145.0,Long-term,3,0,1,1,Medium,1,0,0.13331632702502172,0,0.16333333333333333,Low,Low,13.33,0,Low
5630-AHZIL,Female,0,No,Yes,3,Yes,No,DSL,Yes,No,No,Yes,No,Yes,Month-to-month,Yes,Bank transfer (automatic),64.5,177.4,New,4,1,1,1,Medium,0,0,0.26140219429456923,0,0.21,Low,Low,26.14,0,Low
2190-BCXEC,Female,0,Yes,No,40,Yes,Yes,Fiber optic,No,No,No,Yes,No,No,Month-to-month,Yes,Credit card (automatic),78.85,3126.85,Long-term,3,1,0,1,High,0,0,0.26439166029966044,0,0.31,Medium,Low,26.44,0,Low
1559-DTODC,Male,0,No,No,19,No,No phone service,DSL,No,No,No,No,No,No,Month-to-month,Yes,Bank transfer (automatic),25.15,468.35,Medium,0,0,0,1,Low,0,0,0.28064500198254544,0,0.14333333333333334,Low,Low,28.06,0,Low
3244-DCJWY,Female,0,No,No,1,Yes,No,Fiber optic,No,No,No,No,No,No,Month-to-month,Yes,Electronic check,70.25,70.25,New,1,0,0,1,High,1,1,0.7279589263278755,0,0.27,Low,High,72.8,1,High
3967-VQOGC,Female,0,Yes,Yes,67,Yes,Yes,No,No internet service,No internet service,No internet service,No internet service,No internet service,No internet service,Two year,Yes,Mailed check,24.9,1680.25,Very Long-term,2,0,0,0,Low,0,0,0.0085744223011564,0,0.01,Low,Low,0.86,0,Low
0265-PSUAE,Female,0,Yes,Yes,16,Yes,No,Fiber optic,Yes,No,Yes,No,Yes,Yes,Month-to-month,No,Bank transfer (automatic),100.7,1522.7,Medium,5,0,1,1,Very High,0,0,0.3623305507662624,0,0.46,Medium,Medium,36.23,0,Medium
1622-HSHSF,Female,0,No,No,1,Yes,No,No,No internet service,No internet service,No internet service,No internet service,No internet service,No internet service,Month-to-month,Yes,Mailed check,19.55,19.55,New,1,0,0,1,Low,0,0,0.25929301465394067,0,0.1961221545846739,Low,Low,25.93,0,Low
9867-XOBQA,Female,0,No,Yes,21,No,No phone service,DSL,Yes,Yes,Yes,Yes,Yes,No,Two year,No,Mailed check,53.15,1183.2,Medium,5,1,1,0,Medium,0,0,0.0288771335312692,0,0.02,Low,Low,2.89,0,Low
6773-LQTVT,Female,1,Yes,Yes,29,No,No phone service,DSL,No,Yes,Yes,No,No,No,Month-to-month,Yes,Mailed check,35.65,1025.15,Long-term,2,0,0,1,Medium,0,0,0.2498013281686211,0,0.25666666666666665,Low,Low,24.98,0,Low
4332-MUOEZ,Male,1,Yes,Yes,20,Yes,No,Fiber optic,Yes,No,Yes,Yes,No,Yes,One year,No,Credit card (automatic),94.3,1818.3,Medium,5,1,1,0,High,0,0,0.10404811635284593,0,0.16333333333333333,Low,Low,10.4,0,Low
0023-XUOPT,Female,0,Yes,No,13,Yes,Yes,Fiber optic,No,Yes,Yes,No,Yes,No,Month-to-month,No,Electronic check,94.1,1215.6,Medium,5,0,0,1,High,1,1,0.5508198627764331,1,0.51,Medium,Medium,55.08,1,Medium
6543-CPZMK,Male,0,Yes,Yes,9,No,No phone service,DSL,No,Yes,No,No,No,No,Month-to-month,Yes,Electronic check,29.95,248.95,New,1,0,0,1,Low,1,0,0.46348182463580556,0,0.33666666666666667,Medium,Medium,46.35,0,Medium
6418-HNFED,Male,0,Yes,No,51,Yes,No,DSL,Yes,Yes,Yes,Yes,Yes,Yes,Two year,Yes,Credit card (automatic),83.25,4089.45,Very Long-term,7,1,1,0,High,0,0,0.023865651612678396,0,0.0,Low,Low,2.39,0,Low
1036-GUDCL,Male,0,Yes,Yes,60,Yes,No,DSL,Yes,Yes,No,Yes,Yes,Yes,Month-to-month,Yes,Credit card (automatic),79.05,4663.4,Very Long-term,6,1,1,1,High,0,0,0.05745710812236096,0,0.06333333333333334,Low,Low,5.75,0,Low
4818-QIUFN,Female,1,No,No,20,Yes,Yes,Fiber optic,Yes,No,No,No,No,No,Month-to-month,Yes,Electronic check,79.15,1520.9,Medium,3,0,1,1,High,1,0,0.49198871294198887,1,0.52,Medium,Medium,49.2,0,Medium
0778-NELLA,Male,0,No,No,9,No,No phone service,DSL,No,No,No,No,Yes,No,Month-to-month,Yes,Credit card (automatic),34.7,296.1,New,1,0,0,1,Low,1,1,0.5141496769884103,0,0.2833333333333333,Low,Medium,51.41,1,Medium
7495-OOKFY,Female,1,Yes,No,8,Yes,Yes,Fiber optic,No,Yes,No,No,No,No,Month-to-month,Yes,Credit card (automatic),80.65,633.3,New,3,0,0,1,High,1,1,0.657996531700219,1,0.74,High,High,65.8,1,High
4737-HOBAX,Male,0,Yes,No,63,Yes,Yes,DSL,No,No,Yes,Yes,Yes,Yes,Two year,No,Credit card (automatic),79.8,5034.05,Very Long-term,6,1,0,0,High,0,0,0.024731242396062433,0,0.01,Low,Low,2.47,0,Low
7919-ZODZZ,Female,0,Yes,Yes,10,Yes,No,DSL,No,Yes,Yes,No,No,Yes,One year,Yes,Mailed check,65.9,660.05,New,4,0,0,0,Medium,0,0,0.19271420465418623,0,0.27666666666666667,Low,Low,19.27,0,Low
2988-PLAHS,Female,0,No,No,3,Yes,No,DSL,No,No,Yes,No,Yes,Yes,One year,Yes,Electronic check,69.95,220.45,New,4,0,0,0,Medium,0,0,0.44018762668993927,0,0.43666666666666665,Medium,Medium,44.02,0,Medium
9067-SQTNS,Male,0,Yes,Yes,44,Yes,No,No,No internet service,No internet service,No internet service,No internet service,No internet service,No internet service,One year,No,Bank transfer (automatic),20.6,926.0,Long-term,1,0,0,0,Low,0,0,0.012746617722027613,0,0.0033333333333333335,Low,Low,1.27,0,Low
6483-OATDN,Male,0,Yes,Yes,8,Yes,No,DSL,Yes,No,No,No,No,No,Month-to-month,Yes,Credit card (automatic),51.3,411.6,New,2,0,1,1,Medium,0,0,0.24687883798262342,0,0.21666666666666667,Low,Low,24.69,0,Low
5469-CTCWN,Male,0,Yes,Yes,61,Yes,Yes,Fiber optic,Yes,Yes,No,No,Yes,Yes,One year,Yes,Electronic check,106.0,6547.7,Very Long-term,6,0,1,0,Very High,1,0,0.21742545501307559,0,0.12333333333333334,Low,Low,21.74,0,Low
3524-WQDSG,Female,0,Yes,Yes,43,Yes,Yes,Fiber optic,No,No,Yes,No,Yes,Yes,Month-to-month,Yes,Bank transfer (automatic),99.3,4209.95,Long-term,5,0,0,1,High,0,0,0.3759267124788152,0,0.43,Medium,Medium,37.59,0,Medium
6968-URWQU,Male,0,Yes,No,43,Yes,No,DSL,No,No,No,No,Yes,No,One year,Yes,Mailed check,56.35,2391.15,Long-term,2,0,0,0,Medium,0,0,0.07739014289965747,0,0.17333333333333334,Low,Low,7.74,0,Low
8601-QACRS,Female,0,No,No,5,Yes,Yes,DSL,No,No,No,No,No,No,Month-to-month,Yes,Mailed check,50.6,249.95,New,2,0,0,1,Medium,1,0,0.49690482756011156,1,0.63,High,Medium,49.69,0,Medium
8690-UPCZI,Male,0,Yes,Yes,29,Yes,Yes,DSL,Yes,No,No,Yes,Yes,No,One year,No,Bank transfer (automatic),69.05,1958.45,Long-term,5,1,1,0,Medium,0,0,0.05127486926281702,0,0.02,Low,Low,5.13,0,Low
5331-RGMTT,Male,1,Yes,No,54,Yes,Yes,Fiber optic,No,No,Yes,No,Yes,Yes,Month-to-month,Yes,Credit card (automatic),99.05,5295.7,Very Long-term,5,0,0,1,High,0,0,0.4993441910287087,1,0.6133333333333333,High,Medium,49.93,0,Medium
1357-BIJKI,Male,0,Yes,No,50,Yes,Yes,Fiber optic,No,Yes,No,No,Yes,Yes,One year,Yes,Electronic check,98.25,4858.7,Very Long-term,5,0,0,0,High,0,0,0.3777671646502986,0,0.38,Medium,Medium,37.78,0,Medium
2088-IEBAU,Female,0,No,No,68,Yes,Yes,DSL,Yes,Yes,Yes,Yes,Yes,Yes,Two year,Yes,Electronic check,88.15,6148.45,Very Long-term,8,1,1,0,High,0,0,0.0244228220759716,0,0.01,Low,Low,2.44,0,Low
0679-IDSTG,Female,1,Yes,Yes,1,Yes,No,Fiber optic,No,No,No,No,No,No,Month-to-month,Yes,Electronic check,69.25,69.25,New,1,0,0,1,Medium,1,1,0.7360613739945099,1,0.8966666666666666,High,High,73.61,1,High
6519-ZHPXP,Female,0,Yes,Yes,72,Yes,No,Fiber optic,Yes,Yes,Yes,Yes,Yes,Yes,Two year,Yes,Bank transfer (automatic),108.3,7679.65,Very Long-term,7,1,1,0,Very High,0,0,0.02990617992352775,0,0.02,Low,Low,2.99,0,Low
2101-RANCD,Female,0,No,No,55,Yes,Yes,Fiber optic,No,No,No,No,No,No,Month-to-month,Yes,Electronic check,73.1,4144.9,Very Long-term,2,0,0,1,High,0,0,0.4141202269615347,1,0.5266666666666666,Medium,Medium,41.41,0,Medium
4029-HPFVY,Male,0,No,No,3,Yes,No,Fiber optic,No,No,No,No,No,No,Month-to-month,Yes,Mailed check,70.3,220.4,New,1,0,0,1,High,0,1,0.6479604446560885,1,0.6128234250827108,High,High,64.8,1,High
1015-OWJKI,Male,0,No,No,1,Yes,No,No,No internet service,No internet service,No internet service,No internet service,No internet service,No internet service,Month-to-month,No,Mailed check,19.05,19.05,New,1,0,0,1,Low,0,0,0.1983302954425152,0,0.01,Low,Low,19.83,0,Low
8314-HTWVE,Female,0,Yes,Yes,7,Yes,No,No,No internet service,No internet service,No internet service,No internet service,No internet service,No internet service,Two year,No,Mailed check,19.85,144.15,New,1,0,0,0,Low,0,0,0.034253366337507626,0,0.03,Low,Low,3.43,0,Low
5357-TZHPP,Male,1,No,No,9,Yes,Yes,Fiber optic,No,No,No,No,No,Yes,Month-to-month,Yes,Credit card (automatic),84.4,732.5,New,3,0,0,1,High,1,1,0.736177359578059,1,0.6766666666666666,High,High,73.62,1,High
8727-XDPUD,Male,0,No,No,37,No,No phone service,DSL,No,No,No,No,Yes,No,Two year,No,Credit card (automatic),35.8,1316.9,Long-term,1,0,0,0,Medium,0,0,0.05226443938047076,0,0.09333333333333334,Low,Low,5.23,0,Low
9073-ZZIAY,Male,0,Yes,Yes,62,Yes,No,DSL,Yes,Yes,Yes,Yes,Yes,Yes,Two year,No,Electronic check,86.1,5215.25,Very Long-term,7,1,1,0,High,0,0,0.012252013234242742,0,0.006666666666666667,Low,Low,1.23,0,Low
5181-OABFK,Female,0,Yes,Yes,56,Yes,No,DSL,Yes,Yes,Yes,No,No,No,Two year,Yes,Credit card (automatic),61.3,3346.8,Very Long-term,4,0,1,0,Medium,0,0,0.013176007490701854,0,0.013333333333333334,Low,Low,1.32,0,Low
3812-LRZIR,Female,0,Yes,Yes,27,Yes,Yes,No,No internet service,No internet service,No internet service,No internet service,No internet service,No internet service,Two year,No,Electronic check,24.5,761.95,Long-term,2,0,0,0,Low,0,0,0.025275039477984335,0,0.09,Low,Low,2.53,0,Low
5204-HMGYF,Female,0,Yes,Yes,49,Yes,No,DSL,Yes,Yes,Yes,Yes,Yes,Yes,One year,Yes,Mailed check,87.2,4345.0,Very Long-term,7,1,1,0,High,0,0,0.043082339374335935,0,0.09,Low,Low,4.31,0,Low
9950-MTGYX,Male,0,Yes,Yes,28,Yes,No,No,No internet service,No internet service,No internet service,No internet service,No internet service,No internet service,Two year,Yes,Credit card (automatic),20.3,487.95,Long-term,1,0,0,0,Low,0,0,0.017188531485162032,0,0.0,Low,Low,1.72,0,Low
3675-EQOZA,Male,0,No,No,5,Yes,No,No,No internet service,No internet service,No internet service,No internet service,No internet service,No internet service,Month-to-month,No,Bank transfer (automatic),20.65,93.55,New,1,0,0,1,Low,0,0,0.16064252253096487,0,0.043333333333333335,Low,Low,16.06,0,Low
3646-ITDGM,Female,0,No,No,56,Yes,No,No,No internet service,No internet service,No internet service,No internet service,No internet service,No internet service,Two year,No,Bank transfer (automatic),19.7,1051.9,Very Long-term,1,0,0,0,Low,0,0,0.007560413804888522,0,0.11666666666666667,Low,Low,0.76,0,Low
3913-FCUUW,Female,0,Yes,Yes,72,Yes,Yes,DSL,Yes,Yes,Yes,Yes,No,No,Two year,Yes,Bank transfer (automatic),70.45,5165.7,Very Long-term,6,1,1,0,High,0,0,0.007001534915584423,0,0.02,Low,Low,0.7,0,Low
